lsoa_code,lsoa_name,la_name,wimd_2025_rank,income_rank,employment_rank,health_rank,education_rank,access_rank,housing_rank,community_safety_rank,physical_env_rank,wimd_2025_score,income_score,employment_score,health_score,education_score,access_score,housing_score,community_safety_score,physical_env_score,drd_category,wimd_2019_rank,wimd_2014_rank,wimd_2011_rank,wimd_2008_rank,wimd_2005_rank,ruc_code,ruc_name,rural_urban,access_rank_gap,housing_rank_gap
W01000003,Amlwch Port,Isle of Anglesey,570,407,589,566,607,1301,618,582,820,26.1163711385233,34.6183786555975,26.5183901566588,27.3977881755914,25.8528784830079,8.79236787018381,25.4554579816815,26.7824915091031,19.1645201635088,LSOAs never ranked in top 50 most deprived,550,500,527,459,547,RLF1,Larger rural: Further from a major town or city,Rural,731,48
W01000004,Amlwch Rural,Isle of Anglesey,1132,1215,1061,1574,637,263,844,1447,1543,15.7235856476016,10.3357026259726,13.388049625384,4.48389817521544,24.7847753801216,43.9675312221797,18.5197093709096,6.38838697965858,4.93443101457545,LSOAs never ranked in top 50 most deprived,1100,1126,768,811,715,RSF1,Smaller rural: Further from a major town or city,Rural,-869,-288
W01000005,Beaumaris,Isle of Anglesey,676,719,810,983,428,491,792,718,375,23.4807198176863,22.095569808014705,19.4386197060457,15.1037513169693,33.524474867068,30.5240802001074,19.9403841096694,22.1265411904144,36.3922338075472,LSOAs never ranked in top 50 most deprived,1065,1231,1032,1137,1182,RLF1,Larger rural: Further from a major town or city,Rural,-185,116
W01000006,Bodffordd,Isle of Anglesey,991,1309,1227,1104,1301,145,180,1462,1870,17.6457297370363,8.65393010916411,10.1140357324734,12.4942256906992,8.79236787018381,56.1411768663389,51.8149142947811,6.15505949084693,0.575593267767309,LSOAs never ranked in top 50 most deprived,1116,933,917,846,839,RSF1,Smaller rural: Further from a major town or city,Rural,-846,-811
W01000007,Bodorgan,Isle of Anglesey,1026,1168,1201,1742,1417,113,175,1441,1622,17.202879096119,11.225070745121,10.5970433761167,2.18488617544616,6.86226541397567,60.9654380577152,52.3853202108301,6.48238480299949,3.8032581559873706,LSOAs never ranked in top 50 most deprived,1036,972,870,879,797,RSF1,Smaller rural: Further from a major town or city,Rural,-913,-851
W01000008,Braint,Isle of Anglesey,1833,1615,1680,1622,1736,1686,1397,1566,1523,3.77756370550055,3.90127238409541,3.0068182690504,3.8032581559873706,2.26315653907452,2.92598033764537,7.18369696311483,4.59932251839442,5.22985203912699,LSOAs never ranked in top 50 most deprived,1820,1781,1811,1787,1692,RLF1,Larger rural: Further from a major town or city,Rural,-147,-436
W01000009,Bryngwran,Isle of Anglesey,573,717,855,917,627,275,82,869,1410,26.1010562261275,22.1575543345572,18.2301063273758,16.6626755924952,25.1353271859448,43.0258094753443,66.859958217564,17.8667173033409,6.9742561972193,LSOAs never ranked in top 50 most deprived,819,742,486,483,498,RSF1,Smaller rural: Further from a major town or city,Rural,-298,-491
W01000010,Brynteg,Isle of Anglesey,1249,1354,1288,1445,921,356,581,1527,1182,13.7933737050356,7.89037234129321,9.01912172048089,6.4196769228278,16.5651270025312,37.5140585258403,26.8204690556212,5.17046349396186,10.9565376957681,LSOAs never ranked in top 50 most deprived,1624,1485,1500,1487,1268,RLF1,Larger rural: Further from a major town or city,Rural,-893,-668
W01000011,Cadnant (Isle of Anglesey),Isle of Anglesey,1550,1171,1409,1649,1604,1594,1435,475,594,8.82784153029292,11.167263427797,6.99029948801807,3.42906811927115,4.05614363843974,4.19784638697523,6.57676835943883,31.2498052753694,26.3315859297246,LSOAs never ranked in top 50 most deprived,1377,1634,1602,1625,1630,RLF1,Larger rural: Further from a major town or city,Rural,44,-115
W01000012,Cefni,Isle of Anglesey,1348,807,993,1121,1443,1259,1442,1238,1690,12.1702682983995,19.5214906192099,14.8765039443765,12.1502172313369,6.4510094918429,9.53316063392553,6.46669179736645,9.91270089384097,2.87224579783897,LSOAs never ranked in top 50 most deprived,1494,1409,1649,1690,1589,RLF1,Larger rural: Further from a major town or city,Rural,-89,94
W01000013,Cwm Cadnant,Isle of Anglesey,1628,1685,1789,1807,1669,255,1090,1464,1751,7.62936766258722,2.93943361103069,1.58081299407966,1.35360342142781,3.15576312637597,44.6174729412671,12.7814419168105,6.12412723823759,2.06797779772392,LSOAs never ranked in top 50 most deprived,1777,1673,1651,1630,1670,RSF1,Smaller rural: Further from a major town or city,Rural,-1373,-538
W01000014,Cyngar,Isle of Anglesey,1240,915,1047,1138,1391,600,1224,903,1396,13.9414676854207,16.7116054751692,13.6867215568436,11.8112783366967,7.28100896378488,26.1094053227161,10.1692524942803,17.0073910815665,7.19988706490412,LSOAs never ranked in top 50 most deprived,1194,1031,1115,1117,1216,RLF1,Larger rural: Further from a major town or city,Rural,-640,-16
W01000015,Gwyngyll,Isle of Anglesey,1741,1494,1402,1539,1717,1512,1648,1554,1172,5.4129991172091,5.66506716312915,7.10291696165361,4.99321243883806,2.5127846729859,5.39396568933568,3.44281899211342,4.77355245062621,11.1480265638227,LSOAs never ranked in top 50 most deprived,1704,1733,1758,1667,1690,RLF1,Larger rural: Further from a major town or city,Rural,-229,-93
W01000016,Tref Cybi,Isle of Anglesey,112,147,94,154,330,1856,68,12,798,50.8490018735752,55.8707782061083,64.3959813046485,54.9486586961829,39.1436299697375,0.7462243253503089,70.1139249360847,91.6471244983198,19.7719101082479,LSOAs never ranked in top 50 most deprived,168,209,246,241,312,UF1,Urban: Further from a major town or city,Urban,1744,-44
W01000017,Kingsland,Isle of Anglesey,440,414,493,665,165,933,915,318,1560,30.0586825534016,34.2479330799044,30.4349537266765,23.8307357386068,53.5704094628783,16.2749392987333,16.7116054751692,39.9365359388287,4.68627250626735,LSOAs never ranked in top 50 most deprived,486,326,377,405,468,UF1,Urban: Further from a major town or city,Urban,493,475
W01000018,Llanbadrig,Isle of Anglesey,913,810,747,987,926,639,521,1316,1501,18.885647910691105,19.4386197060457,21.2448824142573,15.0125827581996,16.4437702057272,24.715301636097905,29.2221433891795,8.53347685393684,5.55925877290174,LSOAs never ranked in top 50 most deprived,1145,980,890,880,735,RLF1,Larger rural: Further from a major town or city,Rural,-274,-392
W01000019,Llanbedr-goch,Isle of Anglesey,1195,1508,1390,1371,749,443,502,1255,541,14.6472476648974,5.45393491170779,7.29726773457373,7.608388398587911,21.185306237659095,32.7737900273049,30.0381041409386,9.60497279241023,28.3934057862217,LSOAs never ranked in top 50 most deprived,1233,1335,1318,1457,1183,RLF1,Larger rural: Further from a major town or city,Rural,-752,-693
W01000021,Llaneilian,Isle of Anglesey,898,1135,1097,1192,1195,180,131,1482,1659,19.1234706267876,11.8707292942162,12.6373854742736,10.7666299333993,10.7099620320905,51.8149142947811,58.1285815636282,5.84759317920274,3.29200967076007,LSOAs never ranked in top 50 most deprived,1044,969,826,821,860,RSF1,Smaller rural: Further from a major town or city,Rural,-718,-767
W01000022,Llanfaethlu,Isle of Anglesey,627,958,1030,1292,818,54,73,1414,1566,24.4608447834164,15.6818913235186,14.0546874508093,8.94911290025359,19.2190793710624,73.9053309675503,68.8982688558412,6.91019470786337,4.59932251839442,LSOAs never ranked in top 50 most deprived,857,721,953,940,718,RSF1,Smaller rural: Further from a major town or city,Rural,-573,-554
W01000023,Llanfair-yn-Neubwll 1,Isle of Anglesey,904,820,1109,962,831,297,505,1232,1831,19.0591312136282,19.1645201635088,12.3925115242157,15.5884067692259,18.8667362212317,41.3935042589961,29.9073281353078,10.0223013573301,1.05410721025941,LSOAs never ranked in top 50 most deprived,985,873,878,843,869,RSF1,Smaller rural: Further from a major town or city,Rural,-607,-399
W01000024,Llanfair-yn-Neubwll 2,Isle of Anglesey,927,891,1105,1256,841,249,421,1066,1859,18.605094957075,17.307030173526,12.4738468402795,9.58699872152888,18.599329017006905,45.1172732377935,33.883359570169,13.2823140914513,0.709553811319619,LSOAs never ranked in top 50 most deprived,1050,915,1058,971,1002,RSF1,Smaller rural: Further from a major town or city,Rural,-678,-506
W01000025,Llanfihangel Ysgeifiog,Isle of Anglesey,1159,1052,1434,1317,1375,303,293,1467,1238,15.2870843320619,13.5796072285402,6.59253667664155,8.51632062665846,7.54253865954455,40.9677253706744,41.6817998039603,6.07780672007768,9.91270089384097,LSOAs never ranked in top 50 most deprived,1300,1115,1121,1119,1026,RLF1,Larger rural: Further from a major town or city,Rural,-856,-866
W01000026,Llangoed,Isle of Anglesey,775,1063,1146,1131,875,141,98,1399,1797,21.3664845664739,13.3456970635279,11.6534896520741,11.9502370380452,17.7127196923689,56.6917020085358,63.6300170576852,7.15135090896387,1.4795537590219,LSOAs never ranked in top 50 most deprived,946,943,986,984,731,RSF1,Smaller rural: Further from a major town or city,Rural,-634,-677
W01000027,Llanidan,Isle of Anglesey,780,1231,1125,1137,1007,78,147,1360,1228,21.1333338163714,10.0406189854602,12.0700163793339,11.8310782529684,14.5620831201808,67.7436530415939,55.8707782061083,7.79045336062413,10.0956595638491,LSOAs never ranked in top 50 most deprived,954,1017,736,779,719,RSF1,Smaller rural: Further from a major town or city,Rural,-702,-633
W01000028,Llannerch-y-medd,Isle of Anglesey,645,773,992,1258,843,100,144,1137,1412,23.8443240237868,20.4821752709261,14.8991279100064,9.55109266416355,18.5462186401516,63.2563930846068,56.2775777153638,11.8310782529684,6.94220314888323,LSOAs never ranked in top 50 most deprived,727,640,644,655,614,RSF1,Smaller rural: Further from a major town or city,Rural,-545,-501
W01000029,London Road,Isle of Anglesey,348,309,309,332,488,1147,365,251,1514,34.1820464189145,40.5496855058199,40.5496855058199,39.014096366433,30.658420845487,11.6338419620532,36.9758420280645,44.9494634762579,5.36403961186012,LSOAs never ranked in top 50 most deprived,366,238,341,346,412,UF1,Urban: Further from a major town or city,Urban,799,17
W01000030,Maeshyfryd,Isle of Anglesey,307,245,354,301,262,1044,572,346,1741,35.6967790993714,45.456611096029,37.6353920553086,41.1087776906679,44.0477766042521,13.7512304210547,27.1651187152393,38.1272300973115,2.19791275290499,LSOAs never ranked in top 50 most deprived,353,376,320,402,344,UF1,Urban: Further from a major town or city,Urban,737,265
W01000031,Mechell,Isle of Anglesey,640,832,849,1340,857,94,139,1156,1420,24.066659409176495,18.8398551620865,18.3876194065474,8.1252186921482,18.1778407727645,64.3959813046485,56.9719862408186,11.4577639697738,6.81443579142984,LSOAs never ranked in top 50 most deprived,864,852,773,744,656,RSF1,Smaller rural: Further from a major town or city,Rural,-546,-501
W01000033,Morawelon,Isle of Anglesey,211,150,189,296,209,875,703,367,1833,41.1135429446711,55.471048864908,50.8225311289116,41.4652400723311,48.7594887676383,17.7127196923689,22.5961873330459,36.8579296788392,1.02932434273908,LSOAs never ranked in top 50 most deprived,224,168,146,116,159,UF1,Urban: Further from a major town or city,Urban,664,492
W01000034,Parc a'r Mynydd,Isle of Anglesey,1314,946,1130,1324,1057,654,1694,831,1815,12.7317239334277,15.9646466734826,11.9701569931987,8.39658402713063,13.4729894356203,24.2008317495807,2.81863650464155,18.8667362212317,1.25333740256027,LSOAs never ranked in top 50 most deprived,1196,1213,1066,1051,821,UF1,Urban: Further from a major town or city,Urban,-660,380
W01000035,Pentraeth,Isle of Anglesey,989,1195,1137,1294,1084,175,269,1349,1528,17.6756044555677,10.7099620320905,11.8310782529684,8.9141882397577,12.9056410969755,52.3853202108301,43.4918509036102,7.97397103195276,5.1556402873674,LSOAs never ranked in top 50 most deprived,1087,1057,977,1050,1054,RSF1,Smaller rural: Further from a major town or city,Rural,-814,-720
W01000036,Porthyfelin 1,Isle of Anglesey,182,213,129,463,108,1588,279,122,918,43.8328441225379,48.368191681927,58.427052259456,31.8095330905615,61.8197854357871,4.28328899237325,42.7202801087006,59.5032997094976,16.6382496306617,LSOAs never ranked in top 50 most deprived,316,268,198,201,277,UF1,Urban: Further from a major town or city,Urban,1406,97
W01000037,Porthyfelin 2,Isle of Anglesey,917,998,739,1035,440,1013,639,981,1760,18.7682181427594,14.7637167283019,21.4847424007712,13.9458497514272,32.9219796861378,14.4286360982988,24.715301636097905,15.1494714723929,1.95166065814167,LSOAs never ranked in top 50 most deprived,974,1018,649,676,856,UF1,Urban: Further from a major town or city,Urban,96,-278
W01000038,Rhosyr,Isle of Anglesey,612,928,967,1010,914,45,204,719,1142,25.015429433365295,16.3954062121735,15.4720828916168,14.4952628261818,16.7361095067327,76.7205326292893,49.258161622155,22.095569808014705,11.7322486834062,LSOAs never ranked in top 50 most deprived,764,664,699,771,681,RSF1,Smaller rural: Further from a major town or city,Rural,-567,-408
W01000040,Trearddur 2,Isle of Anglesey,1396,1701,1458,1489,1014,244,1324,1034,995,11.470844410899,2.72511986642925,6.21704907705438,5.74094371357136,14.4064700101462,45.5422336426806,8.39658402713063,13.9675761280521,14.8313226661017,LSOAs never ranked in top 50 most deprived,1325,1246,1271,1327,1149,RSF1,Smaller rural: Further from a major town or city,Rural,-1152,-72
W01000041,Tudur,Isle of Anglesey,303,203,416,528,311,436,548,237,1836,35.8838181877621,49.3592068784843,34.1431782076104,28.9286764209639,40.41201047995,33.1210629250296,28.110261139583,46.1506861118912,0.99220003951702,LSOAs never ranked in top 50 most deprived,308,262,202,184,223,RLF1,Larger rural: Further from a major town or city,Rural,133,245
W01000042,Tysilio,Isle of Anglesey,1435,1083,1171,1130,1231,1102,1431,1152,1714,10.8339827896749,12.9264063213085,11.167263427797,11.9701569931987,10.0406189854602,12.5350376409081,6.6399065947588,11.535854485957,2.55244849132853,LSOAs never ranked in top 50 most deprived,1442,1574,1453,1404,1452,RLF1,Larger rural: Further from a major town or city,Rural,-333,-4
W01000044,Valley 2,Isle of Anglesey,1619,1817,1694,1356,1528,285,1631,1904,1349,7.69927559727008,1.22833904598966,2.81863650464155,7.85701776021684,5.1556402873674,42.2694637565479,3.67785050965783,0.166398576769003,7.97397103195276,LSOAs never ranked in top 50 most deprived,1716,1739,1590,1583,1486,RLF1,Larger rural: Further from a major town or city,Rural,-1334,12
W01000047,Abererch,Gwynedd,1004,1023,1265,1533,1186,214,172,1478,1417,17.5082153950149,14.2079306977063,9.42586106049934,5.08166721716738,10.8803863227155,48.2713988064592,52.7344798362068,5.90875850122173,6.86226541397567,LSOAs never ranked in top 50 most deprived,1234,1145,1189,1216,1326,RSF1,Smaller rural: Further from a major town or city,Rural,-790,-832
W01000050,"Abergwyngregyn, Llanllechid a Llandygai",Gwynedd,1052,1131,1306,1550,1175,259,229,994,938,16.845090887751,11.9502370380452,8.70574667081706,4.83192362954361,11.0904123205042,44.2902063742018,46.8663598284772,14.8539022109588,16.155100067689,LSOAs never ranked in top 50 most deprived,855,1045,1162,1031,1276,RSF1,Smaller rural: Further from a major town or city,Rural,-793,-823
W01000051,Y Bala,Gwynedd,1255,977,1106,1245,990,1551,675,827,983,13.7043953706679,15.2411853419661,12.4534860302914,9.78549030558674,14.9444427131545,4.81731694091967,23.4993757451571,18.9745757338571,15.1037513169693,LSOAs never ranked in top 50 most deprived,1167,1151,1270,1217,1352,RLF1,Larger rural: Further from a major town or city,Rural,296,-580
W01000052,Bethel,Gwynedd,1483,1540,1515,1420,1475,262,1009,1764,1889,9.84458083163558,4.97850299285104,5.34909116215445,6.81443579142984,5.95473947595861,44.0477766042521,14.5175146946677,1.90015237233338,0.34602887733601,LSOAs never ranked in top 50 most deprived,1606,1573,1638,1607,1399,RSF1,Smaller rural: Further from a major town or city,Rural,-1221,-474
W01000053,"Ceunant, Cwm-y-glo",Gwynedd,1147,1616,1568,1721,1624,219,25,1552,1626,15.4855765274486,3.8872447529099694,4.5704120823873,2.46000575936387,3.7753306378583,47.7934518745139,84.5766677674738,4.80271952272831,3.74743698931493,LSOAs never ranked in top 50 most deprived,1320,1444,1454,1188,1040,RSF1,Smaller rural: Further from a major town or city,Rural,-928,-1122
W01000054,Y Bontnewydd a Llanfaglan,Gwynedd,1152,1194,1245,1614,1079,321,465,1329,521,15.4307186999625,10.7288358234862,9.78549030558674,3.9153085759125,13.0096552038537,39.7357321198931,31.7152940583482,8.31143792104385,29.2221433891795,LSOAs never ranked in top 50 most deprived,1394,1489,1471,1300,1383,RSF1,Smaller rural: Further from a major town or city,Rural,-831,-687
W01000056,Bowydd a'r Rhiw,Gwynedd,463,510,649,491,737,768,120,500,532,29.3920895817038,29.6910070790377,24.3710462634956,30.5240802001074,21.5451002935689,20.6268988037534,59.8202812764146,30.125703080725305,28.7626470242333,LSOAs never ranked in top 50 most deprived,558,635,616,526,679,RLF1,Larger rural: Further from a major town or city,Rural,305,-343
W01000057,"Brithdir a Llanfachreth, Y Ganllwyd a Llanelltud",Gwynedd,808,1384,1475,1577,1434,36,39,1305,1071,20.5876517435406,7.395062462084311,5.95473947595861,4.4407629488411,6.59253667664155,79.929011439795,78.8090446999479,8.72304483214816,13.1770624210437,LSOAs never ranked in top 50 most deprived,889,1209,1403,1401,1329,RSF1,Smaller rural: Further from a major town or city,Rural,-772,-769
W01000059,Cadnant,Gwynedd,405,444,472,653,322,783,392,109,1450,31.2739042369666,32.7246048931715,31.3884653978513,24.2347740259203,39.6691852192056,20.1954318278281,35.4328707014038,61.6463582731176,6.34153173513494,LSOAs never ranked in top 50 most deprived,357,386,445,357,458,UF1,Urban: Further from a major town or city,Urban,378,-13
W01000060,Corris a Mawddwy,Gwynedd,626,1163,1385,1578,1691,7,17,1511,407,24.5193623255401,11.3217403190675,7.378734437306749,4.42640249861117,2.85883175549365,95.073915980509,88.6653116596723,5.40894334243726,34.6183786555975,LSOAs never ranked in top 50 most deprived,768,934,1050,944,991,RSF1,Smaller rural: Further from a major town or city,Rural,-619,-609
W01000061,Criccieth,Gwynedd,1485,1216,1181,1426,1085,1315,1084,1281,1796,9.82493125763541,10.3171485690894,10.975614999948199,6.71907390820253,12.8848946033218,8.55064588799191,12.9056410969755,9.14215227401453,1.4921868104588,LSOAs never ranked in top 50 most deprived,1615,1685,1587,1480,1460,RLF1,Larger rural: Further from a major town or city,Rural,-170,-401
W01000062,Deiniol,Gwynedd,905,1282,1538,420,1265,1139,301,25,1249,19.0122966974032,9.12453613689573,5.00793129814132,33.9350890255224,9.42586106049934,11.7914954508383,41.1087776906679,84.5766677674738,9.71311319484083,LSOAs never ranked in top 50 most deprived,875,1023,1116,845,971,UF1,Urban: Further from a major town or city,Urban,234,-604
W01000063,Deiniolen,Gwynedd,447,613,863,935,806,200,2,709,1287,29.8729229870323,25.6352528280954,18.021752966991695,16.2269286511038,19.5491807435255,49.6650337834706,99.1021900078219,22.4071765401366,9.03665727271942,LSOAs never ranked in top 50 most deprived,663,671,754,782,804,RLF1,Larger rural: Further from a major town or city,Rural,-247,-445
W01000064,Dewi,Gwynedd,1116,830,1089,978,1166,580,1006,774,1322,16.0193221774865,18.8936487341566,12.8020952616562,15.2182225660566,11.263689831837,26.858509414305505,14.5843997608832,20.4533395220968,8.43073092520504,LSOAs never ranked in top 50 most deprived,1016,1093,1071,1047,1126,UF1,Urban: Further from a major town or city,Urban,-536,-110
W01000065,Diffwys a Maenofferen,Gwynedd,708,559,729,673,805,1867,443,525,456,22.791743973615,27.6722445460777,21.7881283915832,23.5652669328937,19.5769042446795,0.612050651016539,32.7737900273049,29.053989753466695,32.1424441147939,LSOAs never ranked in top 50 most deprived,679,755,575,597,603,RLF1,Larger rural: Further from a major town or city,Rural,1159,-265
W01000066,Dolbenmaen,Gwynedd,620,945,1193,1215,1411,50,12,1535,1147,24.7854540152411,15.988367280387,10.7477251154287,10.3357026259726,6.95822408936744,75.1142089728036,91.6471244983198,5.05214447662267,11.6338419620532,LSOAs never ranked in top 50 most deprived,904,910,958,902,905,RSF1,Smaller rural: Further from a major town or city,Rural,-570,-608
W01000067,Gogledd Dolgellau,Gwynedd,1177,1149,1364,1312,1460,542,202,986,1013,15.0119426286597,11.5945968624002,7.72408104955796,8.60223002237486,6.18603339967003,28.3527425151014,49.460698013698,15.0353410410427,14.4286360982988,LSOAs never ranked in top 50 most deprived,1222,1242,1126,1136,1102,RLF1,Larger rural: Further from a major town or city,Rural,-635,-975
W01000068,De Dolgellau,Gwynedd,1203,806,965,928,1072,1279,1160,954,1702,14.5720031725473,19.5491807435255,15.5185418687327,16.3954062121735,13.156069761591,9.17742507759905,11.3799376927195,15.7757574013147,2.71179133211939,LSOAs never ranked in top 50 most deprived,1224,1029,1042,1075,1087,RLF1,Larger rural: Further from a major town or city,Rural,76,-43
W01000070,Efailnewydd a Buan,Gwynedd,852,1187,1577,1682,1294,173,8,1335,956,19.9224778318517,10.8613878099329,4.4407629488411,2.97984071065512,8.9141882397577,52.6175033557826,94.3464939726561,8.20967693488654,15.7287764774469,LSOAs never ranked in top 50 most deprived,1177,1258,1075,1028,939,RSF1,Smaller rural: Further from a major town or city,Rural,-679,-844
W01000071,Gerlan a Rachub,Gwynedd,1127,1033,1098,1080,1126,516,458,1020,1779,15.8630703762602,13.9893230473638,12.6168794401143,12.9888147173631,12.0500097871272,29.4340791286202,32.0468339619845,14.2739202271162,1.70801718437217,LSOAs never ranked in top 50 most deprived,957,892,663,735,901,RLF1,Larger rural: Further from a major town or city,Rural,-611,-669
W01000072,Glyder,Gwynedd,1427,1142,1088,1531,1445,594,1258,1074,1865,10.9913705091397,11.7322486834062,12.8227671692873,5.1112279017356,6.4196769228278,26.3315859297246,9.55109266416355,13.1141418369244,0.636387717665115,LSOAs never ranked in top 50 most deprived,1502,1453,1433,1504,1651,UF1,Urban: Further from a major town or city,Urban,-833,-169
W01000073,Y Groeslon,Gwynedd,1258,1518,1472,1632,1599,185,272,1229,1160,13.5863487486723,5.30430401769355,6.0008125587809,3.6639584421629694,4.12688588424453,51.2583129262402,43.2576498041656,10.0772980653991,11.3799376927195,LSOAs never ranked in top 50 most deprived,1375,1395,1252,1221,1224,RSF1,Smaller rural: Further from a major town or city,Rural,-1073,-986
W01000074,Harlech,Gwynedd,1005,1136,1150,1355,1064,283,181,1448,1455,17.4956092655261,11.8508952290006,11.574999395637,7.8736890044073,13.3245499924955,42.4187562091442,51.7025112206975,6.37275795655347,6.263651156064,LSOAs never ranked in top 50 most deprived,1254,1176,1243,1153,1205,RSF1,Smaller rural: Further from a major town or city,Rural,-722,-824
W01000075,Hendre (Bangor),Gwynedd,551,615,904,397,664,595,234,379,1092,26.887193676172,25.563166143647,16.9825964740492,35.1581560377781,23.8641358225167,26.2944064618458,46.4164609494925,36.1628747637026,12.7401907823339,LSOAs never ranked in top 50 most deprived,753,874,720,702,742,UF1,Urban: Further from a major town or city,Urban,44,-317
W01000076,Garth,Gwynedd,1414,1617,1387,1252,1276,1543,450,770,420,11.1999342102696,3.8732256719203506,7.34611312114682,9.65897943745234,9.23043591779899,4.93443101457545,32.4316826446063,20.5689000671964,33.9350890255224,LSOAs never ranked in top 50 most deprived,1132,1450,1483,1657,1516,UF1,Urban: Further from a major town or city,Urban,129,-964
W01000077,Hirael,Gwynedd,576,627,871,471,778,1748,363,181,103,25.9250878013901,25.1353271859448,17.8152701147679,31.4348718274628,20.3383566946506,2.1068812673999706,37.0943619858733,51.7025112206975,62.7070963930939,LSOAs never ranked in top 50 most deprived,938,1005,998,905,864,UF1,Urban: Further from a major town or city,Urban,1172,-213
W01000078,Yr Eifl,Gwynedd,559,818,935,1304,836,126,20,649,1533,26.6021728263145,19.2190793710624,16.2269286511038,8.74035601311472,18.732643998412,58.8821487500075,87.045728040902,24.3710462634956,5.08166721716738,LSOAs never ranked in top 50 most deprived,800,622,693,667,585,RSF1,Smaller rural: Further from a major town or city,Rural,-433,-539
W01000080,Abersoch a Llanbedrog,Gwynedd,1167,1256,1399,1525,1078,309,255,1092,1479,15.1459259831477,9.58699872152888,7.15135090896387,5.20013859807531,13.0305145912057,40.5496855058199,44.6174729412671,12.7401907823339,5.89345191451641,LSOAs never ranked in top 50 most deprived,1355,1417,995,966,1195,RSF1,Smaller rural: Further from a major town or city,Rural,-858,-912
W01000081,Llanberis,Gwynedd,1193,1062,1335,1225,1474,968,212,937,773,14.6809163175607,13.3668635958731,8.20967693488654,10.1508321741438,5.97008691778702,15.4488885476342,48.4653936212711,16.1790180131088,20.4821752709261,LSOAs never ranked in top 50 most deprived,1260,1208,1063,893,878,RLF1,Larger rural: Further from a major town or city,Rural,-225,-981
W01000082,Llandderfel a Llanfor,Gwynedd,718,1189,1438,1486,1295,104,5,1670,424,22.590982686191,10.8234377992372,6.52952816681984,5.78659008657496,8.89674577633235,62.5268745529736,96.6016437838926,3.14218275704172,33.7288656324468,LSOAs never ranked in top 50 most deprived,991,1058,1043,1041,1107,RSF1,Smaller rural: Further from a major town or city,Rural,-614,-713
W01000083,Llanuwchllyn a Llanycil,Gwynedd,1046,1583,1836,1852,1529,120,10,1401,1547,16.9434001242313,4.35473443330402,0.99220003951702,0.795209469357828,5.14082662798777,59.8202812764146,92.9572308799948,7.11905028081461,4.8757994359463,LSOAs never ranked in top 50 most deprived,1162,1333,1329,1319,1491,RSF1,Smaller rural: Further from a major town or city,Rural,-926,-1036
W01000084,Llanengan a Mynytho,Gwynedd,1033,1245,1693,1801,1192,149,54,1463,1672,17.1154687609506,9.78549030558674,2.83202711799647,1.42909082783773,10.7666299333993,55.603521574478,73.9053309675503,6.13958816451955,3.11504605034776,LSOAs never ranked in top 50 most deprived,1378,1392,1067,915,1146,RSF1,Smaller rural: Further from a major town or city,Rural,-884,-979
W01000085,"Arthog, Llangelynnin a Llanegryn",Gwynedd,445,817,836,1103,1148,9,60,1107,329,29.9284551823441,19.2464075849848,18.732643998412,12.5146226135479,11.614211041696,93.6413746078224,72.203395391669,12.4331432288226,39.2086713724364,LSOAs never ranked in top 50 most deprived,725,679,877,948,983,RSF1,Smaller rural: Further from a major town or city,Rural,-436,-385
W01000086,Clynnog a Llanllyfni,Gwynedd,546,778,1152,1247,835,86,47,767,448,26.9762591191266,20.3383566946506,11.535854485957,9.74927328040944,18.7593999742441,66.0089637625679,76.0644806138891,20.6559531098305,32.5289094731631,LSOAs never ranked in top 50 most deprived,748,744,728,704,734,RSF1,Smaller rural: Further from a major town or city,Rural,-460,-499
W01000087,Llanrug,Gwynedd,1598,1307,1496,1132,1428,1469,1027,1353,1882,8.05659095611692,8.68846150955214,5.63478649276884,11.9303343203381,6.68737427552595,6.04697811944721,14.120238144903,7.90706778843048,0.430338888596109,LSOAs never ranked in top 50 most deprived,1634,1555,1578,1434,1422,RLF1,Larger rural: Further from a major town or city,Rural,-129,-571
W01000088,"Llanwnda, Rhostryfan a Rhosgadfan",Gwynedd,785,1158,1219,1477,1451,153,41,1537,332,21.0765933844604,11.4188179131678,10.2615760348921,5.92407528130231,6.3259345080427,55.0781481254215,78.09159448065671,5.02265958281663,39.014096366433,LSOAs never ranked in top 50 most deprived,1046,1285,1218,1008,1179,RSF1,Smaller rural: Further from a major town or city,Rural,-632,-744
W01000089,Llanystumdwy,Gwynedd,956,1278,1624,1452,1171,169,71,980,1184,18.1453115668116,9.19508178554439,3.7753306378583,6.31034785089135,11.167263427797,53.0890218163239,69.3768488753494,15.172365676842,10.91843049278,LSOAs never ranked in top 50 most deprived,1102,1235,1291,1237,1096,RSF1,Smaller rural: Further from a major town or city,Rural,-787,-885
W01000090,De Marchog,Gwynedd,178,97,291,211,184,582,496,252,1912,44.5340011353238,63.8191299745504,41.8273141236828,48.5630080967241,51.3685608303201,26.7824915091031,30.3019082598622,44.8660155057172,0.0711663169787136,LSOAs never ranked in top 50 most deprived,300,157,136,135,137,UF1,Urban: Further from a major town or city,Urban,404,318
W01000091,Gogledd Marchog,Gwynedd,81,78,45,92,199,701,508,47,1915,55.6844381045998,67.7436530415939,76.7205326292893,64.7887465705303,49.7678864822923,22.6595376835578,29.7772915086413,76.0644806138891,0.0355556332575515,LSOAs never ranked in top 50 most deprived,167,105,143,163,251,UF1,Urban: Further from a major town or city,Urban,620,427
W01000092,Bangor Uchaf,Gwynedd,1641,1880,1914,1273,1786,1271,298,890,1657,7.412113818372889,0.45448433694896107,0.0474197360314985,9.28356922070674,1.61890043633505,9.31905973738181,41.3219914904767,17.3321772001439,3.3193560991323894,LSOAs never ranked in top 50 most deprived,1566,1696,1812,1806,1816,UF1,Urban: Further from a major town or city,Urban,-370,-1343
W01000093,Menai a Doc Fictoria Caernarfon,Gwynedd,1565,1442,1297,1350,1739,1337,1093,639,1093,8.53408839854487,6.46669179736645,8.8619004828112,7.957226967484101,2.22398806244041,8.17585641203039,12.7195929263557,24.715301636097905,12.7195929263557,LSOAs never ranked in top 50 most deprived,1454,1548,1487,1399,1396,UF1,Urban: Further from a major town or city,Urban,-228,-472
W01000094,Morfa Nefyn,Gwynedd,1098,1202,1476,1511,1161,391,97,1485,1005,16.2298869320489,10.5782773803109,5.9394022683437,5.40894334243726,11.3605222015702,35.4882095871764,63.8191299745504,5.80182569778082,14.6067380762028,LSOAs never ranked in top 50 most deprived,1574,1354,1392,1464,1315,RSF1,Smaller rural: Further from a major town or city,Rural,-707,-1001
W01000095,Nefyn,Gwynedd,946,1016,1204,1246,979,1227,35,932,1363,18.3020049930003,14.3622018183192,10.5407912605816,9.76737466434169,15.1952826928953,10.1140357324734,80.3147896569701,16.2989822568077,7.740656179642969,LSOAs never ranked in top 50 most deprived,1481,1389,1201,1131,1234,RLF1,Larger rural: Further from a major town or city,Rural,281,-911
W01000096,De Bethesda,Gwynedd,952,648,921,1031,997,1434,466,533,1375,18.1797780035284,24.405240853407495,16.5651270025312,14.0328786696926,14.7862299681048,6.59253667664155,31.6683189466595,28.7213262688648,7.54253865954455,LSOAs never ranked in top 50 most deprived,900,835,748,731,746,RLF1,Larger rural: Further from a major town or city,Rural,482,-486
W01000097,Gogledd Bethesda,Gwynedd,577,516,497,627,774,1661,409,199,924,25.9063591857149,29.4340791286202,30.2577302481351,25.1353271859448,20.4533395220968,3.26469571800256,34.5119268362533,49.7678864822923,16.4922361125709,LSOAs never ranked in top 50 most deprived,901,767,765,701,758,RLF1,Larger rural: Further from a major town or city,Rural,1084,-168
W01000098,Peblig,Gwynedd,173,96,200,349,130,872,372,353,1871,44.8480907493838,64.0098107348773,49.6650337834706,37.941556123801,58.2773327586552,17.7895896107903,36.5657666493048,37.6962996970416,0.563453637325335,LSOAs never ranked in top 50 most deprived,155,103,119,80,117,UF1,Urban: Further from a major town or city,Urban,699,199
W01000099,Penisa'r-waun a Brynrefail,Gwynedd,999,1272,1294,1345,1354,160,108,1400,1728,17.5975417662892,9.30130763351901,8.9141882397577,8.04106945396384,7.89037234129321,54.186668030915,61.8197854357871,7.13519492461482,2.36793309089594,LSOAs never ranked in top 50 most deprived,1349,1266,1321,1384,1346,RSF1,Smaller rural: Further from a major town or city,Rural,-839,-891
W01000100,Llanfrothen,Gwynedd,1231,1342,1701,1615,1021,221,284,1453,1509,14.0637620144368,8.09152204304159,2.72511986642925,3.90127238409541,14.2519026738095,47.6050197860128,42.3439888513391,6.2947717493645,5.43892794088303,LSOAs never ranked in top 50 most deprived,1395,1436,1194,1180,1067,RLF1,Larger rural: Further from a major town or city,Rural,-1010,-947
W01000101,Penrhyndeudraeth,Gwynedd,1175,1237,1379,1021,878,801,256,1172,1617,15.0150661677604,9.93093140724523,7.4768769123214,14.2519026738095,17.636105830763,19.6881336332693,44.5352187023314,11.1480265638227,3.8732256719203506,LSOAs never ranked in top 50 most deprived,1338,1374,1347,1317,1258,RSF1,Smaller rural: Further from a major town or city,Rural,-374,-919
W01000102,Penrhosgarnedd,Gwynedd,1742,1618,1824,1346,1728,805,1806,1082,1824,5.39744898294513,3.85921513070978,1.14105814627672,8.02427648818839,2.36793309089594,19.5769042446795,1.36616746321682,12.9471903101728,1.14105814627672,LSOAs never ranked in top 50 most deprived,1633,1615,1703,1655,1695,UF1,Urban: Further from a major town or city,Urban,-937,64
W01000103,"Glasinfryn, Pentir, Treborth",Gwynedd,863,904,1273,1158,1380,115,226,1266,1117,19.7380044757757,16.9825964740492,9.28356922070674,11.4188179131678,7.460490723607631,60.6323912704246,47.1405848632799,9.4080263644472,12.2306987220655,LSOAs never ranked in top 50 most deprived,1109,1095,1148,1224,1320,RSF1,Smaller rural: Further from a major town or city,Rural,-748,-637
W01000104,Pen-y-groes (Gwynedd),Gwynedd,786,545,876,694,901,1696,379,412,1545,21.0654362755232,28.2311822787271,17.6871533720537,22.8826481945157,17.0570606286885,2.79187864333048,36.1628747637026,34.3531672483296,4.90509654232021,LSOAs never ranked in top 50 most deprived,1090,944,965,858,796,RLF1,Larger rural: Further from a major town or city,Rural,910,-407
W01000105,Dwyrain Porthmadog,Gwynedd,997,843,1218,973,721,1784,321,670,681,17.6099133019565,18.5462186401516,10.2800852976103,15.3332663906928,22.0337518796172,1.64432714963132,39.7357321198931,23.6644590109271,23.3028272710172,LSOAs never ranked in top 50 most deprived,1141,926,810,831,937,RLF1,Larger rural: Further from a major town or city,Rural,787,-676
W01000106,Gorllewin Porthmadog,Gwynedd,1473,1532,1566,1353,1277,538,913,853,1583,10.0088290902583,5.0964428103536,4.59932251839442,7.90706778843048,9.21275205865786,28.5158287354967,16.7606396725577,18.282490921598,4.35473443330402,LSOAs never ranked in top 50 most deprived,1661,1480,1512,1462,1540,RLF1,Larger rural: Further from a major town or city,Rural,-935,-560
W01000107,"Beddgelert, Tremadog",Gwynedd,694,976,1082,1293,980,73,157,855,846,23.0469105124528,15.2641710664011,12.9471903101728,8.93164394102851,15.172365676842,68.8982688558412,54.5645079112566,18.2301063273758,18.4667823186372,LSOAs never ranked in top 50 most deprived,1082,1033,952,976,1103,RSF1,Smaller rural: Further from a major town or city,Rural,-621,-537
W01000108,Gogledd Pwllheli,Gwynedd,690,624,757,926,832,1055,326,213,844,23.0893856706317,25.2415431290468,20.9485328258978,16.4437702057272,18.8398551620865,13.5155772632306,39.4049064949531,48.368191681927,18.5197093709096,LSOAs never ranked in top 50 most deprived,1078,987,856,817,890,RLF1,Larger rural: Further from a major town or city,Rural,365,-364
W01000109,De Pwllheli,Gwynedd,953,695,1011,1019,732,1292,965,614,506,18.1684126595037,22.850642451496,14.4730324649616,14.2959588776925,21.6966916603332,8.94911290025359,15.5185418687327,25.5991812440889,29.8639008533188,LSOAs never ranked in top 50 most deprived,1042,841,776,739,816,RLF1,Larger rural: Further from a major town or city,Rural,339,12
W01000110,Hendre (Caernarfon),Gwynedd,1184,902,999,1297,688,731,1385,1208,1593,14.8259066685224,17.0322124471741,14.7412255037326,8.8619004828112,23.075623623115,21.7271301988704,7.378734437306749,10.466001812891,4.21206479701297,LSOAs never ranked in top 50 most deprived,1204,1116,1249,1269,1292,UF1,Urban: Further from a major town or city,Urban,-453,201
W01000111,Seiont,Gwynedd,575,696,611,634,752,1059,220,141,1090,25.9581215821629,22.818681184314105,25.7075661574323,24.8893810608355,21.0962303240394,13.4304803198105,47.6990428598684,56.6917020085358,12.7814419168105,LSOAs never ranked in top 50 most deprived,650,649,738,518,755,UF1,Urban: Further from a major town or city,Urban,484,-355
W01000112,"Talysarn, Carmel",Gwynedd,503,686,860,1045,850,59,76,634,1487,28.2595914126162,23.1403102529704,18.0996644603327,13.7297073567066,18.3612922020953,72.4784487166508,68.1985677815391,24.8893810608355,5.77136456102979,LSOAs never ranked in top 50 most deprived,569,596,506,503,482,RSF1,Smaller rural: Further from a major town or city,Rural,-444,-427
W01000113,Teigl,Gwynedd,740,979,950,1023,902,199,205,754,988,22.2349762864609,15.1952826928953,15.8700081294809,14.2079306977063,17.0322124471741,49.7678864822923,49.1575583440995,21.0370374611813,14.9898469722039,LSOAs never ranked in top 50 most deprived,862,890,868,813,888,RSF1,Smaller rural: Further from a major town or city,Rural,-541,-535
W01000114,Trawsfynydd,Gwynedd,796,1262,1417,1680,1130,93,14,1273,1565,20.8754844919711,9.47944827553843,6.86226541397567,3.0068182690504,11.9701569931987,64.5915255534606,90.4076387112208,9.28356922070674,4.61379137521831,LSOAs never ranked in top 50 most deprived,1119,1154,1056,1103,1129,RSF1,Smaller rural: Further from a major town or city,Rural,-703,-782
W01000115,Tre-garth a Mynydd Llandygai,Gwynedd,1181,1492,1441,1394,1499,237,140,1470,1246,14.9366729606881,5.69538775209347,6.48238480299949,7.2323014981324,5.5894401050987,46.1506861118912,56.8314171748687,6.03157930099288,9.76737466434169,LSOAs never ranked in top 50 most deprived,1187,1338,1107,1173,1310,RSF1,Smaller rural: Further from a major town or city,Rural,-944,-1041
W01000116,De Tywyn,Gwynedd,1410,1287,1393,1115,1372,437,1421,1549,974,11.2681106397664,9.03665727271942,7.2485258617620705,12.271045322054,7.59190828071483,33.0711303301886,6.79851466152666,4.84653960038243,15.3102115446428,LSOAs never ranked in top 50 most deprived,1410,1447,1398,1290,1248,RLF1,Larger rural: Further from a major town or city,Rural,-973,11
W01000117,Gogledd Tywyn,Gwynedd,719,517,683,582,785,1289,642,862,1115,22.5815697858042,29.391535460565,23.2376825985408,26.7824915091031,20.1385096401892,9.00159952743134,24.611482915278305,18.0476941511772,12.271045322054,LSOAs never ranked in top 50 most deprived,747,799,746,622,633,RLF1,Larger rural: Further from a major town or city,Rural,570,-77
W01000118,"Waunfawr, Caeathro",Gwynedd,853,1291,1392,1493,1504,191,38,1206,273,19.9204193991853,8.96659513758763,7.264761678252661,5.68022246120887,5.51406090412589,50.6076979122489,79.1763405806634,10.5033661375025,43.1801097429359,LSOAs never ranked in top 50 most deprived,1006,1188,970,1000,1295,RSF1,Smaller rural: Further from a major town or city,Rural,-662,-815
W01000119,Y Felinheli,Gwynedd,1533,1406,1440,1475,1773,458,1142,1230,1484,9.04553981676376,7.03849661437819,6.49808852335348,5.95473947595861,1.7846787624585,32.0468339619845,11.7322486834062,10.058951213719,5.81707140801809,LSOAs never ranked in top 50 most deprived,1564,1425,1200,1249,1309,RLF1,Larger rural: Further from a major town or city,Rural,-1075,-391
W01000121,Betws-y-Coed,Conwy,1012,1395,1610,1730,1250,95,200,928,457,17.4049704401671,7.2160885712172,3.97153915888444,2.34169417118009,9.6950544485152,64.2020855526035,49.6650337834706,16.3954062121735,32.0945893574396,LSOAs never ranked in top 50 most deprived,1165,1207,1273,1332,1305,RSF1,Smaller rural: Further from a major town or city,Rural,-917,-812
W01000122,Betws-yn-Rhos,Conwy,998,1116,1354,1524,1116,155,209,1197,1315,17.602122536249,12.2508631750602,7.89037234129321,5.21499052029399,12.2508631750602,54.8198942097118,48.7594887676383,10.6722608493273,8.55064588799191,LSOAs never ranked in top 50 most deprived,1126,1215,1202,1193,1314,RSF1,Smaller rural: Further from a major town or city,Rural,-843,-789
W01000123,Bryn,Conwy,819,801,788,684,1270,1052,440,780,315,20.4719481201448,19.6881336332693,20.053389631739705,23.2051793247566,9.33682555344581,13.5796072285402,32.9219796861378,20.2810801255674,40.139108347939,LSOAs never ranked in top 50 most deprived,902,966,1011,750,857,RLF1,Larger rural: Further from a major town or city,Rural,233,-379
W01000124,Caerhun,Conwy,1113,1374,1514,1713,1271,103,216,1494,999,16.0434420510797,7.558983428060871,5.36403961186012,2.56568497886456,9.31905973738181,62.7070963930939,48.0790265757632,5.66506716312915,14.7412255037326,LSOAs never ranked in top 50 most deprived,1251,1339,1379,1354,1282,RSF1,Smaller rural: Further from a major town or city,Rural,-1010,-897
W01000125,Capelulo,Conwy,1386,1369,1398,1432,1205,631,1039,1065,467,11.5743269357469,7.641384102037111,7.16751824980493,6.62410577943288,10.5220710868698,24.9944646703117,13.8591488979644,13.3034223470218,31.6214395812399,LSOAs never ranked in top 50 most deprived,1293,1319,1443,1310,1464,RLF1,Larger rural: Further from a major town or city,Rural,-755,-347
W01000126,Colwyn 1,Conwy,1478,1186,1229,1385,1344,1829,757,782,1557,9.88500770735343,10.8803863227155,10.0772980653991,7.378734437306749,8.05787468972892,1.07891681052304,20.9485328258978,20.2239458372538,4.72987107744615,LSOAs never ranked in top 50 most deprived,1466,1429,1456,1441,1454,UF1,Urban: Further from a major town or city,Urban,351,-721
W01000127,Colwyn 2,Conwy,199,173,224,239,198,723,655,180,1286,42.3348355273391,52.6175033557826,47.3252349738796,45.9751938864088,49.8712011904335,21.9720996562206,24.1669394897914,51.8149142947811,9.05420620453297,LSOAs never ranked in top 50 most deprived,190,522,409,438,326,UF1,Urban: Further from a major town or city,Urban,524,456
W01000128,Colwyn 3,Conwy,1075,890,958,1171,1025,1750,266,543,1335,16.5772594802943,17.3321772001439,15.6818913235186,11.167263427797,14.1640426279396,2.08093831082661,43.7284613469552,28.312151008497,8.20967693488654,LSOAs never ranked in top 50 most deprived,1159,1175,1143,1072,1417,UF1,Urban: Further from a major town or city,Urban,675,-809
W01000129,Conwy 1,Conwy,625,540,751,850,561,550,1011,894,190,24.6008744465132,28.4341410760623,21.125883980749695,18.3612922020953,27.5934936819906,28.0299987953257,14.4730324649616,17.2317536408696,50.7148636882803,LSOAs never ranked in top 50 most deprived,711,732,827,785,766,UF1,Urban: Further from a major town or city,Urban,-75,386
W01000130,Conwy 2,Conwy,1506,1520,1553,1367,1461,1401,664,740,545,9.47702237573376,5.27449429953024,4.78813136320966,7.674427208996981,6.17054123122068,7.11905028081461,23.8641358225167,21.4546227486081,28.2311822787271,LSOAs never ranked in top 50 most deprived,1688,1496,1406,1421,1689,UF1,Urban: Further from a major town or city,Urban,-105,-842
W01000131,Conwy 3,Conwy,1377,895,1044,1433,1035,1200,1552,964,1900,11.7610156717045,17.2067161132839,13.7512304210547,6.60831581168845,13.9458497514272,10.6158246958436,4.80271952272831,15.5418065966476,0.214162983114442,LSOAs never ranked in top 50 most deprived,1632,1292,1136,1190,1311,UF1,Urban: Further from a major town or city,Urban,-177,175
W01000132,Craig-y-don 1,Conwy,799,776,702,628,936,1819,376,478,932,20.8070638589202,20.3957762549126,22.6278406970755,25.1000305957824,16.2029608569497,1.20336783026323,36.3346792655497,31.1119760863556,16.2989822568077,LSOAs never ranked in top 50 most deprived,726,790,581,694,774,UF1,Urban: Further from a major town or city,Urban,1020,-423
W01000133,Craig-y-don 2,Conwy,1675,1711,1401,1329,1431,1103,1429,1348,1409,6.77134472490269,2.59218082865381,7.11905028081461,8.31143792104385,6.6399065947588,12.5146226135479,6.67154082784447,7.990727295028449,6.99029948801807,LSOAs never ranked in top 50 most deprived,1694,1640,1492,1582,1606,UF1,Urban: Further from a major town or city,Urban,-572,-246
W01000134,Crwst,Conwy,912,736,989,752,1047,1276,860,604,252,18.9140144061494,21.5753387420382,14.9671336386227,21.0962303240394,13.6867215568436,9.23043591779899,18.0996644603327,25.962468402336,44.8660155057172,LSOAs never ranked in top 50 most deprived,1000,897,789,722,877,RLF1,Larger rural: Further from a major town or city,Rural,364,-52
W01000135,Deganwy 1,Conwy,1752,1724,1650,1711,1682,551,1691,1849,1704,5.2537309306791,2.420500903293,3.41532546266928,2.59218082865381,2.97984071065512,27.9899724127521,2.85883175549365,0.832016914366915,2.68515741286009,LSOAs never ranked in top 50 most deprived,1856,1834,1763,1722,1788,UF1,Urban: Further from a major town or city,Urban,-1201,-61
W01000136,Deganwy 2,Conwy,1437,1173,1129,1218,1144,1426,1416,1274,769,10.8095003121968,11.1288057758357,11.9900942156827,10.2800852976103,11.6928354558815,6.71907390820253,6.87823075017479,9.26584447784323,20.5978811536676,LSOAs never ranked in top 50 most deprived,1610,1276,989,1098,1351,UF1,Urban: Further from a major town or city,Urban,-11,-21
W01000137,Eglwys-bach,Conwy,1011,1491,1671,1745,1454,77,48,1833,1068,17.4103856912463,5.71056304896937,3.12861040151644,2.14585065206022,6.27920618917483,67.9699857156566,75.743341186437,1.02932434273908,13.240155607887,LSOAs never ranked in top 50 most deprived,1178,1357,1394,1402,1353,RSF1,Smaller rural: Further from a major town or city,Rural,-934,-963
W01000138,Eirias 1,Conwy,886,752,740,755,1203,564,1292,334,1607,19.2595154276319,21.0962303240394,21.4546227486081,21.0074980590031,10.5595266834407,27.4758706625832,8.94911290025359,38.8852881992107,4.01380249695598,LSOAs never ranked in top 50 most deprived,616,829,855,836,957,UF1,Urban: Further from a major town or city,Urban,-322,406
W01000139,Eirias 2,Conwy,1507,1200,1344,1467,1533,1772,876,465,1195,9.4630154545904,10.6158246958436,8.05787468972892,6.07780672007768,5.08166721716738,1.79748057137151,17.6871533720537,31.7152940583482,10.7099620320905,LSOAs never ranked in top 50 most deprived,1550,1678,1548,1543,1647,UF1,Urban: Further from a major town or city,Urban,265,-631
W01000140,Gele 1,Conwy,734,597,763,938,873,521,680,300,1337,22.3233549030478,26.2202273434475,20.7725387538889,16.155100067689,17.76393774824,29.2221433891795,23.3354689310173,41.1796295698724,8.17585641203039,LSOAs never ranked in top 50 most deprived,647,623,717,798,870,UF1,Urban: Further from a major town or city,Urban,-213,-54
W01000141,Gele 2,Conwy,1537,1389,1166,1372,1062,991,1792,1744,1403,8.96517435955185,7.313538006868619,11.263689831837,7.59190828071483,13.3668635958731,14.9217741516291,1.54278851944654,2.1588551333598094,7.08679495125566,LSOAs never ranked in top 50 most deprived,1598,1567,1656,1610,1558,UF1,Urban: Further from a major town or city,Urban,-546,255
W01000142,Gele 3,Conwy,1566,1325,1351,1301,1550,569,1869,1510,1873,8.50608868901234,8.37952957033932,7.940495083874139,8.79236787018381,4.83192362954361,27.2811592342906,0.587739309011696,5.4239307553771,0.539193581804108,LSOAs never ranked in top 50 most deprived,1739,1717,1793,1753,1680,UF1,Urban: Further from a major town or city,Urban,-997,303
W01000143,Glyn (Conwy) 1,Conwy,506,532,547,503,830,1707,119,177,1002,28.1063888771601,28.7626470242333,28.1504975899782,29.994429466825,18.8936487341566,2.6452642735573506,59.9804254727329,52.155457530604,14.6738834919112,LSOAs never ranked in top 50 most deprived,477,531,574,591,987,UF1,Urban: Further from a major town or city,Urban,1201,-387
W01000144,Glyn (Conwy) 2,Conwy,61,87,42,34,352,1693,160,5,810,58.3785682304153,65.801045497703,77.7410909205496,80.7071490620134,37.75736906021261,2.83202711799647,54.186668030915,96.6016437838926,19.4386197060457,LSOAs often in the top 50 most deprived,20,110,50,47,133,UF1,Urban: Further from a major town or city,Urban,1632,99
W01000145,Glyn (Conwy) 3,Conwy,579,457,596,470,1013,666,597,356,1596,25.8782155151718,32.0945893574396,26.2572869975422,31.481372079309,14.4286360982988,23.7973840872252,26.2202273434475,37.5140585258403,4.16943590887313,LSOAs never ranked in top 50 most deprived,792,752,647,574,606,UF1,Urban: Further from a major town or city,Urban,87,18
W01000146,Gogarth 1,Conwy,604,679,565,1003,1044,1456,177,38,725,25.1243975196372,23.3681569819925,27.4367962839142,14.651479899389,13.7512304210547,6.24810663580258,52.155457530604,79.1763405806634,21.9106122518438,LSOAs never ranked in top 50 most deprived,623,712,598,529,645,UF1,Urban: Further from a major town or city,Urban,852,-427
W01000147,Gogarth 2,Conwy,1228,1008,1198,1191,987,554,1476,751,1084,14.0721876075107,14.5397881120751,10.6534334073098,10.7855503029422,15.0125827581996,27.8703095176577,5.9394022683437,21.125883980749695,12.9056410969755,LSOAs never ranked in top 50 most deprived,1107,1167,919,988,1001,UF1,Urban: Further from a major town or city,Urban,-674,248
W01000148,Gower (Conwy),Conwy,860,425,862,1237,1002,1218,482,979,1008,19.8610088681126,33.6775974081246,18.0476941511772,9.93093140724523,14.6738834919112,10.2800852976103,30.9294793125097,15.1952826928953,14.5397881120751,LSOAs never ranked in top 50 most deprived,1267,1293,837,718,807,RLF1,Larger rural: Further from a major town or city,Rural,358,-378
W01000149,Kinmel Bay 1,Conwy,250,325,169,252,266,1459,852,230,473,38.3270739327893,39.4706920344609,53.0890218163239,44.8660155057172,43.7284613469552,6.20153601025258,18.3087280282571,46.775673266236,31.3421524126318,LSOAs never ranked in top 50 most deprived,296,277,349,258,282,UF1,Urban: Further from a major town or city,Urban,1209,602
W01000150,Kinmel Bay 2,Conwy,951,917,949,875,741,353,1705,1366,600,18.2009740349947,16.6626755924952,15.8936312832385,17.7127196923689,21.424542488058705,37.6962996970416,2.6718520100532,7.690966581395791,26.1094053227161,LSOAs never ranked in top 50 most deprived,781,832,821,987,911,UF1,Urban: Further from a major town or city,Urban,-598,754
W01000151,Kinmel Bay 3,Conwy,437,443,450,326,423,936,1519,186,716,30.0997426751431,32.7737900273049,32.4316826446063,39.4049064949531,33.7802483917221,16.2029608569497,5.28939432915953,51.1485909630094,22.1886093532181,LSOAs never ranked in top 50 most deprived,540,381,371,383,375,UF1,Urban: Further from a major town or city,Urban,499,1082
W01000152,Kinmel Bay 4,Conwy,671,740,591,404,489,1733,1586,431,408,23.5266372688791,21.4546227486081,26.4434863026012,34.7789859280729,30.613553388310095,2.30239183253676,4.31184054235171,33.3723650014289,34.565091159079,LSOAs never ranked in top 50 most deprived,681,610,579,581,555,UF1,Urban: Further from a major town or city,Urban,1062,915
W01000153,Llanddulas,Conwy,1034,1130,913,934,1027,496,812,623,1063,17.105881002534,11.9701569931987,16.7606396725577,16.2509214476258,14.120238144903,30.3019082598622,19.3835378508761,25.2770577269403,13.3456970635279,LSOAs never ranked in top 50 most deprived,1277,1204,1304,1177,1473,RLF1,Larger rural: Further from a major town or city,Rural,-538,-222
W01000154,Llandrillo-yn-Rhos 1,Conwy,1577,1439,1564,1190,1590,788,1547,1220,935,8.34269308505248,6.51380297306978,4.62826933985109,10.8044862496646,4.25477284154304,20.053389631739705,4.8757994359463,10.2430816555367,16.2269286511038,LSOAs never ranked in top 50 most deprived,1742,1610,1430,1433,1605,UF1,Urban: Further from a major town or city,Urban,-789,-30
W01000155,Llandrillo-yn-Rhos 2,Conwy,1553,1299,1272,1334,1662,1714,1045,769,991,8.75826454633864,8.82710790050632,9.30130763351901,8.22660586398095,3.25105089589296,2.55244849132853,13.7297073567066,20.5978811536676,14.9217741516291,LSOAs never ranked in top 50 most deprived,1596,1482,1250,1345,1560,UF1,Urban: Further from a major town or city,Urban,161,-508
W01000156,Llandrillo-yn-Rhos 3,Conwy,1380,995,931,1176,1223,1581,1776,1030,936,11.7228516074636,14.8313226661017,16.323050374395,11.071239599668,10.1876875787723,4.38337486685589,1.74631603322602,14.0546874508093,16.2029608569497,LSOAs never ranked in top 50 most deprived,1482,1510,1073,1087,1084,UF1,Urban: Further from a major town or city,Urban,201,396
W01000157,Llandrillo-yn-Rhos 4,Conwy,336,274,313,427,545,1164,661,40,860,34.6407427265197,43.1028302149666,40.2751546577664,33.5754025298363,28.2311822787271,11.3023738725825,23.9646280811958,78.4475222318807,18.0996644603327,LSOAs never ranked in top 50 most deprived,610,494,470,422,622,UF1,Urban: Further from a major town or city,Urban,828,325
W01000158,Llandrillo-yn-Rhos 5,Conwy,1519,1388,1228,1257,1303,1157,1486,1077,1055,9.28609319011981,7.32981979695347,10.0956595638491,9.56903868608086,8.75768023333021,11.4382826980189,5.78659008657496,13.0513929137336,13.5155772632306,LSOAs never ranked in top 50 most deprived,1506,1621,1576,1537,1638,UF1,Urban: Further from a major town or city,Urban,-362,-33
W01000159,Llangernyw,Conwy,754,1316,1529,1450,1286,16,57,1885,647,21.862662573134,8.53347685393684,5.14082662798777,6.34153173513494,9.05420620453297,89.2315478251648,73.0386244617208,0.39416817703550894,24.4394863568481,LSOAs never ranked in top 50 most deprived,968,1044,1213,1095,956,RSF1,Smaller rural: Further from a major town or city,Rural,-738,-697
W01000162,Llansannan,Conwy,947,1365,1539,1568,1605,70,89,1171,838,18.2852269848661,7.70751785586868,4.99321243883806,4.5704120823873,4.04202126210555,69.619925768559,65.3907641045194,11.167263427797,18.6792252420405,LSOAs never ranked in top 50 most deprived,1001,1149,1081,1088,1048,RSF1,Smaller rural: Further from a major town or city,Rural,-877,-858
W01000163,Llysfaen 1,Conwy,86,63,99,306,155,419,34,187,1861,55.4329374003237,71.3974372375447,63.442446411698,40.7577556832299,54.8198942097118,33.9869350882549,80.7071490620134,51.0393899464109,0.685139243058358,LSOAs never ranked in top 50 most deprived,193,172,194,230,268,UF1,Urban: Further from a major town or city,Urban,333,-52
W01000164,Llysfaen 2,Conwy,1048,897,1155,1287,795,1105,170,1037,1886,16.9342036916126,17.1567226767283,11.4772617563852,9.03665727271942,19.8559928512103,12.4738468402795,52.9702328737917,13.9024584712527,0.382123902923984,LSOAs never ranked in top 50 most deprived,1328,957,1082,1160,1365,RLF1,Larger rural: Further from a major town or city,Rural,57,-878
W01000165,Marl 1,Conwy,1838,1746,1637,1757,1726,1141,1559,1660,1752,3.68683432922795,2.13285351949854,3.59462368937705,1.99036771401793,2.39420197875589,11.7519806533515,4.7007961824822,3.27834863975104,2.05502458376486,LSOAs never ranked in top 50 most deprived,1830,1832,1756,1728,1794,UF1,Urban: Further from a major town or city,Urban,-697,-279
W01000166,Marl 2,Conwy,1126,758,1066,759,991,1041,1271,724,1778,15.8845854904305,20.9191068011931,13.2823140914513,20.889718375820905,14.9217741516291,13.8159207244284,9.31905973738181,21.9413354067508,1.72077638263589,LSOAs never ranked in top 50 most deprived,1084,831,801,842,926,UF1,Urban: Further from a major town or city,Urban,-85,145
W01000167,Mochdre,Conwy,422,386,522,590,372,832,426,538,537,30.5600595168671,35.7669190243379,29.1799895858898,26.4809077373209,36.5657666493048,18.8398551620865,33.6264432092818,28.5158287354967,28.5567816203031,LSOAs never ranked in top 50 most deprived,615,468,501,522,570,UF1,Urban: Further from a major town or city,Urban,410,4
W01000168,Mostyn (Conwy) 1,Conwy,583,388,668,658,722,1468,540,167,1047,25.7965828543983,35.6550296427717,23.7308255216234,24.0655613410692,22.0029051103346,6.06238725453122,28.4341410760623,53.328456238315,13.6867215568436,LSOAs never ranked in top 50 most deprived,590,528,509,628,713,UF1,Urban: Further from a major town or city,Urban,885,-43
W01000169,Mostyn (Conwy) 2,Conwy,488,384,443,374,1120,1662,525,193,487,28.6144252777497,35.8793553824041,32.7737900273049,36.4499327337625,12.1703112175028,3.25105089589296,29.053989753466695,50.3948528055127,30.7033759993631,LSOAs never ranked in top 50 most deprived,521,489,451,416,624,UF1,Urban: Further from a major town or city,Urban,1174,37
W01000170,Pandy,Conwy,1413,1181,1234,1411,1343,778,808,943,1872,11.2036086168269,10.975614999948199,9.98570980856246,6.95822408936744,8.07469221342719,20.3383566946506,19.4938337914636,16.0358820119611,0.551320410921967,LSOAs never ranked in top 50 most deprived,1408,1364,1195,1192,1108,RLF1,Larger rural: Further from a major town or city,Rural,-635,-605
W01000171,Pant-yr-afon and Penmaenan 1,Conwy,861,775,650,792,1012,1547,672,581,490,19.8558397482002,20.4245398801956,24.3369024359488,19.9403841096694,14.4508235694722,4.8757994359463,23.5982834499749,26.8204690556212,30.5687732863481,LSOAs never ranked in top 50 most deprived,969,912,783,605,700,RLF1,Larger rural: Further from a major town or city,Rural,686,-189
W01000172,Pant-yr-afon and Penmaenan 2,Conwy,621,575,769,615,932,771,208,410,1433,24.6914422083007,27.0496607107552,20.5978811536676,25.563166143647,16.2989822568077,20.5399554523121,48.8583621326129,34.4588851190028,6.60831581168845,LSOAs never ranked in top 50 most deprived,516,498,355,406,553,RLF1,Larger rural: Further from a major town or city,Rural,150,-413
W01000173,Penrhyn 1,Conwy,1549,1576,1700,1773,1468,517,516,1422,1529,8.82864860369961,4.45513237087,2.73845612912346,1.7846787624585,6.06238725453122,29.391535460565,29.4340791286202,6.78260454497317,5.14082662798777,LSOAs never ranked in top 50 most deprived,1599,1740,1619,1662,1711,UF1,Urban: Further from a major town or city,Urban,-1032,-1033
W01000174,Penrhyn 2,Conwy,1858,1690,1613,1648,1659,1765,1419,1622,1844,3.43336899259722,2.87224579783897,3.92935333881622,3.44281899211342,3.29200967076007,1.88729330452187,6.83036794994064,3.8032581559873706,0.8934938567954461,LSOAs never ranked in top 50 most deprived,1859,1823,1879,1763,1799,UF1,Urban: Further from a major town or city,Urban,-93,-439
W01000175,Penrhyn 3,Conwy,1861,1744,1556,1687,1639,1475,1766,1684,1745,3.37919652752963,2.1588551333598094,4.74442231942631,2.91253492881509,3.56694820635062,5.95473947595861,1.87444142206829,2.95289475817678,2.14585065206022,LSOAs never ranked in top 50 most deprived,1861,1807,1847,1845,1795,UF1,Urban: Further from a major town or city,Urban,-386,-95
W01000176,Pen-sarn 1,Conwy,655,478,830,538,598,1876,318,565,1756,23.6829680366834,31.1119760863556,18.8936487341566,28.5158287354967,26.1832273071287,0.502851410792549,39.9365359388287,27.4367962839142,2.00328455523517,LSOAs never ranked in top 50 most deprived,759,624,648,568,820,UF1,Urban: Further from a major town or city,Urban,1221,-337
W01000177,Pen-sarn 2,Conwy,1540,1180,1598,1338,1259,811,1355,1522,1582,8.93596200051678,10.9947081408968,4.14106048118708,8.15896478170446,9.53316063392553,19.4110622892759,7.8736890044073,5.24472316698409,4.36905019206702,LSOAs never ranked in top 50 most deprived,1197,1355,1238,1295,1297,UF1,Urban: Further from a major town or city,Urban,-729,-185
W01000178,Pentre Mawr 1,Conwy,214,262,229,107,416,1510,351,135,834,40.9055345490999,44.0477766042521,46.8663598284772,61.9945302349517,34.1431782076104,5.4239307553771,37.818601005911,57.543014490177,18.7861871116449,LSOAs never ranked in top 50 most deprived,313,362,370,314,450,UF1,Urban: Further from a major town or city,Urban,1296,137
W01000179,Pentre Mawr 2,Conwy,1505,1495,1269,1118,1503,1161,1680,1050,410,9.53029277151027,5.64992184469393,9.35460510291074,12.210551932072,5.52911699371266,11.3605222015702,3.0068182690504,13.6223931168635,34.4588851190028,LSOAs never ranked in top 50 most deprived,1584,1665,1468,1371,1484,UF1,Urban: Further from a major town or city,Urban,-344,175
W01000180,Rhiw 1,Conwy,1813,1819,1692,1504,1705,920,1765,1503,1802,4.21107885099782,1.20336783026323,2.84542553191598,5.51406090412589,2.6718520100532,16.5894753905145,1.88729330452187,5.52911699371266,1.41649237572638,LSOAs never ranked in top 50 most deprived,1769,1751,1639,1591,1302,UF1,Urban: Further from a major town or city,Urban,-893,-48
W01000181,Rhiw 2,Conwy,1817,1505,1729,1743,1464,1384,1579,1707,1910,4.13750398577643,5.49901466399771,2.35480988929415,2.17186697171214,6.12412723823759,7.395062462084311,4.41205100898382,2.6452642735573506,0.0949374406634471,LSOAs never ranked in top 50 most deprived,1841,1817,1706,1756,1780,UF1,Urban: Further from a major town or city,Urban,-433,-238
W01000182,Rhiw 3,Conwy,409,429,221,288,758,1730,813,148,1618,31.0769954466984,33.4736597215886,47.6050197860128,42.0473264765957,20.9191068011931,2.34169417118009,19.3560463120093,55.7367617071121,3.85921513070978,LSOAs never ranked in top 50 most deprived,202,240,221,176,127,UF1,Urban: Further from a major town or city,Urban,1321,404
W01000183,Rhiw 4,Conwy,1510,1340,1013,970,1633,1712,1108,1394,1647,9.40416182999652,8.1252186921482,14.4286360982988,15.4025699129392,3.65007476045286,2.57892908837866,12.4128184040452,7.2323014981324,3.45657809102635,LSOAs never ranked in top 50 most deprived,1310,1428,1622,1693,1656,UF1,Urban: Further from a major town or city,Urban,202,-402
W01000184,Towyn,Conwy,319,484,392,307,274,561,1236,31,482,35.3062806711385,30.838771086219,35.4328707014038,40.6881896017888,43.1028302149666,27.5934936819906,9.94917638218329,81.9260602660985,30.9294793125097,LSOAs never ranked in top 50 most deprived,439,267,293,292,306,UF1,Urban: Further from a major town or city,Urban,242,917
W01000185,Trefriw,Conwy,787,1205,1238,1271,1080,19,263,1386,1320,21.0194358136021,10.5220710868698,9.91270089384097,9.31905973738181,12.9888147173631,87.57301835159141,43.9675312221797,7.362417995801901,8.46492859478172,LSOAs never ranked in top 50 most deprived,1195,1106,1084,1029,1241,RSF1,Smaller rural: Further from a major town or city,Rural,-768,-524
W01000186,Tudno 1,Conwy,289,251,286,229,436,1785,593,92,800,36.7564145422198,44.9494634762579,42.1951793598668,46.8663598284772,33.1210629250296,1.63161027929994,26.3688255954843,64.7887465705303,19.7160252328773,LSOAs never ranked in top 50 most deprived,364,351,423,235,391,UF1,Urban: Further from a major town or city,Urban,1496,304
W01000187,Tudno 2,Conwy,42,22,46,59,154,518,311,66,1621,63.0621394773919,86.02608341267012,76.3901675473683,72.4784487166508,54.9486586961829,29.3490703413121,40.41201047995,70.6187676549488,3.8172346418696894,LSOAs sometimes in the top 50 most deprived,78,113,116,93,155,UF1,Urban: Further from a major town or city,Urban,476,269
W01000188,Tudno 3,Conwy,1324,918,1057,1403,1050,843,1722,904,1475,12.5468704404292,16.6382496306617,13.4729894356203,7.08679495125566,13.6223931168635,18.5462186401516,2.44682993327569,16.9825964740492,5.95473947595861,LSOAs never ranked in top 50 most deprived,1457,1464,1268,1407,1510,UF1,Urban: Further from a major town or city,Urban,-481,398
W01000189,Uwch Conwy,Conwy,755,1192,1549,1822,1583,24,6,1591,1353,21.8591351387653,10.7666299333993,4.84653960038243,1.16596176703063,4.35473443330402,85.0497296540466,95.8250976903073,4.24052801339914,7.90706778843048,LSOAs never ranked in top 50 most deprived,914,1105,1068,1106,1114,RSF1,Smaller rural: Further from a major town or city,Rural,-731,-749
W01000190,Uwch Aled,Conwy,868,1290,1467,1738,1531,65,30,1277,1247,19.6900744985915,8.98409067323127,6.07780672007768,2.23703681127428,5.1112279017356,70.8754061804421,82.3471543725932,9.21275205865786,9.74927328040944,LSOAs never ranked in top 50 most deprived,1168,1200,1240,1162,1202,RSF1,Smaller rural: Further from a major town or city,Rural,-803,-838
W01000191,Bodelwyddan,Denbighshire,1164,1015,1071,793,912,601,1509,1341,1156,15.2117925993104,14.3843252638386,13.1770624210437,19.9122192709302,16.7851960284496,26.0725829943683,5.43892794088303,8.10836419659457,11.4577639697738,LSOAs never ranked in top 50 most deprived,1002,898,933,993,1021,RLF1,Larger rural: Further from a major town or city,Rural,-563,345
W01000192,Corwen 1,Denbighshire,682,930,1126,1255,1100,164,103,936,261,23.237185185271105,16.3471437042061,12.0500097871272,9.60497279241023,12.5759221379212,53.6923472965782,62.7070963930939,16.2029608569497,44.1283029373219,LSOAs never ranked in top 50 most deprived,953,1002,1161,1080,1094,RSF1,Smaller rural: Further from a major town or city,Rural,-518,-579
W01000193,Corwen 2,Denbighshire,582,737,856,1066,556,273,179,959,379,25.8463711266746,21.5451002935689,18.2039587039418,13.2823140914513,27.7908787352101,43.1801097429359,51.9278693917135,15.6584845384211,36.1628747637026,LSOAs never ranked in top 50 most deprived,700,846,940,953,907,RSF1,Smaller rural: Further from a major town or city,Rural,-309,-403
W01000194,Denbigh Central,Denbighshire,698,709,512,443,1074,1747,845,276,558,23.0120517118679,22.4071765401366,29.605045135778,32.7737900273049,13.1141418369244,2.11986372737402,18.4932306204677,42.9490457966271,27.7117213241246,LSOAs never ranked in top 50 most deprived,602,701,881,1035,1049,RLF1,Larger rural: Further from a major town or city,Rural,1049,147
W01000195,Denbigh Lower 1,Denbighshire,1810,1578,1609,1596,1741,1343,1864,1889,1050,4.268316637026379,4.42640249861117,3.98561831106824,4.16943590887313,2.19791275290499,8.07469221342719,0.648565914754627,0.34602887733601,13.6223931168635,LSOAs never ranked in top 50 most deprived,1870,1780,1832,1805,1806,RLF1,Larger rural: Further from a major town or city,Rural,-467,54
W01000196,Denbigh Lower 2,Denbighshire,1745,1534,1606,1217,1594,1632,1659,1446,1495,5.31816380721885,5.06690110998117,4.02790755182067,10.2986094676654,4.19784638697523,3.6639584421629694,3.29200967076007,6.40402663026238,5.64992184469393,LSOAs never ranked in top 50 most deprived,1730,1718,1767,1698,1654,RLF1,Larger rural: Further from a major town or city,Rural,-113,-86
W01000197,Denbigh Lower 3,Denbighshire,1524,1352,1419,1289,1340,688,1395,1445,1500,9.15378612023632,7.92377536341328,6.83036794994064,9.00159952743134,8.1252186921482,23.075623623115,7.2160885712172,6.4196769228278,5.57434448838746,LSOAs never ranked in top 50 most deprived,1581,1620,1595,1538,1474,RLF1,Larger rural: Further from a major town or city,Rural,-836,-129
W01000198,Denbigh Upper and Henllan 1,Denbighshire,57,76,64,10,223,1449,512,24,337,59.3001197532831,68.1985677815391,71.1349406732581,92.9572308799948,47.4181189285683,6.35713954651361,29.605045135778,85.0497296540466,38.6934185024077,LSOAs never ranked in top 50 most deprived,170,163,160,189,273,RLF1,Larger rural: Further from a major town or city,Rural,1392,455
W01000199,Denbigh Upper and Henllan 2,Denbighshire,489,667,630,516,789,281,236,558,583,28.5938632148594,23.7640807281139,25.029599503078295,29.4340791286202,20.025086155969,42.5690240501672,46.2389369258219,27.7117213241246,26.7445765676622,LSOAs never ranked in top 50 most deprived,519,720,782,865,912,RSF1,Smaller rural: Further from a major town or city,Rural,-208,-253
W01000200,Dyserth 1,Denbighshire,1431,1452,1394,1197,1283,1648,219,1323,1731,10.8933510629761,6.31034785089135,7.2323014981324,10.6722608493273,9.10693348198552,3.44281899211342,47.7934518745139,8.41365113915402,2.32858592802372,LSOAs never ranked in top 50 most deprived,1471,1484,1508,1498,1648,RSF1,Smaller rural: Further from a major town or city,Rural,217,-1212
W01000201,Dyserth 2,Denbighshire,540,326,765,620,745,544,699,690,536,27.0548345360622,39.4049064949531,20.7141720612192,25.3839317421943,21.3046133100029,28.2716310135479,22.7230630059823,23.0111184118452,28.5978075542744,LSOAs never ranked in top 50 most deprived,779,751,834,862,743,RLF1,Larger rural: Further from a major town or city,Rural,4,159
W01000202,Efenechtyd,Denbighshire,1065,1449,1611,1575,1602,101,64,1532,1449,16.7143161119896,6.35713954651361,3.95746861979922,4.4695107759153,4.08441443187066,63.0718327251101,71.1349406732581,5.0964428103536,6.35713954651361,LSOAs never ranked in top 50 most deprived,1334,1518,1482,1497,1431,RSF1,Smaller rural: Further from a major town or city,Rural,-964,-1001
W01000203,Llanarmon-yn-Ial and Llandegla,Denbighshire,1349,1623,1735,1795,1661,140,319,1372,1212,12.1422272046202,3.78929015808468,2.27622753488393,1.5048268045783,3.26469571800256,56.8314171748687,39.8694063508585,7.59190828071483,10.3914547711558,LSOAs never ranked in top 50 most deprived,1508,1578,1642,1622,1539,RSF1,Smaller rural: Further from a major town or city,Rural,-1209,-1030
W01000204,Llanbedr Dyffryn Clwyd and Llangynhafal,Denbighshire,1481,1564,1677,1817,1713,206,568,1816,1516,9.86442078530539,4.62826933985109,3.04734403018861,1.22833904598966,2.56568497886456,49.0573931946691,27.3199698734857,1.24083482798257,5.33415242162353,LSOAs never ranked in top 50 most deprived,1607,1663,1686,1653,1627,RSF1,Smaller rural: Further from a major town or city,Rural,-1275,-913
W01000205,Llandrillo,Denbighshire,1042,1464,1481,1509,1089,49,385,1569,913,16.9605834479642,6.12412723823759,5.86286926702484,5.43892794088303,12.8020952616562,75.4266240198199,35.823068497273,4.555970480365,16.7606396725577,LSOAs never ranked in top 50 most deprived,1192,869,1239,1257,1194,RSF1,Smaller rural: Further from a major town or city,Rural,-993,-657
W01000206,Llandyrnog,Denbighshire,1299,1566,1373,1633,1660,193,320,1682,1076,12.9577332876452,4.59932251839442,7.57543996283443,3.65007476045286,3.27834863975104,50.3948528055127,39.8024721224689,2.97984071065512,13.0722902058456,LSOAs never ranked in top 50 most deprived,1253,1387,1384,1305,1428,RSF1,Smaller rural: Further from a major town or city,Rural,-1106,-979
W01000207,Llanfair Dyffryn Clwyd Gwyddelwern,Denbighshire,1172,1310,1565,1690,1630,137,163,1593,1218,15.0640352102687,8.63668383112238,4.61379137521831,2.87224579783897,3.69175097307364,57.2557282737189,53.8149350485439,4.21206479701297,10.2800852976103,LSOAs never ranked in top 50 most deprived,1155,1511,1435,1431,1541,RSF1,Smaller rural: Further from a major town or city,Rural,-1035,-1009
W01000208,Llangollen 1,Denbighshire,882,1170,1083,1117,1455,159,330,397,925,19.2932574846216,11.1865163946724,12.9264063213085,12.2306987220655,6.263651156064,54.311926245504,39.1436299697375,35.1581560377781,16.4679903931507,LSOAs never ranked in top 50 most deprived,625,862,842,819,775,RLF1,Larger rural: Further from a major town or city,Rural,-723,-552
W01000209,Llangollen 2,Denbighshire,1007,821,826,1070,829,644,1318,616,1428,17.4690286862416,19.1372890163735,19.0016148014497,13.1980742585129,18.9205927745562,24.5425298701483,8.49917718706529,25.5272073501539,6.68737427552595,LSOAs never ranked in top 50 most deprived,1058,1071,1192,922,1118,RLF1,Larger rural: Further from a major town or city,Rural,-363,311
W01000210,Llangollen 3,Denbighshire,1472,1421,1346,1326,1601,475,1291,899,1443,10.0385669356169,6.79851466152666,8.02427648818839,8.36248775002633,4.09856287032381,31.2498052753694,8.96659513758763,17.1068376716429,6.4510094918429,LSOAs never ranked in top 50 most deprived,1318,1587,1607,1501,1482,RLF1,Larger rural: Further from a major town or city,Rural,-997,-181
W01000211,Llanrhaeadr-yng-Nghinmeirch,Denbighshire,1015,1393,1570,1629,1613,68,125,1419,749,17.33434630636,7.2485258617620705,4.54153794047331,3.70565984256498,3.92935333881622,70.1139249360847,59.0358709096692,6.83036794994064,21.185306237659095,LSOAs never ranked in top 50 most deprived,1123,1341,1422,1297,1359,RSF1,Smaller rural: Further from a major town or city,Rural,-947,-890
W01000212,Prestatyn Central 1,Denbighshire,1676,1436,1374,1389,1542,1297,1540,1057,1895,6.76673069899998,6.56101084525749,7.558983428060871,7.313538006868619,4.94911229271788,8.8619004828112,4.97850299285104,13.4729894356203,0.27400832003257,LSOAs never ranked in top 50 most deprived,1591,1543,1592,1581,1694,UF1,Urban: Further from a major town or city,Urban,-379,-136
W01000213,Prestatyn Central 2,Denbighshire,219,118,201,333,318,1664,734,49,1835,40.6684278282273,60.141692542545,49.5626389802718,38.9496021115052,39.9365359388287,3.22378551218913,21.6359351657852,75.4266240198199,1.00456815041415,LSOAs never ranked in top 50 most deprived,400,288,335,317,516,UF1,Urban: Further from a major town or city,Urban,1445,515
W01000214,Prestatyn East 1,Denbighshire,617,661,692,372,711,1280,1210,99,580,24.8442830229988,23.9646280811958,22.946793604401705,36.5657666493048,22.3445165435773,9.15978191401032,10.4286980895289,63.442446411698,26.858509414305505,LSOAs never ranked in top 50 most deprived,389,458,848,715,835,UF1,Urban: Further from a major town or city,Urban,663,593
W01000215,Prestatyn East 2,Denbighshire,1803,1676,1384,1761,1421,1552,1602,1790,1808,4.38833965271071,3.06086850077605,7.395062462084311,1.93877276837315,6.79851466152666,4.80271952272831,4.08441443187066,1.56813118308526,1.34104623915909,LSOAs never ranked in top 50 most deprived,1764,1779,1833,1851,1843,UF1,Urban: Further from a major town or city,Urban,-251,-201
W01000216,Prestatyn East 3,Denbighshire,513,535,474,207,890,1514,999,114,1022,27.9444253165882,28.6389067984773,31.295932496239505,48.9576623742928,17.3321772001439,5.36403961186012,14.7412255037326,60.7983118423662,14.2299061774188,LSOAs never ranked in top 50 most deprived,572,652,1020,1112,1062,UF1,Urban: Further from a major town or city,Urban,1001,486
W01000217,Prestatyn Meliden,Denbighshire,887,600,580,989,782,1573,1159,579,1550,19.2543930588719,26.1094053227161,26.858509414305505,14.9671336386227,20.2239458372538,4.49829458002998,11.3993695873384,26.8966127932738,4.83192362954361,LSOAs never ranked in top 50 most deprived,845,808,766,801,928,UF1,Urban: Further from a major town or city,Urban,686,272
W01000218,Prestatyn North 1,Denbighshire,632,586,513,671,617,1600,1168,259,360,24.3844902466268,26.6312053182129,29.5621843449785,23.6313474304328,25.491304687821,4.11272001753924,11.225070745121,44.2902063742018,37.2732949847907,LSOAs never ranked in top 50 most deprived,592,786,830,840,1006,UF1,Urban: Further from a major town or city,Urban,968,536
W01000219,Prestatyn North 2,Denbighshire,803,604,721,734,626,1435,1365,661,630,20.688843445233495,25.962468402336,22.0337518796172,21.6359351657852,25.1706780267326,6.57676835943883,7.70751785586868,23.9646280811958,25.029599503078295,LSOAs never ranked in top 50 most deprived,836,959,745,807,677,UF1,Urban: Further from a major town or city,Urban,632,562
W01000220,Prestatyn North 3,Denbighshire,788,1032,595,511,807,607,1266,822,734,20.990839274754,14.0110905482459,26.2944064618458,29.647985947346,19.5214906192099,25.8528784830079,9.4080263644472,19.1100900717838,21.6359351657852,LSOAs never ranked in top 50 most deprived,780,647,571,588,609,UF1,Urban: Further from a major town or city,Urban,-181,478
W01000221,Prestatyn South West 1,Denbighshire,704,725,588,758,544,785,1034,467,919,22.9101130831108,21.9106122518438,26.5559337597091,20.9191068011931,28.2716310135479,20.1385096401892,13.9675761280521,31.6214395812399,16.6138495816422,LSOAs never ranked in top 50 most deprived,646,633,695,781,978,UF1,Urban: Further from a major town or city,Urban,81,330
W01000222,Prestatyn South West 2,Denbighshire,1156,1108,946,1061,1026,794,1698,1396,149,15.2892980102302,12.4128184040452,15.9646466734826,13.388049625384,14.1421299579841,19.8840888794969,2.76515187555098,7.19988706490412,55.603521574478,LSOAs never ranked in top 50 most deprived,1025,1039,925,926,1119,UF1,Urban: Further from a major town or city,Urban,-362,542
W01000223,Rhuddlan 1,Denbighshire,1358,1266,1274,1278,816,1005,1596,671,815,11.9830730186509,9.4080263644472,9.26584447784323,9.19508178554439,19.2737683084634,14.6067380762028,4.16943590887313,23.6313474304328,19.3011616189369,LSOAs never ranked in top 50 most deprived,1369,1522,1427,1386,1235,UF1,Urban: Further from a major town or city,Urban,-353,238
W01000224,Rhuddlan 2,Denbighshire,1339,883,1084,1097,854,1649,1574,1083,1817,12.3387863786883,17.5089804663596,12.9056410969755,12.6373854742736,18.2562837106548,3.42906811927115,4.48389817521544,12.9264063213085,1.22833904598966,LSOAs never ranked in top 50 most deprived,1329,1332,1074,1109,1172,RLF1,Larger rural: Further from a major town or city,Rural,310,235
W01000225,Rhuddlan 3,Denbighshire,1221,956,844,923,927,1889,1287,663,1473,14.2825428780675,15.7287764774469,18.5197093709096,16.5165074178743,16.4195754965838,0.34602887733601,9.03665727271942,23.8975844798247,5.98544460749622,LSOAs never ranked in top 50 most deprived,1210,1164,1096,825,973,RLF1,Larger rural: Further from a major town or city,Rural,668,66
W01000226,Rhyl East 1,Denbighshire,277,312,187,337,359,1056,775,284,398,37.1741271507892,40.3434807781602,51.0393899464109,38.6934185024077,37.3332500036774,13.4942734922363,20.4245398801956,42.3439888513391,35.1036046685515,LSOAs never ranked in top 50 most deprived,351,389,479,337,254,UF1,Urban: Further from a major town or city,Urban,779,498
W01000227,Rhyl East 2,Denbighshire,1150,851,797,830,1267,1638,1201,1203,514,15.4581142902776,18.3349950989166,19.799903548978,18.8936487341566,9.3902054870884,3.58078178518821,10.5970433761167,10.5595266834407,29.5194032772626,LSOAs never ranked in top 50 most deprived,973,1234,1040,978,1177,UF1,Urban: Further from a major town or city,Urban,488,51
W01000228,Rhyl East 3,Denbighshire,180,365,61,48,368,1287,762,327,1045,44.46366937342,36.9758420280645,71.9315925517014,75.743341186437,36.7991994167954,9.03665727271942,20.801777737901695,39.3393085814048,13.7297073567066,LSOAs never ranked in top 50 most deprived,133,99,216,182,192,UF1,Urban: Further from a major town or city,Urban,1107,582
W01000229,Rhyl South 1,Denbighshire,399,432,235,622,379,571,1157,406,1213,31.4580677746381,33.3218844443697,46.3275276621096,25.3126272482033,36.1628747637026,27.2037338745168,11.4382826980189,34.6717898978839,10.3728557027694,LSOAs never ranked in top 50 most deprived,587,549,533,571,834,UF1,Urban: Further from a major town or city,Urban,172,758
W01000230,Rhyl South 2,Denbighshire,1180,881,982,855,760,1590,1329,1022,1198,14.9611052674294,17.5597463257632,15.1266000341796,18.2301063273758,20.8603674538182,4.25477284154304,8.31143792104385,14.2299061774188,10.6534334073098,LSOAs never ranked in top 50 most deprived,1327,1343,1142,1122,1203,UF1,Urban: Further from a major town or city,Urban,410,149
W01000231,Rhyl South East 1,Denbighshire,746,663,698,375,595,1742,837,618,1863,22.1563306430546,23.8975844798247,22.7548915842265,36.3922338075472,26.2944064618458,2.18488617544616,18.7059191117323,25.4554579816815,0.660750563455305,LSOAs never ranked in top 50 most deprived,782,894,752,805,942,UF1,Urban: Further from a major town or city,Urban,996,91
W01000232,Rhyl South East 2,Denbighshire,1385,1096,1045,776,1075,1744,1634,1142,1849,11.59445372158,12.6579098072461,13.7297073567066,20.3957762549126,13.0932065020438,2.1588551333598094,3.63619945440964,11.7322486834062,0.832016914366915,LSOAs never ranked in top 50 most deprived,1152,1066,1048,972,781,UF1,Urban: Further from a major town or city,Urban,359,249
W01000233,Rhyl South East 3,Denbighshire,1028,735,746,745,770,1683,1186,926,1897,17.1940816727959,21.6056169977948,21.2747284720274,21.3046133100029,20.5689000671964,2.96636378830555,10.8803863227155,16.4437702057272,0.250051496127652,LSOAs never ranked in top 50 most deprived,917,1157,1053,1007,1123,UF1,Urban: Further from a major town or city,Urban,655,158
W01000234,Rhyl South East 4,Denbighshire,352,214,448,216,492,736,1037,372,1564,34.0729268853822,48.2713988064592,32.5289094731631,48.0790265757632,30.4794737920697,21.5753387420382,13.9024584712527,36.5657666493048,4.62826933985109,LSOAs never ranked in top 50 most deprived,192,182,287,385,378,UF1,Urban: Further from a major town or city,Urban,384,685
W01000235,Rhyl South East 5,Denbighshire,1532,1363,1291,1030,1128,1716,1815,1027,1031,9.05892936929832,7.740656179642969,8.96659513758763,14.0546874508093,12.0100487354592,2.52599834713437,1.25333740256027,14.120238144903,14.0328786696926,LSOAs never ranked in top 50 most deprived,1453,1527,1455,1608,1443,UF1,Urban: Further from a major town or city,Urban,184,283
W01000236,Rhyl South West 1,Denbighshire,21,15,50,7,58,1715,243,30,886,68.578010036639,89.8120767513217,75.1142089728036,95.073915980509,72.7568312135891,2.5392196170027,45.6281761294676,82.3471543725932,17.4330411565341,LSOAs sometimes in the top 50 most deprived,57,100,96,87,121,UF1,Urban: Further from a major town or city,Urban,1694,222
W01000237,Rhyl South West 2,Denbighshire,5,11,20,9,12,500,352,22,851,76.21916385521972,92.2928508046826,87.045728040902,93.6413746078224,91.6471244983198,30.125703080725305,37.75736906021261,86.02608341267012,18.3349950989166,LSOAs in Deep-rooted deprivation,19,20,12,5,29,UF1,Urban: Further from a major town or city,Urban,495,347
W01000238,Rhyl South West 3,Denbighshire,574,567,585,645,410,1880,447,154,1258,26.0556233758918,27.3588461132057,26.6689336767632,24.5081307123561,34.4588851190028,0.45448433694896107,32.5776774489768,54.9486586961829,9.55109266416355,LSOAs never ranked in top 50 most deprived,651,655,586,646,661,UF1,Urban: Further from a major town or city,Urban,1306,-127
W01000239,Rhyl West 1,Denbighshire,9,19,3,2,24,1513,398,3,737,75.37236229075812,87.57301835159141,98.2381135499326,99.1021900078219,85.0497296540466,5.37899778336937,35.1036046685515,98.2381135499326,21.5451002935689,LSOAs in Deep-rooted deprivation,2,11,7,3,12,UF1,Urban: Further from a major town or city,Urban,1504,389
W01000240,Rhyl West 2,Denbighshire,1,1,1,1,6,1593,80,1,477,83.4513920883591,99.9999999999999,99.9999999999999,99.9999999999999,95.8250976903073,4.21206479701297,67.2975617789624,99.9999999999999,31.1578274381644,LSOAs in Deep-rooted deprivation,1,2,1,1,2,UF1,Urban: Further from a major town or city,Urban,1592,79
W01000241,Rhyl West 3,Denbighshire,10,29,8,18,53,1824,56,8,422,73.8073439021252,82.7761020653964,94.3464939726561,88.1126813503824,74.2016460757048,1.14105814627672,73.3239130760878,94.3464939726561,33.8317461988466,LSOAs often in the top 50 most deprived,11,19,34,57,69,UF1,Urban: Further from a major town or city,Urban,1814,46
W01000242,Ruthin 1,Denbighshire,1157,953,861,806,1262,1347,1250,738,666,15.2889940129184,15.7992838993976,18.073664626882895,19.5491807435255,9.47944827553843,8.0074957744983,9.6950544485152,21.5149015478539,23.7973840872252,LSOAs never ranked in top 50 most deprived,1041,1060,1316,1185,1148,RLF1,Larger rural: Further from a major town or city,Rural,190,93
W01000243,Ruthin 2,Denbighshire,1405,886,1200,1202,1538,1408,1456,1302,554,11.3415173288579,17.4330411565341,10.6158246958436,10.5782773803109,5.00793129814132,7.00635397737562,6.24810663580258,8.77501751245247,27.8703095176577,LSOAs never ranked in top 50 most deprived,1447,1593,1669,1701,1632,RLF1,Larger rural: Further from a major town or city,Rural,3,51
W01000244,Ruthin 3,Denbighshire,1882,1836,1819,1792,1833,1050,1812,1859,1191,2.8876555140638094,0.99220003951702,1.20336783026323,1.54278851944654,1.02932434273908,13.6223931168635,1.29088595575025,0.709553811319619,10.7855503029422,LSOAs never ranked in top 50 most deprived,1887,1850,1863,1859,1847,RLF1,Larger rural: Further from a major town or city,Rural,-832,-70
W01000245,St Asaph East,Denbighshire,1557,1246,1271,1234,1300,1308,1841,1041,1525,8.64551644427397,9.76737466434169,9.31905973738181,9.98570980856246,8.8097313262712,8.67118932882823,0.930459051912142,13.8159207244284,5.20013859807531,LSOAs never ranked in top 50 most deprived,1556,1631,1565,1566,1663,RLF1,Larger rural: Further from a major town or city,Rural,-249,284
W01000246,St Asaph West,Denbighshire,792,708,726,881,361,1673,1283,713,488,20.9331182958537,22.4385706702572,21.8799300818585,17.5597463257632,37.2134958467942,3.1014896941000294,9.10693348198552,22.2820267909355,30.658420845487,LSOAs never ranked in top 50 most deprived,1020,783,696,714,632,RLF1,Larger rural: Further from a major town or city,Rural,881,491
W01000247,Trefnant,Denbighshire,988,1157,960,936,1131,196,980,1487,621,17.6763368864136,11.4382826980189,15.6351015498729,16.2029608569497,11.9502370380452,50.0792333688997,15.172365676842,5.77136456102979,25.348251862976895,LSOAs never ranked in top 50 most deprived,1114,1146,1196,1065,1278,RSF1,Smaller rural: Further from a major town or city,Rural,-792,-8
W01000248,Tremeirchion,Denbighshire,1230,1601,1763,1715,1490,92,211,1388,1370,14.0640556641115,4.09856287032381,1.91301863354183,2.5392196170027,5.72574836504909,64.7887465705303,48.5630080967241,7.32981979695347,7.62488033337581,LSOAs never ranked in top 50 most deprived,1243,1340,1231,1266,1303,RSF1,Smaller rural: Further from a major town or city,Rural,-1138,-1019
W01000249,Argoed (Flintshire) 1,Flintshire,1894,1849,1792,1597,1519,1675,1848,1497,1656,2.6864653521449706,0.832016914366915,1.54278851944654,4.15524381913421,5.28939432915953,3.07440092870822,0.8442991640904172,5.61966109424539,3.33304151582498,LSOAs never ranked in top 50 most deprived,1862,1843,1817,1877,1890,UN1,Urban: Nearer to a major town or city,Urban,-219,-46
W01000250,Argoed (Flintshire) 2,Flintshire,1792,1679,1554,1471,1564,1448,1693,1389,1652,4.59679535327885,3.02031892365375,4.77355245062621,6.01619078536322,4.62826933985109,6.37275795655347,2.83202711799647,7.313538006868619,3.38786475895365,LSOAs never ranked in top 50 most deprived,1738,1847,1741,1819,1712,UN1,Urban: Nearer to a major town or city,Urban,-344,-99
W01000251,Hawarden: Aston 1,Flintshire,1207,762,873,1100,1177,1320,1666,875,812,14.5518540250926,20.801777737901695,17.76393774824,12.5759221379212,11.0520828478352,8.46492859478172,3.1965524120076,17.7127196923689,19.3835378508761,LSOAs never ranked in top 50 most deprived,1272,1162,1220,1292,1512,UN1,Urban: Nearer to a major town or city,Urban,113,459
W01000252,Hawarden: Aston 2,Flintshire,1528,1606,1408,1397,1197,682,1507,1461,708,9.10876595362946,4.02790755182067,7.00635397737562,7.18369696311483,10.6722608493273,23.2702318705022,5.46895168062913,6.17054123122068,22.4385706702572,LSOAs never ranked in top 50 most deprived,1498,1399,1513,1475,1611,UN1,Urban: Nearer to a major town or city,Urban,-846,-21
W01000253,Bagillt East,Flintshire,1084,964,917,1082,608,573,1600,1113,1324,16.4263200820906,15.5418065966476,16.6626755924952,12.9471903101728,25.816464241705,27.126568279074,4.11272001753924,12.3114628224399,8.39658402713063,LSOAs never ranked in top 50 most deprived,940,866,832,874,817,UN1,Urban: Nearer to a major town or city,Urban,-511,516
W01000254,Bagillt West,Flintshire,421,508,508,412,345,735,1085,326,216,30.7003602302344,29.7772915086413,29.7772915086413,34.3531672483296,38.1894560124386,21.6056169977948,12.8848946033218,39.4049064949531,48.0790265757632,LSOAs never ranked in top 50 most deprived,568,474,449,552,563,UN1,Urban: Nearer to a major town or city,Urban,314,664
W01000255,Broughton North East,Flintshire,1464,1145,1388,1383,1306,1082,1411,1843,359,10.1974848658631,11.6731541404338,7.32981979695347,7.41140208659252,8.70574667081706,12.9471903101728,6.95822408936744,0.905808988590183,37.3332500036774,LSOAs never ranked in top 50 most deprived,1478,1329,1421,1391,1495,RLN1,Larger rural: Nearer to a major town or city,Rural,-382,-53
W01000256,Broughton South 1,Flintshire,1270,1055,1182,805,853,1390,1622,1202,709,13.3821116063086,13.5155772632306,10.9565376957681,19.5769042446795,18.282490921598,7.29726773457373,3.8032581559873706,10.5782773803109,22.4071765401366,LSOAs never ranked in top 50 most deprived,1455,1216,1100,1258,1456,RLN1,Larger rural: Nearer to a major town or city,Rural,120,352
W01000257,Broughton South 2,Flintshire,1802,1749,1724,1600,1509,1576,1858,1782,515,4.39091423687204,2.0939061313037306,2.420500903293,4.11272001753924,5.43892794088303,4.45513237087,0.721770820884037,1.66978200350748,29.4767016366035,LSOAs never ranked in top 50 most deprived,1831,1735,1677,1643,1722,RLN1,Larger rural: Nearer to a major town or city,Rural,-226,56
W01000258,Brynford,Flintshire,1328,1470,1326,1042,1435,268,924,1334,1559,12.4770595695386,6.03157930099288,8.36248775002633,13.7943370670611,6.57676835943883,43.5704509047974,16.4922361125709,8.22660586398095,4.7007961824822,LSOAs never ranked in top 50 most deprived,1372,1372,1461,1430,1391,RSN1,Smaller rural: Nearer to a major town or city,Rural,-1060,-404
W01000259,Buckley: Bistre East 1,Flintshire,811,715,791,589,747,804,1389,449,1275,20.5391976009661,22.2197063596296,19.9685834801836,26.5183901566588,21.2448824142573,19.604661203232,7.313538006868619,32.4802446836176,9.24813338387546,LSOAs never ranked in top 50 most deprived,921,734,772,852,1140,UN1,Urban: Nearer to a major town or city,Urban,-7,578
W01000260,Buckley: Bistre East 2,Flintshire,1674,1497,1504,1239,1333,1211,1741,1608,1382,6.78759896885436,5.61966109424539,5.51406090412589,9.89448481906336,8.24354726262967,10.4100688919477,2.19791275290499,3.9997060869018695,7.427753327324431,LSOAs never ranked in top 50 most deprived,1629,1505,1555,1513,1547,UN1,Urban: Nearer to a major town or city,Urban,-463,67
W01000261,Buckley: Bistre West 1,Flintshire,1665,1512,1485,1119,1327,1517,1679,967,1822,6.97961847780913,5.39396568933568,5.80182569778082,12.1904227741629,8.34545854747957,5.31922337766314,3.02031892365375,15.4720828916168,1.16596176703063,LSOAs never ranked in top 50 most deprived,1631,1439,1418,1467,1616,UN1,Urban: Nearer to a major town or city,Urban,-148,14
W01000262,Buckley: Bistre West 2,Flintshire,578,420,525,572,464,1724,1058,191,1718,25.9060856571007,33.9350890255224,29.053989753466695,27.1651187152393,31.7623653082104,2.420500903293,13.4517250569291,50.6076979122489,2.4995785858347,LSOAs never ranked in top 50 most deprived,627,617,638,620,717,UN1,Urban: Nearer to a major town or city,Urban,1146,480
W01000263,Buckley: Bistre West 3,Flintshire,269,206,305,183,304,928,1124,269,1442,37.6312585369358,49.0573931946691,40.8275328135948,51.4793397416298,40.8975222773377,16.3954062121735,12.0900403894636,43.4918509036102,6.46669179736645,LSOAs never ranked in top 50 most deprived,470,451,415,446,459,UN1,Urban: Nearer to a major town or city,Urban,659,855
W01000264,Buckley: Mountain 1,Flintshire,1666,1428,1391,1360,1433,1793,1737,630,1472,6.92819808639874,6.68737427552595,7.28100896378488,7.79045336062413,6.60831581168845,1.53012765141815,2.25009296734753,25.029599503078295,6.0008125587809,LSOAs never ranked in top 50 most deprived,1693,1566,1540,1611,1582,UN1,Urban: Nearer to a major town or city,Urban,127,71
W01000265,Buckley: Mountain 2,Flintshire,1679,1501,1493,1465,1578,1097,1638,1704,720,6.71857805927919,5.55925877290174,5.68022246120887,6.10867669802835,4.42640249861117,12.6373854742736,3.58078178518821,2.68515741286009,22.0646400750381,LSOAs never ranked in top 50 most deprived,1520,1598,1536,1539,1568,UN1,Urban: Nearer to a major town or city,Urban,-582,-41
W01000266,Buckley: Pentrobin 1,Flintshire,1572,1247,1372,1323,1423,1582,1591,837,941,8.43063145969418,9.74927328040944,7.59190828071483,8.41365113915402,6.76670542654304,4.36905019206702,4.24052801339914,18.7059191117323,16.0834951054554,LSOAs never ranked in top 50 most deprived,1582,1314,1460,1526,1684,UN1,Urban: Nearer to a major town or city,Urban,10,19
W01000267,Buckley: Pentrobin 2,Flintshire,1785,1689,1710,1449,1557,1007,1853,1557,1666,4.69468310390693,2.88566766807736,2.60544020848821,6.35713954651361,4.72987107744615,14.5620831201808,0.78295339913323,4.72987107744615,3.1965524120076,LSOAs never ranked in top 50 most deprived,1696,1468,1431,1461,1685,UN1,Urban: Nearer to a major town or city,Urban,-778,68
W01000268,Buckley: Pentrobin 3,Flintshire,1814,1742,1776,1463,1804,1433,1897,1345,688,4.18483152134614,2.18488617544616,1.74631603322602,6.13958816451955,1.3913161553612,6.60831581168845,0.250051496127652,8.04106945396384,23.075623623115,LSOAs never ranked in top 50 most deprived,1867,1755,1819,1741,1839,UN1,Urban: Nearer to a major town or city,Urban,-381,83
W01000269,Caergwrle,Flintshire,1420,1031,1165,939,1254,1688,1362,1090,1379,11.1117111981242,14.0328786696926,11.283023719303,16.1312069689596,9.62296092067892,2.89909737535026,7.75724326334024,12.7814419168105,7.4768769123214,LSOAs never ranked in top 50 most deprived,1244,1150,1045,1012,1208,RLN1,Larger rural: Nearer to a major town or city,Rural,268,-58
W01000270,Caerwys 1,Flintshire,1443,1831,1857,1787,1608,162,408,1770,897,10.6332585308443,1.05410721025941,0.733994323259279,1.60619761297425,3.9997060869018695,53.9381796839335,34.565091159079,1.82310558552363,17.1567226767283,LSOAs never ranked in top 50 most deprived,1559,1568,1608,1636,1524,RSF1,Smaller rural: Further from a major town or city,Rural,-1281,-1035
W01000271,Caerwys 2,Flintshire,1319,1399,1442,1530,1236,385,619,1139,672,12.6679894584315,7.15135090896387,6.46669179736645,5.12602250353269,9.94917638218329,35.823068497273,25.4196670575853,11.7914954508383,23.5982834499749,LSOAs never ranked in top 50 most deprived,1352,1316,1298,1346,1392,RSF1,Smaller rural: Further from a major town or city,Rural,-934,-700
W01000272,Cilcain,Flintshire,1303,1632,1678,1663,1746,122,553,1550,318,12.8977124467682,3.6639584421629694,3.03382750759324,3.23741416381765,2.13285351949854,59.5032997094976,27.9101280144764,4.83192362954361,39.9365359388287,LSOAs never ranked in top 50 most deprived,1557,1512,1568,1481,1622,RSF1,Smaller rural: Further from a major town or city,Rural,-1181,-750
W01000273,Connah's Quay Central 1,Flintshire,772,788,706,680,381,1614,1402,295,930,21.384240819041,20.053389631739705,22.501487779095,23.3354689310173,36.0490472780562,3.9153085759125,7.10291696165361,41.5372003261676,16.3471437042061,LSOAs never ranked in top 50 most deprived,672,669,591,652,892,UN1,Urban: Nearer to a major town or city,Urban,842,630
W01000274,Connah's Quay Central 2,Flintshire,287,313,401,125,255,1495,704,263,736,36.8234530480981,40.2751546577664,34.9407226002032,59.0358709096692,44.6174729412671,5.64992184469393,22.5645774715646,43.9675312221797,21.5753387420382,LSOAs never ranked in top 50 most deprived,231,193,260,298,413,UN1,Urban: Nearer to a major town or city,Urban,1208,417
W01000275,Connah's Quay: Golftyn 1,Flintshire,1440,1239,1331,1464,1005,1117,1274,918,753,10.7380816842888,9.89448481906336,8.27746754216379,6.12412723823759,14.6067380762028,12.2306987220655,9.26584447784323,16.6382496306617,21.0666148502514,LSOAs never ranked in top 50 most deprived,1458,1274,1171,1054,1196,UN1,Urban: Nearer to a major town or city,Urban,-323,-166
W01000276,Connah's Quay: Golftyn 2,Flintshire,1631,1286,1544,1547,1319,935,1855,1146,1319,7.59246476158178,9.05420620453297,4.9197591017565,4.8757994359463,8.48204651610847,16.2269286511038,0.758460834073115,11.6534896520741,8.48204651610847,LSOAs never ranked in top 50 most deprived,1573,1474,1288,1379,1552,UN1,Urban: Nearer to a major town or city,Urban,-696,224
W01000277,Connah's Quay: Golftyn 3,Flintshire,1689,1545,1589,1241,1506,970,1856,1141,1683,6.52273228204671,4.90509654232021,4.26902649755159,9.85809589403115,5.48397826044981,15.4025699129392,0.7462243253503089,11.7519806533515,2.96636378830555,LSOAs never ranked in top 50 most deprived,1645,1475,1331,1335,1751,UN1,Urban: Nearer to a major town or city,Urban,-719,167
W01000278,Connah's Quay: Golftyn 4,Flintshire,185,132,254,91,300,1057,963,98,1175,43.6932555461936,57.9807862298472,44.7000223997743,64.9876733609214,41.1796295698724,13.4729894356203,15.5650948808948,63.6300170576852,11.0904123205042,LSOAs never ranked in top 50 most deprived,225,230,153,247,476,UN1,Urban: Nearer to a major town or city,Urban,872,778
W01000279,Connah's Quay South 1,Flintshire,1538,1514,1436,1369,817,953,1709,1042,1722,8.96066595212335,5.36403961186012,6.56101084525749,7.641384102037111,19.2464075849848,15.7992838993976,2.6187072366952706,13.7943370670611,2.44682993327569,LSOAs never ranked in top 50 most deprived,1468,1411,1470,1312,1592,UN1,Urban: Nearer to a major town or city,Urban,-585,171
W01000280,Connah's Quay South 2,Flintshire,1640,1548,1639,1386,1448,457,1888,1371,1838,7.449872151578471,4.86116486524089,3.56694820635062,7.362417995801901,6.37275795655347,32.0945893574396,0.358054259664359,7.608388398587911,0.967483752488668,LSOAs never ranked in top 50 most deprived,1588,1410,1360,1443,1672,UN1,Urban: Nearer to a major town or city,Urban,-1183,248
W01000281,Connah's Quay South 3,Flintshire,1475,1114,1258,1316,804,1562,1725,1333,1536,9.98540035570141,12.2912451941267,9.55109266416355,8.53347685393684,19.604661203232,4.65725263845909,2.4073476821473,8.24354726262967,5.03739730494301,LSOAs never ranked in top 50 most deprived,1489,1448,1325,1470,1579,UN1,Urban: Nearer to a major town or city,Urban,87,250
W01000282,Connah's Quay South 4,Flintshire,1878,1838,1848,1828,1645,909,1909,1793,1588,3.01937095917932,0.967483752488668,0.8442991640904172,1.09133165346827,3.48412100647357,16.8590227972697,0.106832221896123,1.53012765141815,4.28328899237325,LSOAs never ranked in top 50 most deprived,1882,1852,1824,1563,1775,UN1,Urban: Nearer to a major town or city,Urban,-969,31
W01000283,Connah's Quay: Wepre,Flintshire,1421,1217,1302,1264,858,1803,1165,625,1029,11.0984915977999,10.2986094676654,8.77501751245247,9.44370959669208,18.1517524664854,1.40390082075009,11.283023719303,25.2060832851683,14.0765169308124,LSOAs never ranked in top 50 most deprived,1294,938,1157,1259,1476,UN1,Urban: Nearer to a major town or city,Urban,382,-256
W01000284,Hawarden: Ewloe 1,Flintshire,1825,1797,1862,1863,1766,943,1900,1831,510,3.98174312885524,1.4795537590219,0.67294167060648,0.660750563455305,1.87444142206829,16.0358820119611,0.214162983114442,1.05410721025941,29.6910070790377,LSOAs never ranked in top 50 most deprived,1852,1690,1739,1780,1837,UN1,Urban: Nearer to a major town or city,Urban,-882,75
W01000285,Hawarden: Ewloe 2,Flintshire,1873,1906,1773,1882,1651,1068,1887,1528,1135,3.13771287563655,0.142553519537921,1.7846787624585,0.430338888596109,3.40159101249514,13.240155607887,0.370085932665366,5.1556402873674,11.8707292942162,LSOAs never ranked in top 50 most deprived,1876,1782,1823,1838,1821,UN1,Urban: Nearer to a major town or city,Urban,-805,14
W01000286,Hawarden: Ewloe 3,Flintshire,1764,1739,1786,1719,1751,1040,1775,1222,500,5.03419454148522,2.22398806244041,1.61890043633505,2.48638007697319,2.06797779772392,13.8375246553555,1.75909650129803,10.2061374513068,30.125703080725305,LSOAs never ranked in top 50 most deprived,1846,1677,1730,1735,1776,UN1,Urban: Nearer to a major town or city,Urban,-724,11
W01000287,Ffynnongroyw,Flintshire,429,601,620,660,578,151,270,287,1072,30.3883675660141,26.0725829943683,25.3839317421943,23.998223310090495,26.9347794016803,55.3393347887518,43.4135185948375,42.121134111506,13.156069761591,LSOAs never ranked in top 50 most deprived,409,507,580,656,648,RSF1,Smaller rural: Further from a major town or city,Rural,-278,-159
W01000288,Flint: Castle,Flintshire,192,158,277,196,56,1629,1091,201,873,43.2134392675315,54.4378703545907,42.8725374686119,50.0792333688997,73.3239130760878,3.70565984256498,12.7608071014425,49.5626389802718,17.76393774824,LSOAs never ranked in top 50 most deprived,320,311,209,179,215,UN1,Urban: Nearer to a major town or city,Urban,1437,899
W01000289,Flint: Coleshill 1,Flintshire,1635,1372,1517,1637,1214,697,1784,1541,1727,7.516765290495301,7.59190828071483,5.31922337766314,3.59462368937705,10.3542716624636,22.7867642695324,1.64432714963132,4.96380294814753,2.38106378453009,LSOAs never ranked in top 50 most deprived,1612,1583,1583,1005,1299,UN1,Urban: Nearer to a major town or city,Urban,-938,149
W01000290,Flint: Coleshill 2,Flintshire,308,314,246,132,482,1163,1251,459,701,35.6830937425211,40.2070309127906,45.3713061162476,57.9807862298472,30.9294793125097,11.3217403190675,9.6770098701235,31.999177516669,22.6595376835578,LSOAs never ranked in top 50 most deprived,223,343,421,393,500,UN1,Urban: Nearer to a major town or city,Urban,855,943
W01000291,Flint: Coleshill 3,Flintshire,1219,1027,1124,1167,959,468,1557,794,1441,14.3047817709321,14.120238144903,12.0900403894636,11.2443721828611,15.6584845384211,31.5746555725766,4.72987107744615,19.8840888794969,6.48238480299949,LSOAs never ranked in top 50 most deprived,1279,1070,1101,1126,1111,UN1,Urban: Nearer to a major town or city,Urban,-751,338
W01000292,Flint: Oakenholt 1,Flintshire,449,357,496,543,180,1391,941,488,1447,29.8290469605889,37.4536309497537,30.3019082598622,28.312151008497,51.8149142947811,7.28100896378488,16.0834951054554,30.658420845487,6.38838697965858,LSOAs never ranked in top 50 most deprived,469,392,351,379,473,UN1,Urban: Nearer to a major town or city,Urban,942,492
W01000293,Flint: Oakenholt 2,Flintshire,1057,860,1143,1084,763,800,1695,725,236,16.7999873104326,18.0996644603327,11.71253362724,12.9056410969755,20.7725387538889,19.7160252328773,2.8052536827735,21.9106122518438,46.2389369258219,LSOAs never ranked in top 50 most deprived,678,595,697,645,737,UN1,Urban: Nearer to a major town or city,Urban,-257,638
W01000294,Flint: Trelawny 1,Flintshire,1561,1582,1567,1442,1332,359,1808,1379,1404,8.58603474353248,4.36905019206702,4.58486275792752,6.46669179736645,8.26050114921597,37.3332500036774,1.34104623915909,7.4768769123214,7.07068423377793,LSOAs never ranked in top 50 most deprived,1685,1390,1371,1166,1013,UN1,Urban: Nearer to a major town or city,Urban,-1202,247
W01000295,Flint: Trelawny 2,Flintshire,1541,1269,1397,1057,1176,1596,1502,1288,1234,8.93183610700893,9.35460510291074,7.18369696311483,13.4729894356203,11.071239599668,4.16943590887313,5.54418294566162,9.01912172048089,9.98570980856246,LSOAs never ranked in top 50 most deprived,1515,1284,1209,1102,1165,UN1,Urban: Nearer to a major town or city,Urban,55,-39
W01000296,Greenfield 1,Flintshire,264,250,298,126,320,1135,826,691,675,37.7975078015051,45.0332153132561,41.3219914904767,58.8821487500075,39.8024721224689,11.8707292942162,19.0016148014497,22.978933520734895,23.4993757451571,LSOAs never ranked in top 50 most deprived,247,239,214,186,168,UN1,Urban: Nearer to a major town or city,Urban,871,562
W01000297,Greenfield 2,Flintshire,1128,848,934,823,846,993,1286,1121,1633,15.8415907464974,18.4139767812634,16.2509214476258,19.0829232536666,18.4667823186372,14.8765039443765,9.05420620453297,12.1502172313369,3.65007476045286,LSOAs never ranked in top 50 most deprived,1208,1078,1290,1254,1455,UN1,Urban: Nearer to a major town or city,Urban,-135,158
W01000298,Gronant,Flintshire,516,428,531,557,684,282,801,737,1794,27.7220453723919,33.524474867068,28.8040421482216,27.751265975903,23.2051793247566,42.4937674101781,19.6881336332693,21.5451002935689,1.51747374901552,LSOAs never ranked in top 50 most deprived,475,449,636,629,639,RSF1,Smaller rural: Further from a major town or city,Rural,-234,285
W01000299,Gwernaffield,Flintshire,1498,1642,1783,1692,1695,216,780,1751,829,9.60919736471662,3.52549732194833,1.65705105510444,2.84542553191598,2.8052536827735,48.0790265757632,20.2810801255674,2.06797779772392,18.9205927745562,LSOAs never ranked in top 50 most deprived,1619,1625,1672,1702,1609,RSN1,Smaller rural: Nearer to a major town or city,Rural,-1282,-718
W01000300,Gwernymynydd,Flintshire,1573,1590,1615,1790,1733,290,1075,1675,1106,8.41868376722097,4.25477284154304,3.90127238409541,1.56813118308526,2.30239183253676,41.9004179811054,13.0932065020438,3.07440092870822,12.4534860302914,LSOAs never ranked in top 50 most deprived,1640,1582,1689,1689,1702,RSN1,Smaller rural: Nearer to a major town or city,Rural,-1283,-498
W01000301,Halkyn,Flintshire,1345,1550,1572,1559,1623,203,350,1415,1413,12.2373236391987,4.83192362954361,4.51270000163965,4.7007961824822,3.78929015808468,49.3592068784843,37.8799964021223,6.89420717633154,6.92619336021997,LSOAs never ranked in top 50 most deprived,1179,1471,1502,1490,1542,RSN1,Smaller rural: Nearer to a major town or city,Rural,-1142,-995
W01000302,Hawarden,Flintshire,1866,1718,1668,1846,1731,1219,1676,1755,1650,3.21332460067433,2.4995785858347,3.16935151898829,0.868883357631362,2.32858592802372,10.2615760348921,3.06086850077605,2.01620865464999,3.41532546266928,LSOAs never ranked in top 50 most deprived,1847,1838,1853,1798,1773,UN1,Urban: Nearer to a major town or city,Urban,-647,-190
W01000303,Higher Kinnerton,Flintshire,1765,1801,1846,1839,1905,310,1823,1784,1692,5.02945092689949,1.42909082783773,0.868883357631362,0.9551355620861289,0.154472958008197,40.480744979926,1.15350658605424,1.64432714963132,2.84542553191598,LSOAs never ranked in top 50 most deprived,1866,1868,1880,1880,1820,RLN1,Larger rural: Nearer to a major town or city,Rural,-1455,58
W01000304,Holywell Central,Flintshire,129,160,136,65,175,1610,665,11,1735,48.636481339513,54.186668030915,57.398922833939,70.8754061804421,52.3853202108301,3.97153915888444,23.8307357386068,92.2928508046826,2.27622753488393,LSOAs never ranked in top 50 most deprived,152,155,155,152,247,UN1,Urban: Nearer to a major town or city,Urban,1481,536
W01000305,Holywell East,Flintshire,696,534,666,784,473,890,1115,445,1783,23.0362792268517,28.6800796153805,23.7973840872252,20.1669531245814,31.3421524126318,17.3321772001439,12.271045322054,32.6755247162557,1.65705105510444,LSOAs never ranked in top 50 most deprived,983,964,1207,1128,1159,UN1,Urban: Nearer to a major town or city,Urban,194,419
W01000306,Holywell West,Flintshire,730,525,574,798,759,1060,1483,171,1654,22.3763008288876,29.053989753466695,27.0880823494183,19.7719101082479,20.889718375820905,13.4092551880126,5.83232723068407,52.8520542938503,3.36043680267586,LSOAs never ranked in top 50 most deprived,675,636,658,614,674,UN1,Urban: Nearer to a major town or city,Urban,330,753
W01000307,Hope 1,Flintshire,1755,1774,1826,1808,1843,719,1028,1160,1581,5.2075966352171,1.77188407507363,1.11618146115725,1.34104623915909,0.905808988590183,22.095569808014705,14.0983671490301,11.3799376927195,4.38337486685589,LSOAs never ranked in top 50 most deprived,1807,1816,1682,1594,1459,RSN1,Smaller rural: Nearer to a major town or city,Rural,-1036,-727
W01000308,Hope 2,Flintshire,1393,1087,1139,1106,1304,1233,1109,898,1506,11.5220456379237,12.8434576731016,11.7914954508383,12.4534860302914,8.74035601311472,10.0039983060913,12.3925115242157,17.1317666496571,5.48397826044981,LSOAs never ranked in top 50 most deprived,1236,1287,1310,1344,1281,RLN1,Larger rural: Nearer to a major town or city,Rural,-160,-284
W01000309,Leeswood,Flintshire,837,780,907,799,821,553,744,917,727,20.1210445724856,20.2810801255674,16.9083726246712,19.743950697092295,19.1372890163735,27.9101280144764,21.334537029092495,16.6626755924952,21.8492887875923,LSOAs never ranked in top 50 most deprived,1181,1064,1035,1120,1105,RLN1,Larger rural: Nearer to a major town or city,Rural,-284,-93
W01000310,Llanfynydd,Flintshire,1460,1669,1695,1480,1606,226,715,1233,1341,10.3203991915854,3.15576312637597,2.8052536827735,5.87815550762791,4.02790755182067,47.1405848632799,22.2197063596296,10.0039983060913,8.10836419659457,LSOAs never ranked in top 50 most deprived,1476,1455,1474,1544,1569,RSN1,Smaller rural: Nearer to a major town or city,Rural,-1234,-745
W01000311,Hawarden: Mancot 1,Flintshire,1121,805,991,842,996,765,1590,971,1152,15.9505264388023,19.5769042446795,14.9217741516291,18.5727584986254,14.8087652662821,20.7141720612192,4.25477284154304,15.3794455283014,11.535854485957,LSOAs never ranked in top 50 most deprived,1274,1184,1138,1104,1249,UN1,Urban: Nearer to a major town or city,Urban,-356,469
W01000312,Hawarden: Mancot 2,Flintshire,1022,814,963,988,800,821,1259,1134,507,17.2312989786018,19.3285875941208,15.5650948808948,14.9898469722039,19.7160252328773,19.1372890163735,9.53316063392553,11.8905804781145,29.8205554137292,LSOAs never ranked in top 50 most deprived,876,650,633,641,969,UN1,Urban: Nearer to a major town or city,Urban,-201,237
W01000313,Mold: Broncoed 1,Flintshire,1326,855,1128,1126,1193,1208,1503,1246,965,12.5333326607206,18.2301063273758,12.0100487354592,12.0500097871272,10.7477251154287,10.466001812891,5.52911699371266,9.76737466434169,15.5185418687327,LSOAs never ranked in top 50 most deprived,1211,1067,1125,1143,1343,UN1,Urban: Nearer to a major town or city,Urban,-118,177
W01000314,Mold: Broncoed 2,Flintshire,958,873,681,885,1211,1881,1280,254,241,18.0384642295685,17.76393774824,23.3028272710172,17.4583264112032,10.4100688919477,0.442408444279875,9.15978191401032,44.7000223997743,45.8010305504303,LSOAs never ranked in top 50 most deprived,694,470,1046,1096,1501,UN1,Urban: Nearer to a major town or city,Urban,923,322
W01000315,Mold East,Flintshire,1086,941,537,1092,1184,1242,1384,706,826,16.4140371840383,16.0834951054554,28.5567816203031,12.7401907823339,10.91843049278,9.83992299823346,7.395062462084311,22.501487779095,19.0016148014497,LSOAs never ranked in top 50 most deprived,1149,1014,1158,1145,1405,UN1,Urban: Nearer to a major town or city,Urban,156,298
W01000316,Mold South 1,Flintshire,1860,1778,1722,1749,1663,1496,1778,1797,814,3.39401628483632,1.72077638263589,2.44682993327569,2.0939061313037306,3.23741416381765,5.63478649276884,1.72077638263589,1.4795537590219,19.3285875941208,LSOAs never ranked in top 50 most deprived,1888,1775,1708,1677,1719,UN1,Urban: Nearer to a major town or city,Urban,-364,-82
W01000317,Mold South 2,Flintshire,1902,1861,1864,1837,1897,930,1910,1841,1606,2.35360388253694,0.685139243058358,0.648565914754627,0.979838575922327,0.250051496127652,16.3471437042061,0.0949374406634471,0.930459051912142,4.02790755182067,LSOAs never ranked in top 50 most deprived,1909,1896,1874,1861,1809,UN1,Urban: Nearer to a major town or city,Urban,-972,8
W01000318,Mold West 1,Flintshire,88,69,112,67,117,1541,456,118,333,54.9382722582565,69.8655990996753,61.1337875661468,70.3649611810893,60.3040983434743,4.96380294814753,32.1424441147939,60.141692542545,38.9496021115052,LSOAs never ranked in top 50 most deprived,295,231,184,151,209,UN1,Urban: Nearer to a major town or city,Urban,1453,368
W01000319,Mold West 2,Flintshire,1058,923,755,980,813,1454,1580,305,857,16.7948156393665,16.5165074178743,21.0074980590031,15.172365676842,19.3560463120093,6.27920618917483,4.39770846878359,40.8275328135948,18.1778407727645,LSOAs never ranked in top 50 most deprived,1085,919,806,741,787,UN1,Urban: Nearer to a major town or city,Urban,396,522
W01000320,Mostyn (Flintshire),Flintshire,390,472,431,662,193,257,748,703,1703,31.8442924620493,31.3884653978513,33.3723650014289,23.931081852016295,50.3948528055127,44.453257578917,21.2150750361765,22.5961873330459,2.69847051724183,LSOAs never ranked in top 50 most deprived,464,535,514,508,575,RSF1,Smaller rural: Further from a major town or city,Rural,-133,358
W01000321,New Brighton 1,Flintshire,1856,1702,1699,1676,1612,1216,1780,1852,1804,3.45177632324966,2.71179133211939,2.75180012916962,3.06086850077605,3.94340668328068,10.3171485690894,1.69526506032076,0.795209469357828,1.3913161553612,LSOAs never ranked in top 50 most deprived,1880,1871,1803,1820,1784,UN1,Urban: Nearer to a major town or city,Urban,-640,-76
W01000322,New Brighton 2,Flintshire,1513,1414,1131,1114,1404,1290,1748,720,1308,9.36869266676934,6.91019470786337,11.9502370380452,12.2912451941267,7.07068423377793,8.98409067323127,2.1068812673999706,22.0646400750381,8.67118932882823,LSOAs never ranked in top 50 most deprived,1484,1585,1561,1452,1555,UN1,Urban: Nearer to a major town or city,Urban,-223,235
W01000323,Northop 1,Flintshire,1611,1664,1707,1729,1709,317,1692,1583,531,7.872539493883529,3.22378551218913,2.6452642735573506,2.35480988929415,2.6187072366952706,40.0038620301026,2.84542553191598,4.35473443330402,28.8040421482216,LSOAs never ranked in top 50 most deprived,1678,1671,1610,1686,1728,RSN1,Smaller rural: Nearer to a major town or city,Rural,-1294,81
W01000324,Northop 2,Flintshire,1870,1843,1838,1791,1681,1170,1837,1899,869,3.15663771338376,0.905808988590183,0.967483752488668,1.55545636077368,2.9933255344798506,11.1865163946724,0.979838575922327,0.226119599713166,17.8667173033409,LSOAs never ranked in top 50 most deprived,1865,1825,1782,1737,1827,RLN1,Larger rural: Nearer to a major town or city,Rural,-700,-33
W01000325,Northop Hall,Flintshire,1722,1652,1720,1517,1619,749,1750,1428,1039,5.90932264821913,3.38786475895365,2.4731891377088,5.31922337766314,3.8452131188805,21.185306237659095,2.08093831082661,6.68737427552595,13.8591488979644,LSOAs never ranked in top 50 most deprived,1772,1743,1702,1709,1678,RLN1,Larger rural: Nearer to a major town or city,Rural,-973,28
W01000326,Pen-y-ffordd 1,Flintshire,1841,1732,1787,1610,1779,1285,1868,1572,927,3.6732804231793,2.31548515130958,1.60619761297425,3.97153915888444,1.70801718437217,9.07176853635428,0.599891767833017,4.51270000163965,16.4195754965838,LSOAs never ranked in top 50 most deprived,1763,1758,1718,1754,1753,RLN1,Larger rural: Nearer to a major town or city,Rural,-556,27
W01000327,Pen-y-ffordd 2,Flintshire,1812,1657,1797,1646,1652,1077,1718,1285,1570,4.23178866168556,3.3193560991323894,1.4795537590219,3.47034542585786,3.38786475895365,13.0513929137336,2.4995785858347,9.07176853635428,4.54153794047331,LSOAs never ranked in top 50 most deprived,1773,1762,1798,1770,1730,RLN1,Larger rural: Nearer to a major town or city,Rural,-735,-94
W01000328,Queensferry,Flintshire,530,571,718,695,331,522,838,828,188,27.4017970339973,27.2037338745168,22.1265411904144,22.850642451496,39.0787719782363,29.1799895858898,18.6792252420405,18.9475684163847,50.930704953028,LSOAs never ranked in top 50 most deprived,441,360,498,502,521,UN1,Urban: Nearer to a major town or city,Urban,-8,308
W01000329,Saltney Mold Junction,Flintshire,797,608,814,804,719,758,1150,739,735,20.867597201261095,25.816464241705,19.3285875941208,19.604661203232,22.095569808014705,20.9191068011931,11.574999395637,21.4847424007712,21.6056169977948,LSOAs never ranked in top 50 most deprived,545,628,680,644,750,UN1,Urban: Nearer to a major town or city,Urban,-39,353
W01000330,Saltney Stonebridge 1,Flintshire,650,503,770,524,472,1027,1312,752,760,23.755381014573,29.994429466825,20.5689000671964,29.095913048907505,31.3884653978513,14.120238144903,8.60223002237486,21.0962303240394,20.8603674538182,LSOAs never ranked in top 50 most deprived,789,719,547,579,776,UN1,Urban: Nearer to a major town or city,Urban,377,662
W01000331,Saltney Stonebridge 2,Flintshire,1390,1190,1324,1127,739,1101,1645,1343,1027,11.5475352928394,10.8044862496646,8.39658402713063,12.0300205825679,21.4847424007712,12.5554708049479,3.48412100647357,8.07469221342719,14.120238144903,LSOAs never ranked in top 50 most deprived,1287,1237,1281,1267,1727,UN1,Urban: Nearer to a major town or city,Urban,-289,255
W01000332,Sealand 1,Flintshire,976,911,1313,1207,924,307,1007,1631,126,17.8041767071877,16.8097786303928,8.5850224530122,10.484676387737,16.4922361125709,40.6881896017888,14.5620831201808,3.67785050965783,58.8821487500075,LSOAs never ranked in top 50 most deprived,575,709,667,613,819,RSN1,Smaller rural: Nearer to a major town or city,Rural,-669,31
W01000333,Sealand 2,Flintshire,146,113,195,138,146,989,739,800,184,46.8415519059211,60.9654380577152,50.1839593491089,57.1134197081889,56.005580172015,14.9671336386227,21.4847424007712,19.7160252328773,51.3685608303201,LSOAs never ranked in top 50 most deprived,158,261,330,269,279,UN1,Urban: Nearer to a major town or city,Urban,843,593
W01000334,Shotton East,Flintshire,869,875,1048,810,411,1852,631,443,585,19.6636371519846,17.7127196923689,13.6652587462547,19.4386197060457,34.4059654431317,0.795209469357828,24.9944646703117,32.7737900273049,26.6689336767632,LSOAs never ranked in top 50 most deprived,870,702,707,648,722,UN1,Urban: Nearer to a major town or city,Urban,983,-238
W01000335,Shotton Higher 1,Flintshire,305,197,332,294,225,1406,1096,337,1346,35.8302510346254,49.9749820772766,39.014096366433,41.6093864293328,47.2327246165593,7.03849661437819,12.6579098072461,38.6934185024077,8.02427648818839,LSOAs never ranked in top 50 most deprived,260,285,297,276,383,UN1,Urban: Nearer to a major town or city,Urban,1101,791
W01000336,Shotton Higher 2,Flintshire,79,57,104,70,71,1503,604,41,1032,56.2242881070327,73.0386244617208,62.5268745529736,69.619925768559,69.3768488753494,5.52911699371266,25.962468402336,78.09159448065671,14.0110905482459,LSOAs never ranked in top 50 most deprived,98,82,83,82,104,UN1,Urban: Nearer to a major town or city,Urban,1424,525
W01000337,Shotton West,Flintshire,1202,1169,1194,1113,735,1740,895,202,899,14.5806216815764,11.2057854914306,10.7288358234862,12.3114628224399,21.6056169977948,2.2109467124459,17.2067161132839,49.460698013698,17.1068376716429,LSOAs never ranked in top 50 most deprived,1022,927,1089,1016,1156,UN1,Urban: Nearer to a major town or city,Urban,538,-307
W01000338,Trelawnyd and Gwaenysgor,Flintshire,1079,1159,1080,1232,1384,207,493,877,1431,16.4942663755052,11.3993695873384,12.9888147173631,10.0223013573301,7.395062462084311,48.9576623742928,30.4349537266765,17.661615439175,6.6399065947588,LSOAs never ranked in top 50 most deprived,1052,1205,1374,1482,1334,RSF1,Smaller rural: Further from a major town or city,Rural,-872,-586
W01000339,Treuddyn,Flintshire,1088,1123,1383,1216,1341,112,514,1165,1561,16.3971058340426,12.1100818478712,7.41140208659252,10.3171485690894,8.10836419659457,61.1337875661468,29.5194032772626,11.283023719303,4.67175799544653,LSOAs never ranked in top 50 most deprived,1120,1272,1444,1444,1416,RSN1,Smaller rural: Nearer to a major town or city,Rural,-976,-574
W01000340,Whitford,Flintshire,1492,1714,1489,1448,1425,264,968,1603,1748,9.69654697253103,2.55244849132853,5.74094371357136,6.37275795655347,6.73494012330532,43.8875648374803,15.4488885476342,4.07027469147199,2.1068812673999706,LSOAs never ranked in top 50 most deprived,1617,1557,1524,1426,1618,UN1,Urban: Nearer to a major town or city,Urban,-1228,-524
W01000341,Acton 1,Wrexham,1144,811,924,1085,949,1148,1242,400,1840,15.5706217980479,19.4110622892759,16.4922361125709,12.8848946033218,15.8936312832385,11.614211041696,9.83992299823346,34.9948885570188,0.9427939975962821,LSOAs never ranked in top 50 most deprived,961,1155,964,925,929,UN1,Urban: Nearer to a major town or city,Urban,4,98
W01000342,Acton 2,Wrexham,485,368,471,286,824,985,817,454,1325,28.6487735456905,36.7991994167954,31.4348718274628,42.1951793598668,19.055788486218,15.0581218652982,19.2464075849848,32.2384533751392,8.37952957033932,LSOAs never ranked in top 50 most deprived,542,492,543,457,484,UN1,Urban: Nearer to a major town or city,Urban,500,332
W01000343,Borras Park 1,Wrexham,1905,1821,1681,1688,1818,1855,1755,1908,1280,2.18423254923939,1.17842369651097,2.9933255344798506,2.89909737535026,1.21585004920479,0.758460834073115,2.01620865464999,0.118733157869366,9.15978191401032,LSOAs never ranked in top 50 most deprived,1877,1901,1867,1812,1586,UN1,Urban: Nearer to a major town or city,Urban,-50,-150
W01000344,Borras Park 2,Wrexham,1827,1770,1617,1544,1768,1229,1854,1838,1128,3.89848829183244,1.82310558552363,3.8732256719203506,4.9197591017565,1.84875918114614,10.0772980653991,0.770703856354722,0.967483752488668,12.0100487354592,LSOAs never ranked in top 50 most deprived,1776,1810,1724,1681,1665,UN1,Urban: Nearer to a major town or city,Urban,-598,27
W01000345,Bronington 1,Wrexham,1501,1735,1649,1662,1725,220,1077,1655,527,9.57165497944792,2.27622753488393,3.42906811927115,3.25105089589296,2.4073476821473,47.6990428598684,13.0513929137336,3.34673508043685,28.9703717157988,LSOAs never ranked in top 50 most deprived,1444,1479,1539,1606,1636,RSN1,Smaller rural: Nearer to a major town or city,Rural,-1281,-424
W01000346,Bronington 2,Wrexham,1329,1479,1698,1862,1714,125,335,1605,1166,12.470650307486,5.89345191451641,2.76515187555098,0.67294167060648,2.55244849132853,59.0358709096692,38.8211536237917,4.04202126210555,11.263689831837,LSOAs never ranked in top 50 most deprived,1290,1565,1484,1377,1348,RSF1,Smaller rural: Further from a major town or city,Rural,-1204,-994
W01000347,Brymbo 1,Wrexham,1594,1480,1559,1250,1514,590,1675,1089,1763,8.09911971318802,5.87815550762791,4.7007961824822,9.6950544485152,5.36403961186012,26.4809077373209,3.07440092870822,12.8020952616562,1.91301863354183,LSOAs never ranked in top 50 most deprived,1514,1378,969,919,751,UN1,Urban: Nearer to a major town or city,Urban,-1004,81
W01000348,Brymbo 2,Wrexham,412,301,394,314,601,1417,477,430,1885,30.9709527531541,41.1087776906679,35.322590777636,40.2070309127906,26.0725829943683,6.86226541397567,31.1578274381644,33.4229565973129,0.39416817703550894,LSOAs never ranked in top 50 most deprived,529,592,401,396,365,UN1,Urban: Nearer to a major town or city,Urban,1005,65
W01000349,Brynyffynnon 1,Wrexham,1188,1029,1170,861,1260,485,1457,942,835,14.7585610812551,14.0765169308124,11.1865163946724,18.073664626882895,9.5152425735665,30.7935507731975,6.23257261418999,16.059676238022,18.7593999742441,LSOAs never ranked in top 50 most deprived,1073,971,985,789,863,UN1,Urban: Nearer to a major town or city,Urban,-703,269
W01000350,Brynyffynnon 2,Wrexham,867,888,1132,797,1320,823,360,155,587,19.6988647767262,17.3825538874175,11.9303343203381,19.799903548978,8.46492859478172,19.0829232536666,37.2732949847907,54.8198942097118,26.5935387465426,LSOAs never ranked in top 50 most deprived,445,506,755,604,714,UN1,Urban: Nearer to a major town or city,Urban,-44,-507
W01000351,Bryn Cefn,Wrexham,1094,950,971,964,689,942,958,781,1730,16.2716779736756,15.8700081294809,15.3794455283014,15.5418065966476,23.0433484037795,16.059676238022,15.6818913235186,20.2524952405081,2.34169417118009,LSOAs never ranked in top 50 most deprived,1049,1016,896,826,684,UN1,Urban: Nearer to a major town or city,Urban,-152,-136
W01000354,Cefn 1,Wrexham,1109,1127,1053,878,714,633,1211,677,1395,16.080617416485,12.0300205825679,13.5582440946749,17.636105830763,22.2508454674838,24.9243556120482,10.4100688919477,23.4336727856376,7.2160885712172,LSOAs never ranked in top 50 most deprived,1153,1192,913,935,1068,UN1,Urban: Nearer to a major town or city,Urban,-476,102
W01000355,Cefn 2,Wrexham,462,416,463,275,596,1098,825,214,1750,29.4951839370711,34.1431782076104,31.8095330905615,43.0258094753443,26.2572869975422,12.6168794401143,19.0286856939021,48.2713988064592,2.08093831082661,LSOAs never ranked in top 50 most deprived,562,476,429,294,446,UN1,Urban: Nearer to a major town or city,Urban,636,363
W01000356,Cefn 3,Wrexham,392,441,576,354,142,900,667,511,1511,31.7967179299952,32.8724769695668,27.0113031486456,37.6353920553086,56.5528304302449,17.081935684114,23.7640807281139,29.647985947346,5.40894334243726,LSOAs never ranked in top 50 most deprived,513,432,426,432,422,UN1,Urban: Nearer to a major town or city,Urban,508,275
W01000359,Chirk North 1,Wrexham,1227,1213,1330,1220,1006,269,948,1068,1663,14.1248144256594,10.3728557027694,8.29444645993786,10.2430816555367,14.5843997608832,43.4918509036102,15.9172787251356,13.240155607887,3.23741416381765,LSOAs never ranked in top 50 most deprived,1160,1330,1153,1212,1133,RLF1,Larger rural: Further from a major town or city,Rural,-958,-279
W01000360,Chirk North 2,Wrexham,593,469,732,604,328,647,934,895,1851,25.4754478168534,31.527966533529,21.6966916603332,25.962468402336,39.2738972266085,24.4394863568481,16.2509214476258,17.2067161132839,0.807472073988819,LSOAs never ranked in top 50 most deprived,574,513,569,473,640,RLF1,Larger rural: Further from a major town or city,Rural,54,341
W01000361,Chirk South,Wrexham,961,878,713,866,811,760,1068,881,1721,18.0241513915019,17.636105830763,22.2820267909355,17.944104504669,19.4110622892759,20.8603674538182,13.240155607887,17.5597463257632,2.46000575936387,LSOAs never ranked in top 50 most deprived,944,925,1080,995,1142,RLF1,Larger rural: Further from a major town or city,Rural,-201,107
W01000362,Coedpoeth 1,Wrexham,354,232,288,283,550,1345,708,273,1747,34.0360360233985,46.5953658460321,42.0473264765957,42.4187562091442,28.0299987953257,8.04106945396384,22.4385706702572,43.1801097429359,2.11986372737402,LSOAs never ranked in top 50 most deprived,433,415,431,467,579,RLN1,Larger rural: Nearer to a major town or city,Rural,991,354
W01000363,Coedpoeth 2,Wrexham,1486,1337,1368,571,1422,1627,1518,1243,1725,9.82258632468091,8.17585641203039,7.657899721566911,27.2037338745168,6.78260454497317,3.73350284048487,5.30430401769355,9.82176444997588,2.4073476821473,LSOAs never ranked in top 50 most deprived,1411,1412,1580,1556,1646,RLN1,Larger rural: Nearer to a major town or city,Rural,141,32
W01000364,Coedpoeth 3,Wrexham,1468,1381,1133,1173,1196,1631,1032,728,1575,10.1290638649402,7.44411620080828,11.910448810271,11.1288057758357,10.6911037158229,3.67785050965783,14.0110905482459,21.8186882602783,4.4695107759153,LSOAs never ranked in top 50 most deprived,1223,1128,1533,1447,1144,RLN1,Larger rural: Nearer to a major town or city,Rural,163,-436
W01000365,Erddig,Wrexham,1454,1308,1337,1223,1297,903,1440,620,1164,10.431534495155,8.67118932882823,8.17585641203039,10.1876875787723,8.8619004828112,17.0073910815665,6.49808852335348,25.3839317421943,11.3023738725825,LSOAs never ranked in top 50 most deprived,1365,1229,1375,1286,1306,UN1,Urban: Nearer to a major town or city,Urban,-551,-14
W01000366,Esclusham 1,Wrexham,890,650,928,595,642,1841,900,977,951,19.2077682003201,24.3369024359488,16.3954062121735,26.2944064618458,24.611482915278305,0.930459051912142,17.081935684114,15.2411853419661,15.8464092140213,LSOAs never ranked in top 50 most deprived,977,700,664,625,686,RLN1,Larger rural: Nearer to a major town or city,Rural,951,10
W01000367,Esclusham 2,Wrexham,1664,1502,1620,1286,1483,1500,1282,1317,768,6.99642458891198,5.54418294566162,3.8312196260537505,9.05420620453297,5.83232723068407,5.57434448838746,9.12453613689573,8.51632062665846,20.6268988037534,LSOAs never ranked in top 50 most deprived,1674,1644,1550,1631,1421,RLN1,Larger rural: Nearer to a major town or city,Rural,-164,-382
W01000368,Garden Village,Wrexham,1888,1860,1816,1747,1724,1702,1514,1571,1019,2.7535285391827906,0.697343287672057,1.24083482798257,2.11986372737402,2.420500903293,2.71179133211939,5.36403961186012,4.52711445134636,14.2959588776925,LSOAs never ranked in top 50 most deprived,1869,1796,1809,1815,1862,UN1,Urban: Nearer to a major town or city,Urban,-186,-374
W01000369,Gresford East and West 1,Wrexham,1612,1344,1191,1416,1466,1210,1588,1475,1462,7.8484859856544,8.05787468972892,10.7855503029422,6.87823075017479,6.09323652994722,10.4286980895289,4.28328899237325,5.95473947595861,6.15505949084693,LSOAs never ranked in top 50 most deprived,1668,1688,1776,1706,1664,RLN1,Larger rural: Nearer to a major town or city,Rural,-402,-24
W01000370,Gresford East and West 2,Wrexham,1857,1773,1852,1607,1769,1326,1549,1706,1100,3.44493279001807,1.7846787624585,0.795209469357828,4.01380249695598,1.83592880666676,8.36248775002633,4.84653960038243,2.65855429991564,12.5759221379212,LSOAs never ranked in top 50 most deprived,1778,1683,1575,1541,1304,RLN1,Larger rural: Nearer to a major town or city,Rural,-531,-308
W01000371,Grosvenor 1,Wrexham,823,858,601,639,859,1883,537,314,1435,20.4039223831955,18.1517524664854,26.0725829943683,24.715301636097905,18.1256937179753,0.418275663250316,28.5567816203031,40.2070309127906,6.57676835943883,LSOAs never ranked in top 50 most deprived,980,1056,1313,1189,1426,UN1,Urban: Nearer to a major town or city,Urban,1060,-286
W01000372,Grosvenor 2,Wrexham,311,217,446,83,994,1173,666,170,1209,35.5833728725993,47.9834404914399,32.6265490495701,66.6442395766252,14.8539022109588,11.1288057758357,23.7973840872252,52.9702328737917,10.4473423883424,LSOAs never ranked in top 50 most deprived,430,461,537,431,599,UN1,Urban: Nearer to a major town or city,Urban,862,355
W01000373,Gwenfro,Wrexham,297,196,376,280,294,1429,396,420,1753,36.1415282615128,50.0792333688997,36.3346792655497,42.6445277405534,41.6093864293328,6.67154082784447,35.2128370995348,33.9350890255224,2.04207866073256,LSOAs never ranked in top 50 most deprived,465,357,333,443,507,UN1,Urban: Nearer to a major town or city,Urban,1132,99
W01000374,Gwersyllt East and South 1,Wrexham,515,401,477,458,405,1140,1099,476,1494,27.7413852028681,34.9407226002032,31.1578274381644,32.0468339619845,34.7253254620083,11.7717295661219,12.5963916721678,31.2037703789577,5.66506716312915,LSOAs never ranked in top 50 most deprived,600,699,869,929,927,UN1,Urban: Nearer to a major town or city,Urban,625,584
W01000375,Gwersyllt East and South 2,Wrexham,1442,1295,1342,1337,1358,610,1687,938,707,10.6650509069237,8.89674577633235,8.09152204304159,8.17585641203039,7.823711479889251,25.7438082601766,2.91253492881509,16.155100067689,22.4700077107557,LSOAs never ranked in top 50 most deprived,1583,1422,1308,1318,1403,UN1,Urban: Nearer to a major town or city,Urban,-832,245
W01000376,Gwersyllt East and South 3,Wrexham,1681,1438,1541,1296,1511,1120,1670,1226,1635,6.70597185919185,6.52952816681984,4.96380294814753,8.87931653068936,5.40894334243726,12.1703112175028,3.14218275704172,10.1324265947327,3.6223325139337694,LSOAs never ranked in top 50 most deprived,1542,1584,1557,1415,1590,UN1,Urban: Nearer to a major town or city,Urban,-561,-11
W01000377,Gwersyllt North 1,Wrexham,1417,1379,1334,1164,1103,713,1023,1140,1440,11.1580446866518,7.4768769123214,8.22660586398095,11.3023738725825,12.5146226135479,22.2820267909355,14.2079306977063,11.7717295661219,6.49808852335348,LSOAs never ranked in top 50 most deprived,1421,1254,1002,959,960,UN1,Urban: Nearer to a major town or city,Urban,-704,-394
W01000378,Gwersyllt North 2,Wrexham,223,195,275,108,386,1606,419,158,1637,40.2892090459716,50.1839593491089,43.0258094753443,61.8197854357871,35.7669190243379,4.02790755182067,33.9869350882549,54.4378703545907,3.59462368937705,LSOAs never ranked in top 50 most deprived,270,316,360,243,319,UN1,Urban: Nearer to a major town or city,Urban,1383,196
W01000379,Gwersyllt West 1,Wrexham,353,241,303,276,506,1091,983,243,1548,34.0529601625951,45.8010305504303,40.9677253706744,42.9490457966271,29.8639008533188,12.7608071014425,15.1037513169693,45.6281761294676,4.86116486524089,LSOAs never ranked in top 50 most deprived,332,337,313,326,356,UN1,Urban: Nearer to a major town or city,Urban,738,630
W01000380,Gwersyllt West 2,Wrexham,1277,1694,1427,146,1426,1110,1630,1807,1394,13.3010262194203,2.81863650464155,6.70321863063254,56.005580172015,6.71907390820253,12.3722225576746,3.69175097307364,1.35360342142781,7.2323014981324,LSOAs never ranked in top 50 most deprived,1217,1197,1275,1395,1213,UN1,Urban: Nearer to a major town or city,Urban,-167,353
W01000381,Hermitage 1,Wrexham,637,620,439,453,777,1024,893,608,1781,24.2198214162324,25.3839317421943,32.9715891768613,32.2866087146138,20.3670485562759,14.1859761945492,17.2568184537163,25.816464241705,1.68252000264156,LSOAs never ranked in top 50 most deprived,509,619,897,759,730,UN1,Urban: Nearer to a major town or city,Urban,387,256
W01000382,Hermitage 2,Wrexham,286,192,310,175,570,1270,771,151,1293,36.8739388790651,50.5010291475884,40.480744979926,52.3853202108301,27.2424139746021,9.33682555344581,20.5399554523121,55.3393347887518,8.93164394102851,LSOAs never ranked in top 50 most deprived,333,256,229,88,99,UN1,Urban: Nearer to a major town or city,Urban,984,485
W01000384,Holt 2,Wrexham,1776,1557,1576,1644,1544,1437,1652,1573,1215,4.84618421240807,4.72987107744615,4.45513237087,3.49790484275683,4.9197591017565,6.54526411930516,3.38786475895365,4.49829458002998,10.3357026259726,LSOAs never ranked in top 50 most deprived,1752,1700,1808,1704,1781,RLN1,Larger rural: Nearer to a major town or city,Rural,-339,-124
W01000385,Johnstown (Wrexham) 1,Wrexham,1735,1610,1523,1444,1312,1615,1702,1531,1187,5.52214115057326,3.97153915888444,5.22985203912699,6.43533787184727,8.60223002237486,3.90127238409541,2.71179133211939,5.1112279017356,10.8613878099329,LSOAs never ranked in top 50 most deprived,1737,1716,1659,1680,1657,UN1,Urban: Nearer to a major town or city,Urban,-120,-33
W01000386,Johnstown (Wrexham) 2,Wrexham,514,377,467,345,497,1226,1196,721,1278,27.8066712751408,36.2772683869671,31.6214395812399,38.1894560124386,30.2577302481351,10.1324265947327,10.6911037158229,22.0337518796172,9.19508178554439,LSOAs never ranked in top 50 most deprived,665,658,546,516,400,UN1,Urban: Nearer to a major town or city,Urban,712,682
W01000387,Little Acton 1,Wrexham,1738,1673,1536,1419,1632,1166,1840,1551,973,5.44606617763252,3.1014896941000294,5.03739730494301,6.83036794994064,3.6639584421629694,11.263689831837,0.9427939975962821,4.81731694091967,15.3332663906928,LSOAs never ranked in top 50 most deprived,1849,1837,1694,1716,1825,UN1,Urban: Nearer to a major town or city,Urban,-572,102
W01000388,Little Acton 2,Wrexham,1570,1297,1167,1268,1452,1685,1640,1044,1078,8.44061267954241,8.8619004828112,11.2443721828611,9.37239840702551,6.31034785089135,2.93943361103069,3.55312294285556,13.7512304210547,13.0305145912057,LSOAs never ranked in top 50 most deprived,1572,1466,1531,1595,1641,UN1,Urban: Nearer to a major town or city,Urban,115,70
W01000389,Llangollen Rural,Wrexham,1387,1402,1466,1395,1522,267,759,1227,1577,11.5707101979328,7.10291696165361,6.09323652994722,7.2160885712172,5.24472316698409,43.6493204342963,20.889718375820905,10.1140357324734,4.4407629488411,LSOAs never ranked in top 50 most deprived,1337,1331,1305,1167,1361,UF1,Urban: Further from a major town or city,Urban,-1120,-628
W01000390,Llay 1,Wrexham,1517,1554,1625,1134,1385,490,1770,1773,562,9.30696907525411,4.77355245062621,3.76137958502368,11.8905804781145,7.378734437306749,30.5687732863481,1.82310558552363,1.7846787624585,27.5542191343324,LSOAs never ranked in top 50 most deprived,1359,1398,1278,1231,1044,RLN1,Larger rural: Nearer to a major town or city,Rural,-1027,253
W01000391,Llay 2,Wrexham,1363,1330,1277,845,802,1121,1713,1052,1124,11.9231675923925,8.29444645993786,9.21275205865786,18.4932306204677,19.6602758162341,12.1502172313369,2.56568497886456,13.5796072285402,12.0900403894636,LSOAs never ranked in top 50 most deprived,1347,1241,1341,1281,1317,RLN1,Larger rural: Nearer to a major town or city,Rural,-242,350
W01000392,Llay 3,Wrexham,249,163,337,128,450,1066,663,414,1562,38.3293411929303,53.8149350485439,38.6934185024077,58.5777527551779,32.4316826446063,13.2823140914513,23.8975844798247,34.2479330799044,4.65725263845909,LSOAs never ranked in top 50 most deprived,383,395,359,338,310,RLN1,Larger rural: Nearer to a major town or city,Rural,817,414
W01000393,Maesydre,Wrexham,1035,711,882,701,1041,1587,1344,373,1391,17.1002271139634,22.3445165435773,17.534349389692,22.6595376835578,13.8159207244284,4.29756033697686,8.05787468972892,36.5077767704368,7.28100896378488,LSOAs never ranked in top 50 most deprived,962,778,872,815,1191,UN1,Urban: Nearer to a major town or city,Urban,552,309
W01000394,Marchwiel 1,Wrexham,1381,1707,1721,1603,1516,143,564,1471,884,11.7205809398142,2.6452642735573506,2.46000575936387,4.07027469147199,5.33415242162353,56.4147923140819,27.4758706625832,6.01619078536322,17.483639494038002,LSOAs never ranked in top 50 most deprived,1441,1602,1518,1596,1530,RSN1,Smaller rural: Nearer to a major town or city,Rural,-1238,-817
W01000395,Marchwiel 2,Wrexham,1036,1037,1075,787,1202,242,1350,788,1101,17.0884377389148,13.9024584712527,13.0932065020438,20.081727980287095,10.5782773803109,45.7144409563591,7.957226967484101,20.053389631739705,12.5554708049479,LSOAs never ranked in top 50 most deprived,1357,1124,1309,1370,1445,RSF1,Smaller rural: Further from a major town or city,Rural,-794,314
W01000398,Minera 1,Wrexham,1066,1104,1062,1179,887,373,499,1195,1518,16.6780221544058,12.4942256906992,13.3668635958731,11.0138171449293,17.4077836689115,36.5077767704368,30.1696279817499,10.7099620320905,5.30430401769355,LSOAs never ranked in top 50 most deprived,1113,1247,1164,1204,996,RSN1,Smaller rural: Nearer to a major town or city,Rural,-693,-567
W01000399,Minera 2,Wrexham,1509,1764,1791,1768,1813,265,387,1235,1715,9.40551137660755,1.90015237233338,1.55545636077368,1.84875918114614,1.27836295903722,43.8078755168361,35.7109062943083,9.96743584161688,2.5392196170027,LSOAs never ranked in top 50 most deprived,1548,1680,1680,1495,1662,RSF1,Smaller rural: Further from a major town or city,Rural,-1244,-1122
W01000400,New Broughton 1,Wrexham,1293,877,1079,1044,1233,1167,1529,744,1271,13.070522216529,17.661615439175,13.0096552038537,13.7512304210547,10.0039983060913,11.2443721828611,5.14082662798777,21.334537029092495,9.31905973738181,LSOAs never ranked in top 50 most deprived,1033,1000,1155,1062,1127,UN1,Urban: Nearer to a major town or city,Urban,-126,236
W01000401,New Broughton 2,Wrexham,847,699,717,780,640,1431,1174,228,1827,19.9949494907108,22.7230630059823,22.1575543345572,20.2810801255674,24.6806433005279,6.6399065947588,11.1096010369892,46.9574053741219,1.10375320126433,LSOAs never ranked in top 50 most deprived,696,763,781,901,980,UN1,Urban: Nearer to a major town or city,Urban,584,327
W01000402,Offa,Wrexham,835,862,914,786,900,1647,485,46,1245,20.1515610748672,18.0476941511772,16.7361095067327,20.1101012876508,17.081935684114,3.45657809102635,30.7935507731975,76.3901675473683,9.78549030558674,LSOAs never ranked in top 50 most deprived,717,842,1064,957,1032,UN1,Urban: Nearer to a major town or city,Urban,812,-350
W01000403,Overton 1,Wrexham,1382,1526,1737,1737,1620,82,595,1888,1679,11.6860795259263,5.1852962600852,2.25009296734753,2.25009296734753,3.8312196260537505,66.859958217564,26.2944064618458,0.358054259664359,3.02031892365375,LSOAs never ranked in top 50 most deprived,1465,1531,1475,1485,1544,RSF1,Smaller rural: Further from a major town or city,Rural,-1300,-787
W01000404,Overton 2,Wrexham,1398,1230,1462,1472,1386,266,1081,1489,1569,11.4296527915854,10.058951213719,6.15505949084693,6.0008125587809,7.362417995801901,43.7284613469552,12.9679930975123,5.74094371357136,4.555970480365,LSOAs never ranked in top 50 most deprived,1495,1493,1551,1507,1545,RSF1,Smaller rural: Further from a major town or city,Rural,-1132,-317
W01000405,Pant,Wrexham,398,328,442,355,383,1232,648,278,1530,31.4668966228435,39.2738972266085,32.8230805685168,37.5746452807467,35.9357803539474,10.0223013573301,24.405240853407495,42.7962827981056,5.12602250353269,LSOAs never ranked in top 50 most deprived,458,442,397,412,380,UN1,Urban: Nearer to a major town or city,Urban,834,250
W01000406,Penycae,Wrexham,339,286,387,303,309,764,753,264,1716,34.538242679506,42.1951793598668,35.7109062943083,40.9677253706744,40.5496855058199,20.7433368930437,21.0666148502514,43.8875648374803,2.52599834713437,LSOAs never ranked in top 50 most deprived,341,317,315,372,334,UN1,Urban: Nearer to a major town or city,Urban,425,414
W01000407,Penycae and Ruabon South 1,Wrexham,1580,1649,1807,1759,1721,348,1481,651,729,8.29673306279576,3.42906811927115,1.35360342142781,1.96455577359849,2.46000575936387,38.0032810529464,5.86286926702484,24.3028092202755,21.7881283915832,LSOAs never ranked in top 50 most deprived,1554,1703,1547,1602,1537,UN1,Urban: Nearer to a major town or city,Urban,-1232,-99
W01000408,Penycae and Ruabon South 2,Wrexham,841,828,756,975,724,405,955,583,1710,20.0866646155351,18.9475684163847,20.9779965462669,15.2871797852758,21.9413354067508,34.7253254620083,15.7522549436915,26.7445765676622,2.60544020848821,LSOAs never ranked in top 50 most deprived,846,780,670,752,769,UN1,Urban: Nearer to a major town or city,Urban,-436,114
W01000409,Plas Madoc,Wrexham,22,9,34,66,78,864,242,13,866,68.1814994634508,93.6413746078224,80.7071490620134,70.6187676549488,67.7436530415939,17.9958410083264,45.7144409563591,91.0190330224667,17.944104504669,LSOAs often in the top 50 most deprived,99,54,24,36,71,UN1,Urban: Nearer to a major town or city,Urban,842,220
W01000410,Ponciau 1,Wrexham,1069,1051,857,918,965,1458,800,451,591,16.633601949922,13.600990223615,18.1778407727645,16.6382496306617,15.5185418687327,6.21704907705438,19.7160252328773,32.3832229231496,26.4434863026012,LSOAs never ranked in top 50 most deprived,997,1185,1346,1390,1099,UN1,Urban: Nearer to a major town or city,Urban,389,-269
W01000411,Ponciau 2,Wrexham,318,319,300,249,373,1241,853,89,1162,35.3537031765774,39.8694063508585,41.1796295698724,45.1172732377935,36.5077767704368,9.85809589403115,18.282490921598,65.3907641045194,11.3411230862198,LSOAs never ranked in top 50 most deprived,454,514,483,430,453,UN1,Urban: Nearer to a major town or city,Urban,923,535
W01000412,Ponciau 3,Wrexham,943,1002,1147,884,1331,606,325,537,528,18.3519843725832,14.6738834919112,11.6338419620532,17.483639494038002,8.27746754216379,25.889350467786105,39.4706920344609,28.5567816203031,28.9286764209639,LSOAs never ranked in top 50 most deprived,893,1094,939,949,994,UN1,Urban: Nearer to a major town or city,Urban,-337,-618
W01000413,Queensway 1,Wrexham,7,4,30,11,19,772,203,2,1061,76.1206983724765,97.4053272071611,82.3471543725932,92.2928508046826,87.57301835159141,20.5110472173339,49.3592068784843,99.1021900078219,13.388049625384,LSOAs in Deep-rooted deprivation,9,3,9,2,7,UN1,Urban: Nearer to a major town or city,Urban,765,196
W01000414,Queensway 2,Wrexham,54,45,88,84,61,671,338,34,1805,59.9766294922023,76.7205326292893,65.5949899718188,66.4305253908396,71.9315925517014,23.6313474304328,38.6298159865071,80.7071490620134,1.37873837202441,LSOAs never ranked in top 50 most deprived,80,108,88,89,97,UN1,Urban: Nearer to a major town or city,Urban,617,284
W01000415,Rhosnesni 1,Wrexham,1562,1377,1240,1079,1325,1781,1677,860,1281,8.55657341003043,7.50968435406567,9.87628316005961,13.0096552038537,8.37952957033932,1.68252000264156,3.04734403018861,18.0996644603327,9.14215227401453,LSOAs never ranked in top 50 most deprived,1535,1554,1520,1532,1581,UN1,Urban: Nearer to a major town or city,Urban,219,115
W01000416,Rhosnesni 2,Wrexham,1886,1854,1813,1592,1735,1560,1881,1844,895,2.79129760453389,0.770703856354722,1.27836295903722,4.22629200219173,2.27622753488393,4.68627250626735,0.442408444279875,0.8934938567954461,17.2067161132839,LSOAs never ranked in top 50 most deprived,1892,1851,1857,1799,1850,UN1,Urban: Nearer to a major town or city,Urban,-326,-5
W01000417,Rossett 1,Wrexham,1687,1887,1865,1816,1816,395,1654,1665,311,6.57885147884088,0.370085932665366,0.636387717665115,1.24083482798257,1.24083482798257,35.2676484719636,3.36043680267586,3.21016493143694,40.41201047995,LSOAs never ranked in top 50 most deprived,1805,1805,1777,1776,1747,RSN1,Smaller rural: Nearer to a major town or city,Rural,-1292,-33
W01000418,Rossett 2,Wrexham,1366,1302,1431,1617,1582,258,841,1209,957,11.8698676269377,8.77501751245247,6.6399065947588,3.8732256719203506,4.36905019206702,44.3715874893872,18.599329017006905,10.4473423883424,15.7053219536497,LSOAs never ranked in top 50 most deprived,1415,1497,1314,1287,1440,RSN1,Smaller rural: Nearer to a major town or city,Rural,-1108,-525
W01000419,Ruabon 1,Wrexham,600,562,785,433,656,422,1366,377,878,25.2300212205662,27.5542191343324,20.1385096401892,33.2715144397848,24.1330970993627,33.8317461988466,7.690966581395791,36.2772683869671,17.636105830763,LSOAs never ranked in top 50 most deprived,754,678,508,537,510,UN1,Urban: Nearer to a major town or city,Urban,-178,766
W01000420,Ruabon 2,Wrexham,1061,845,838,730,1125,1583,1288,387,802,16.7735529427593,18.4932306204677,18.6792252420405,21.7576090736049,12.0700163793339,4.35473443330402,9.01912172048089,35.7109062943083,19.6602758162341,LSOAs never ranked in top 50 most deprived,1035,807,944,942,791,UN1,Urban: Nearer to a major town or city,Urban,522,227
W01000422,Stansty,Wrexham,1362,1182,1096,951,1251,1236,1448,949,874,11.9238261600738,10.9565376957681,12.6579098072461,15.8464092140213,9.6770098701235,9.94917638218329,6.37275795655347,15.8936312832385,17.7383144633006,LSOAs never ranked in top 50 most deprived,1286,1118,1181,1067,1171,UN1,Urban: Nearer to a major town or city,Urban,-126,86
W01000423,Whitegate 1,Wrexham,529,456,707,616,455,622,606,195,1697,27.4105039639423,32.1424441147939,22.4700077107557,25.5272073501539,32.1903986483829,25.3126272482033,25.889350467786105,50.1839593491089,2.7785113772664,LSOAs never ranked in top 50 most deprived,599,435,412,411,354,UN1,Urban: Nearer to a major town or city,Urban,93,77
W01000424,Whitegate 2,Wrexham,922,834,867,707,681,1304,881,408,1640,18.7098375806019,18.7861871116449,17.9182798287869,22.4700077107557,23.3028272710172,8.74035601311472,17.5597463257632,34.565091159079,3.55312294285556,LSOAs never ranked in top 50 most deprived,931,913,762,732,967,UN1,Urban: Nearer to a major town or city,Urban,382,-41
W01000425,Wynnstay,Wrexham,28,30,39,26,30,1255,434,35,1397,66.3490900307677,82.3471543725932,78.8090446999479,84.1131400066213,82.3471543725932,9.60497279241023,33.221254504512,80.3147896569701,7.18369696311483,LSOAs often in the top 50 most deprived,45,52,26,32,46,UN1,Urban: Nearer to a major town or city,Urban,1227,406
W01000426,Aber-craf,Powys,800,896,833,809,783,412,610,1219,645,20.7806131637662,17.1817058116191,18.8130054832843,19.466210180306305,20.1954318278281,34.3531672483296,25.7438082601766,10.2615760348921,24.5081307123561,LSOAs never ranked in top 50 most deprived,950,855,808,923,833,RSF1,Smaller rural: Further from a major town or city,Rural,-388,-190
W01000427,Beguildy,Powys,686,1057,1242,1549,1149,2,136,1450,1239,23.170189659823105,13.4729894356203,9.83992299823346,4.84653960038243,11.5945968624002,99.1021900078219,57.398922833939,6.34153173513494,9.89448481906336,LSOAs never ranked in top 50 most deprived,830,848,1088,1155,916,RSF1,Smaller rural: Further from a major town or city,Rural,-684,-550
W01000428,Berriew,Powys,1224,1549,1604,1708,1562,107,224,1723,1016,14.222797442072,4.84653960038243,4.05614363843974,2.63198192210366,4.65725263845909,61.9945302349517,47.3252349738796,2.4336616507964,14.3622018183192,LSOAs never ranked in top 50 most deprived,1235,1309,1326,1369,1393,RSF1,Smaller rural: Further from a major town or city,Rural,-1117,-1000
W01000429,Blaen Hafren,Powys,1112,1403,1745,1851,1209,88,251,1763,389,16.052579827384,7.08679495125566,2.14585065206022,0.807472073988819,10.4473423883424,65.5949899718188,44.9494634762579,1.91301863354183,35.5992884101464,LSOAs never ranked in top 50 most deprived,1281,1356,1256,1207,1332,RSF1,Smaller rural: Further from a major town or city,Rural,-1024,-861
W01000430,Bronllys,Powys,1282,1355,1682,1488,1524,121,550,1253,1376,13.2688785346239,7.8736890044073,2.97984071065512,5.75614910780116,5.21499052029399,59.6612444249203,28.0299987953257,9.64096312834053,7.526105640471979,LSOAs never ranked in top 50 most deprived,1319,1255,1359,1333,1483,RSF1,Smaller rural: Further from a major town or city,Rural,-1161,-732
W01000431,Builth 1,Powys,1337,1025,1120,1182,942,1787,1306,457,1368,12.3737483649568,14.1640426279396,12.1703112175028,10.9565376957681,16.059676238022,1.60619761297425,8.70574667081706,32.0945893574396,7.657899721566911,LSOAs never ranked in top 50 most deprived,1122,1132,1199,1397,1354,RLF1,Larger rural: Further from a major town or city,Rural,450,-31
W01000432,Builth 2,Powys,1793,1469,1717,1620,1502,1568,1707,1495,1310,4.59320595382596,6.04697811944721,2.5127846729859,3.8312196260537505,5.54418294566162,4.5704120823873,2.6452642735573506,5.64992184469393,8.63668383112238,LSOAs never ranked in top 50 most deprived,1626,1801,1876,1870,1778,RLF1,Larger rural: Further from a major town or city,Rural,-225,-86
W01000433,Caersws,Powys,1070,1275,1422,1437,1266,105,746,1664,173,16.6316189593095,9.24813338387546,6.78260454497317,6.54526411930516,9.4080263644472,62.3480539106283,21.2747284720274,3.22378551218913,52.6175033557826,LSOAs never ranked in top 50 most deprived,1094,1137,1123,1174,1217,RSF1,Smaller rural: Further from a major town or city,Rural,-965,-324
W01000434,Churchstoke,Powys,1142,1261,1474,1451,1493,61,494,1609,1306,15.5904274404198,9.49733846133702,5.97008691778702,6.3259345080427,5.68022246120887,71.9315925517014,30.3905196703142,3.98561831106824,8.70574667081706,LSOAs never ranked in top 50 most deprived,1047,1248,1376,1368,1363,RSF1,Smaller rural: Further from a major town or city,Rural,-1081,-648
W01000438,Disserth and Trecoed,Powys,442,732,663,891,276,43,371,1325,1357,30.008440557093,21.6966916603332,23.8975844798247,17.307030173526,42.9490457966271,77.3958487053242,36.6239031076496,8.37952957033932,7.840358591204061,LSOAs never ranked in top 50 most deprived,612,651,730,689,680,RSF1,Smaller rural: Further from a major town or city,Rural,-399,-71
W01000439,Dolforwyn,Powys,1307,1562,1621,1654,1346,138,758,1757,405,12.8453529793102,4.65725263845909,3.8172346418696894,3.36043680267586,8.02427648818839,57.1134197081889,20.9191068011931,1.99036771401793,34.7253254620083,LSOAs never ranked in top 50 most deprived,1432,1502,1399,1387,1506,RSF1,Smaller rural: Further from a major town or city,Rural,-1169,-549
W01000440,Felin-fach,Powys,1312,1413,1843,1886,1664,84,331,1858,1384,12.7795565753851,6.92619336021997,0.905808988590183,0.382123902923984,3.22378551218913,66.4305253908396,39.0787719782363,0.721770820884037,7.395062462084311,LSOAs never ranked in top 50 most deprived,1480,1539,1489,1420,1283,RSF1,Smaller rural: Further from a major town or city,Rural,-1228,-981
W01000441,Forden,Powys,1439,1644,1769,1655,1634,182,399,1812,1579,10.7464417546996,3.49790484275683,1.83592880666676,3.34673508043685,3.63619945440964,51.590654800111,35.0491823781009,1.29088595575025,4.41205100898382,LSOAs never ranked in top 50 most deprived,1561,1594,1605,1587,1509,RSF1,Smaller rural: Further from a major town or city,Rural,-1257,-1040
W01000442,Glantwymyn,Powys,902,1437,1585,1422,1430,29,106,1558,1033,19.0625732368729,6.54526411930516,4.32612961950757,6.78260454497317,6.65571827258085,82.7761020653964,62.170612845839,4.71532903567362,13.9893230473638,LSOAs never ranked in top 50 most deprived,1097,1238,1151,1073,1017,RSF1,Smaller rural: Further from a major town or city,Rural,-873,-796
W01000443,Glasbury,Powys,1341,1500,1815,1813,1635,96,557,1756,726,12.2686600069373,5.57434448838746,1.25333740256027,1.27836295903722,3.6223325139337694,64.0098107348773,27.751265975903,2.00328455523517,21.8799300818585,LSOAs never ranked in top 50 most deprived,1461,1472,1397,1398,1576,RSF1,Smaller rural: Further from a major town or city,Rural,-1245,-784
W01000444,Guilsfield,Powys,1447,1503,1446,1631,1553,217,911,1691,1373,10.552164743763,5.52911699371266,6.40402663026238,3.67785050965783,4.78813136320966,47.9834404914399,16.8097786303928,2.85883175549365,7.57543996283443,LSOAs never ranked in top 50 most deprived,1545,1513,1519,1533,1671,RSF1,Smaller rural: Further from a major town or city,Rural,-1230,-536
W01000445,Gwernyfed,Powys,1212,1317,1447,1702,1173,135,628,1459,746,14.5031868689836,8.51632062665846,6.38838697965858,2.71179133211939,11.1288057758357,57.543014490177,25.1000305957824,6.20153601025258,21.2747284720274,LSOAs never ranked in top 50 most deprived,1358,1268,1296,1220,1411,RSF1,Smaller rural: Further from a major town or city,Rural,-1077,-584
W01000446,Hay,Powys,1467,948,1081,1318,1353,1272,1610,1601,1631,10.1536559641229,15.9172787251356,12.9679930975123,8.49917718706529,7.90706778843048,9.30130763351901,3.97153915888444,4.09856287032381,3.67785050965783,LSOAs never ranked in top 50 most deprived,1578,1461,1190,1211,1277,RLF1,Larger rural: Further from a major town or city,Rural,-195,143
W01000447,Kerry,Powys,1338,1371,1716,1779,1496,150,577,1685,776,12.3655540340226,7.608388398587911,2.52599834713437,1.70801718437217,5.63478649276884,55.471048864908,26.973009449722,2.93943361103069,20.3957762549126,LSOAs never ranked in top 50 most deprived,1259,1380,1401,1423,1385,RSF1,Smaller rural: Further from a major town or city,Rural,-1188,-761
W01000448,Knighton 1,Powys,1259,981,1134,1423,756,689,1193,1342,1594,13.5490236722755,15.1494714723929,11.8905804781145,6.76670542654304,20.9779965462669,23.0433484037795,10.7477251154287,8.09152204304159,4.19784638697523,LSOAs never ranked in top 50 most deprived,1161,1228,1227,1260,1349,RLF1,Larger rural: Further from a major town or city,Rural,-570,-66
W01000449,Knighton 2,Powys,1376,1134,1244,1569,1188,937,1269,816,471,11.7732322867685,11.8905804781145,9.80362022662144,4.555970480365,10.842404977394,16.1790180131088,9.35460510291074,19.2737683084634,31.4348718274628,LSOAs never ranked in top 50 most deprived,1417,1159,1267,1222,1357,RLF1,Larger rural: Further from a major town or city,Rural,-439,-107
W01000450,Llanafanfawr,Powys,1173,1727,1667,1735,1657,72,132,1713,922,15.0537942445433,2.38106378453009,3.18294794436459,2.27622753488393,3.3193560991323894,69.1363141117731,57.9807862298472,2.56568497886456,16.5408043631181,LSOAs never ranked in top 50 most deprived,1307,1458,1285,1392,1313,RSF1,Smaller rural: Further from a major town or city,Rural,-1101,-1041
W01000451,Llanbadarn Fawr,Powys,972,937,1226,1430,753,189,656,1393,1051,17.8302607578554,16.1790180131088,10.1324265947327,6.65571827258085,21.0666148502514,50.8225311289116,24.1330970993627,7.2485258617620705,13.600990223615,LSOAs never ranked in top 50 most deprived,1288,1360,1334,1400,1397,RSF1,Smaller rural: Further from a major town or city,Rural,-783,-316
W01000452,Llanbrynmair and Banwy,Powys,678,951,1175,1342,1342,13,185,1224,733,23.3577626415584,15.8464092140213,11.0904123205042,8.09152204304159,8.09152204304159,91.0190330224667,51.2583129262402,10.1692524942803,21.6662933513714,LSOAs never ranked in top 50 most deprived,882,888,983,990,1090,RSF1,Smaller rural: Further from a major town or city,Rural,-665,-493
W01000453,Llandinam,Powys,1130,1546,1683,1824,1315,76,193,1696,641,15.7647087537189,4.89044332434856,2.96636378830555,1.14105814627672,8.55064588799191,68.1985677815391,50.3948528055127,2.79187864333048,24.646037112484095,LSOAs never ranked in top 50 most deprived,1263,1368,1293,1329,1261,RSF1,Smaller rural: Further from a major town or city,Rural,-1054,-937
W01000454,Llandrindod East and Llandrindod West,Powys,404,410,258,317,674,1444,1102,69,1517,31.2813015113432,34.4588851190028,44.3715874893872,40.0038620301026,23.532297743117095,6.43533787184727,12.5350376409081,69.8655990996753,5.31922337766314,LSOAs never ranked in top 50 most deprived,378,444,567,575,664,RLF1,Larger rural: Further from a major town or city,Rural,1040,698
W01000455,Llandrindod North,Powys,735,558,687,856,437,762,1572,447,1723,22.315607311444,27.7117213241246,23.1079441969628,18.2039587039418,33.0711303301886,20.801777737901695,4.51270000163965,32.5776774489768,2.4336616507964,LSOAs never ranked in top 50 most deprived,769,1021,713,910,798,RLF1,Larger rural: Further from a major town or city,Rural,27,837
W01000456,Llandrindod South,Powys,1155,1152,674,1011,1115,641,1555,872,1334,15.3269706849464,11.535854485957,23.532297743117095,14.4730324649616,12.271045322054,24.646037112484095,4.75898277326274,17.7895896107903,8.22660586398095,LSOAs never ranked in top 50 most deprived,701,992,1065,1138,1199,RLF1,Larger rural: Further from a major town or city,Rural,-514,400
W01000457,Llandrinio,Powys,1403,1672,1772,1815,1649,146,798,1837,258,11.3604776226421,3.11504605034776,1.79748057137151,1.25333740256027,3.42906811927115,56.005580172015,19.7719101082479,0.979838575922327,44.3715874893872,LSOAs never ranked in top 50 most deprived,1368,1376,1591,1557,1527,RSN1,Smaller rural: Nearer to a major town or city,Rural,-1257,-605
W01000458,Llandysilio,Powys,1448,1493,1573,1590,1552,318,712,1694,828,10.5500608968339,5.68022246120887,4.49829458002998,4.25477284154304,4.80271952272831,39.9365359388287,22.3132504446043,2.81863650464155,18.9475684163847,LSOAs never ranked in top 50 most deprived,1399,1370,1494,1548,1625,RSN1,Smaller rural: Nearer to a major town or city,Rural,-1130,-736
W01000459,Llanelwedd,Powys,964,1177,1659,1732,1438,40,290,1110,551,17.9852164667358,11.0520828478352,3.29200967076007,2.31548515130958,6.52952816681984,78.4475222318807,41.9004179811054,12.3722225576746,27.9899724127521,LSOAs never ranked in top 50 most deprived,1027,1262,1245,1242,1350,RSF1,Smaller rural: Further from a major town or city,Rural,-924,-674
W01000460,Llanfair Caereinion,Powys,965,1103,1396,1455,1256,108,221,1674,876,17.9801069414752,12.5146226135479,7.19988706490412,6.263651156064,9.58699872152888,61.8197854357871,47.6050197860128,3.0879413233543,17.6871533720537,LSOAs never ranked in top 50 most deprived,1199,1163,1241,1326,1559,RSF1,Smaller rural: Further from a major town or city,Rural,-857,-744
W01000461,Llanfyllin,Powys,934,933,1116,1321,1141,274,424,1249,428,18.450870414333,16.2749392987333,12.2508631750602,8.44782340412111,11.7519806533515,43.1028302149666,33.7288656324468,9.71311319484083,33.524474867068,LSOAs never ranked in top 50 most deprived,888,947,959,921,1080,RLF1,Larger rural: Further from a major town or city,Rural,-660,-510
W01000464,Llangunllo,Powys,974,1568,1619,1783,1328,20,235,1666,463,17.8134273811394,4.5704120823873,3.8452131188805,1.65705105510444,8.32844194402847,87.045728040902,46.3275276621096,3.1965524120076,31.8095330905615,LSOAs never ranked in top 50 most deprived,1154,1296,1276,1279,1275,RSF1,Smaller rural: Further from a major town or city,Rural,-954,-739
W01000465,Llangynidr,Powys,1563,1813,1879,1804,1782,190,657,1781,1347,8.54194462597854,1.27836295903722,0.466566573261191,1.3913161553612,1.66978200350748,50.7148636882803,24.0993044317539,1.68252000264156,8.0074957744983,LSOAs never ranked in top 50 most deprived,1605,1526,1679,1604,1489,RSF1,Smaller rural: Further from a major town or city,Rural,-1373,-906
W01000466,Llanidloes 1,Powys,1342,777,1056,1341,1092,1710,1740,1592,544,12.2639120955998,20.3670485562759,13.4942734922363,8.10836419659457,12.7401907823339,2.60544020848821,2.2109467124459,4.22629200219173,28.2716310135479,LSOAs never ranked in top 50 most deprived,1532,1525,1504,1570,1429,RLF1,Larger rural: Further from a major town or city,Rural,368,398
W01000467,Llanidloes 2,Powys,1368,1069,1060,1313,1210,1616,1341,948,462,11.8450063854327,13.2191053090711,13.4092551880126,8.5850224530122,10.4286980895289,3.8872447529099694,8.10836419659457,15.9172787251356,31.856797802148,LSOAs never ranked in top 50 most deprived,1536,1517,1521,1508,1475,RLF1,Larger rural: Further from a major town or city,Rural,248,-27
W01000470,Llansantffraid (Powys),Powys,1262,1144,1477,1552,1551,188,613,1410,1145,13.4846849234064,11.6928354558815,5.92407528130231,4.80271952272831,4.81731694091967,50.930704953028,25.6352528280954,6.9742561972193,11.6731541404338,LSOAs never ranked in top 50 most deprived,1313,1236,1382,1321,1479,RSF1,Smaller rural: Further from a major town or city,Rural,-1074,-649
W01000471,Llanwrtyd Wells,Powys,856,1071,1103,1407,920,99,366,930,1105,19.8855748568259,13.1770624210437,12.5146226135479,7.02241968093653,16.5894753905145,63.442446411698,36.9168102920014,16.3471437042061,12.4738468402795,LSOAs never ranked in top 50 most deprived,1010,1053,1077,1116,1131,RSF1,Smaller rural: Further from a major town or city,Rural,-757,-490
W01000472,Llanyre,Powys,1305,1364,1223,1521,1199,168,1056,1637,1698,12.8679390635782,7.72408104955796,10.1876875787723,5.25960391629917,10.6346213645385,53.2084274589305,13.4942734922363,3.59462368937705,2.76515187555098,LSOAs never ranked in top 50 most deprived,1436,1421,1537,1522,1398,RSF1,Smaller rural: Further from a major town or city,Rural,-1137,-249
W01000473,Machynlleth,Powys,1047,804,909,808,614,1258,1219,1010,1689,16.9404881013266,19.604661203232,16.8590227972697,19.4938337914636,25.5991812440889,9.55109266416355,10.2615760348921,14.4952628261818,2.88566766807736,LSOAs never ranked in top 50 most deprived,1240,1129,938,894,1029,RLF1,Larger rural: Further from a major town or city,Rural,211,172
W01000474,Maescar and Llywel,Powys,1097,1536,1646,1546,1589,47,267,1183,779,16.2307724401863,5.03739730494301,3.47034542585786,4.89044332434856,4.26902649755159,76.0644806138891,43.6493204342963,10.9374762021069,20.3097005807366,LSOAs never ranked in top 50 most deprived,1241,1186,1322,1307,1450,RSF1,Smaller rural: Further from a major town or city,Rural,-1050,-830
W01000475,Meifod and Llanfihangel,Powys,1073,1305,1690,1789,1510,37,186,1758,1282,16.6034239041941,8.72304483214816,2.87224579783897,1.58081299407966,5.4239307553771,79.5495972703087,51.1485909630094,1.97745812285042,9.12453613689573,LSOAs never ranked in top 50 most deprived,1104,1249,1149,1142,1178,RSF1,Smaller rural: Further from a major town or city,Rural,-1036,-887
W01000476,Montgomery,Powys,1412,1359,1669,1562,1088,289,721,1632,1883,11.2270096026227,7.8070764088306,3.15576312637597,4.65725263845909,12.8227671692873,41.9737549349954,22.0337518796172,3.6639584421629694,0.418275663250316,LSOAs never ranked in top 50 most deprived,1577,1494,1532,1549,1564,RLF1,Larger rural: Further from a major town or city,Rural,-1123,-691
W01000477,Nantmel,Powys,941,1250,1488,1529,1000,46,294,1484,1121,18.3981176349698,9.6950544485152,5.75614910780116,5.14082662798777,14.7187562513825,76.3901675473683,41.6093864293328,5.81707140801809,12.1502172313369,LSOAs never ranked in top 50 most deprived,1098,1222,1150,1244,1160,RSF1,Smaller rural: Further from a major town or city,Rural,-895,-647
W01000478,Newtown Central 1,Powys,361,316,361,290,477,421,1511,130,1820,33.7541146939922,40.0713857784766,37.2134958467942,41.9004179811054,31.1578274381644,33.883359570169,5.40894334243726,58.2773327586552,1.19089238181222,LSOAs never ranked in top 50 most deprived,412,394,599,662,705,UF1,Urban: Further from a major town or city,Urban,60,1150
W01000479,Newtown Central 2,Powys,502,304,445,486,552,1099,1399,262,1762,28.2597690865935,40.8975222773377,32.6755247162557,30.748419193429,27.9500155661972,12.5963916721678,7.15135090896387,44.0477766042521,1.9258920961997399,LSOAs never ranked in top 50 most deprived,512,537,528,560,767,UF1,Urban: Further from a major town or city,Urban,597,897
W01000480,Newtown East,Powys,476,366,396,438,720,921,1202,179,1183,28.9583361243262,36.9168102920014,35.2128370995348,33.021305903343,22.0646400750381,16.5651270025312,10.5782773803109,51.9278693917135,10.9374762021069,LSOAs never ranked in top 50 most deprived,379,469,576,692,699,UF1,Urban: Further from a major town or city,Urban,445,726
W01000481,Newtown Llanllwchaiarn North,Powys,1375,1203,1279,1315,1401,308,1817,1271,1018,11.7921325723418,10.5595266834407,9.17742507759905,8.55064588799191,7.11905028081461,40.6188332964369,1.22833904598966,9.31905973738181,14.3180186660081,LSOAs never ranked in top 50 most deprived,1470,1692,1412,1494,1565,UF1,Urban: Further from a major town or city,Urban,-1067,442
W01000482,Newtown Llanllwchaiarn West,Powys,1409,1313,1283,1399,1397,335,1381,1098,1460,11.2807433096815,8.5850224530122,9.10693348198552,7.15135090896387,7.18369696311483,38.8211536237917,7.44411620080828,12.6168794401143,6.18603339967003,LSOAs never ranked in top 50 most deprived,1315,1552,1564,1638,1633,UF1,Urban: Further from a major town or city,Urban,-1074,-28
W01000483,Newtown South,Powys,293,199,342,225,431,466,1332,556,977,36.4432850774387,49.7678864822923,38.3771502834814,47.2327246165593,33.3723650014289,31.6683189466595,8.26050114921597,27.7908787352101,15.2411853419661,LSOAs never ranked in top 50 most deprived,284,318,456,356,382,UF1,Urban: Further from a major town or city,Urban,173,1039
W01000484,Old Radnor,Powys,918,1353,1550,1825,1398,23,156,1524,691,18.7639196684346,7.90706778843048,4.83192362954361,1.12861644040485,7.16751824980493,85.5327261252308,54.6918465940365,5.21499052029399,22.978933520734895,LSOAs never ranked in top 50 most deprived,1219,1323,1253,1235,1333,RSF1,Smaller rural: Further from a major town or city,Rural,-895,-762
W01000485,Presteigne 1,Powys,1208,1167,1298,1460,1389,218,1048,1624,276,14.5493788437129,11.2443721828611,8.84449761272578,6.18603339967003,7.313538006868619,47.8882500113902,13.6652587462547,3.7753306378583,42.9490457966271,LSOAs never ranked in top 50 most deprived,1380,1438,1400,1411,1433,RSF1,Smaller rural: Further from a major town or city,Rural,-990,-160
W01000486,Presteigne 2,Powys,1245,910,1225,1276,1269,791,1356,1124,287,13.8424904659937,16.8343875345513,10.1508321741438,9.23043591779899,9.35460510291074,19.9685834801836,7.85701776021684,12.0900403894636,42.121134111506,LSOAs never ranked in top 50 most deprived,1438,1211,1367,1355,1225,RLF1,Larger rural: Further from a major town or city,Rural,-454,111
W01000487,Rhayader,Powys,1111,1018,1136,963,773,528,1014,849,1549,16.0735698157418,14.3180186660081,11.8508952290006,15.5650948808948,20.4821752709261,28.9286764209639,14.4064700101462,18.3876194065474,4.84653960038243,LSOAs never ranked in top 50 most deprived,1068,1007,1005,1097,1161,RLF1,Larger rural: Further from a major town or city,Rural,-583,-97
W01000488,Rhiwcynon,Powys,1141,1456,1662,1794,1393,31,438,1874,698,15.5958301163377,6.24810663580258,3.25105089589296,1.51747374901552,7.2485258617620705,81.9260602660985,33.021305903343,0.52707314322933,22.7548915842265,LSOAs never ranked in top 50 most deprived,1304,1269,1094,1125,1247,RSF1,Smaller rural: Further from a major town or city,Rural,-1110,-703
W01000489,St David Within,Powys,1276,961,1078,843,1335,1048,1603,906,984,13.305525019035,15.6117423095376,13.0305145912057,18.5462186401516,8.20967693488654,13.6652587462547,4.07027469147199,16.9330873029528,15.0809252756635,LSOAs never ranked in top 50 most deprived,1137,1073,992,998,1060,RLF1,Larger rural: Further from a major town or city,Rural,-228,327
W01000492,St Mary 1,Powys,1335,1332,1189,1170,1348,1570,1020,137,791,12.3786992953627,8.26050114921597,10.8234377992372,11.1865163946724,7.990727295028449,4.54153794047331,14.2739202271162,57.2557282737189,19.9685834801836,LSOAs never ranked in top 50 most deprived,1063,1190,1365,1296,1507,RLF1,Larger rural: Further from a major town or city,Rural,235,-315
W01000493,St Mary 2,Powys,1758,1747,1859,1898,1598,389,1727,1680,1890,5.16500759896657,2.11986372737402,0.709553811319619,0.238082435226713,4.14106048118708,35.5992884101464,2.38106378453009,3.0068182690504,0.334009779105695,LSOAs never ranked in top 50 most deprived,1687,1705,1728,1779,1786,RSF1,Smaller rural: Further from a major town or city,Rural,-1369,-31
W01000494,Talgarth,Powys,1317,1311,1309,1483,1334,246,944,1300,1079,12.7228290839625,8.61945047530935,8.65393010916411,5.83232723068407,8.22660586398095,45.3713061162476,16.0121123763408,8.8097313262712,13.0096552038537,LSOAs never ranked in top 50 most deprived,1341,1260,1139,941,1316,RLF1,Larger rural: Further from a major town or city,Rural,-1071,-373
W01000496,Tawe Uchaf,Powys,845,1223,947,1105,909,106,544,665,1336,20.0235044716067,10.1876875787723,15.940950505167,12.4738468402795,16.8590227972697,62.170612845839,28.2716310135479,23.8307357386068,8.19276045700378,LSOAs never ranked in top 50 most deprived,847,1004,857,884,829,RSF1,Smaller rural: Further from a major town or city,Rural,-739,-301
W01000497,Trewern,Powys,1251,1444,1803,1720,1060,97,503,1589,1204,13.7667311303104,6.43533787184727,1.40390082075009,2.4731891377088,13.4092551880126,63.8191299745504,29.994429466825,4.26902649755159,10.5407912605816,LSOAs never ranked in top 50 most deprived,1247,1250,1417,1454,1339,RSN1,Smaller rural: Nearer to a major town or city,Rural,-1154,-748
W01000498,Welshpool Castle,Powys,208,233,344,398,111,247,788,239,743,41.4300678861258,46.5057394473204,38.2518507350042,35.1036046685515,61.3033784077623,45.2863163563805,20.053389631739705,45.9751938864088,21.364499730599,LSOAs never ranked in top 50 most deprived,292,296,471,342,461,RLF1,Larger rural: Further from a major town or city,Rural,39,580
W01000499,Welshpool Gungrog 1,Powys,649,529,656,514,407,1356,1246,893,948,23.7797257247698,28.8870565762234,24.1330970993627,29.5194032772626,34.6183786555975,7.85701776021684,9.76737466434169,17.2568184537163,15.9172787251356,LSOAs never ranked in top 50 most deprived,563,561,625,716,784,RLF1,Larger rural: Further from a major town or city,Rural,707,597
W01000500,Welshpool Gungrog 2,Powys,1201,870,1195,1363,1053,293,1614,1505,1066,14.5858846479443,17.840979324203,10.7099620320905,7.740656179642969,13.5582440946749,41.6817998039603,3.9153085759125,5.49901466399771,13.2823140914513,LSOAs never ranked in top 50 most deprived,1093,1140,1226,1366,1231,RLF1,Larger rural: Further from a major town or city,Rural,-908,413
W01000501,Welshpool Llanerchyddol,Powys,1090,850,1007,974,905,626,1553,987,784,16.3295050590737,18.3612922020953,14.5620831201808,15.3102115446428,16.9578285669926,25.1706780267326,4.78813136320966,15.0125827581996,20.1669531245814,LSOAs never ranked in top 50 most deprived,1125,1172,1167,1299,1237,RLF1,Larger rural: Further from a major town or city,Rural,-464,463
W01000502,Ynyscedwyn,Powys,1315,1348,981,1098,1003,1021,1330,857,850,12.7302404988348,7.990727295028449,15.1494714723929,12.6168794401143,14.651479899389,14.2519026738095,8.29444645993786,18.1778407727645,18.3612922020953,LSOAs never ranked in top 50 most deprived,1198,965,1016,927,933,UN1,Urban: Nearer to a major town or city,Urban,-294,15
W01000503,Yscir,Powys,1074,1567,1841,1868,1614,15,116,1891,1445,16.5932692685541,4.58486275792752,0.930459051912142,0.599891767833017,3.9153085759125,89.8120767513217,60.467659071455,0.321996958409088,6.4196769228278,LSOAs never ranked in top 50 most deprived,1264,1488,1440,1406,1296,RSF1,Smaller rural: Further from a major town or city,Rural,-1059,-958
W01000504,Ystradgynlais 1,Powys,134,210,86,62,106,986,1643,168,1911,47.8447123309146,48.6610386249168,66.0089637625679,71.6629642669723,62.170612845839,15.0353410410427,3.51169694460876,53.2084274589305,0.0830488078086016,LSOAs never ranked in top 50 most deprived,117,158,117,161,203,UN1,Urban: Nearer to a major town or city,Urban,852,1509
W01000505,Ystradgynlais 2,Powys,893,971,820,859,630,643,882,908,920,19.148827530699695,15.3794455283014,19.1645201635088,18.1256937179753,25.029599503078295,24.5769805529271,17.534349389692,16.8836844750737,16.5894753905145,LSOAs never ranked in top 50 most deprived,821,813,797,791,809,UN1,Urban: Nearer to a major town or city,Urban,-250,-11
W01000506,Aberaeron,Ceredigion,1138,1038,915,1198,1183,1727,590,912,175,15.6052712291077,13.880793490484299,16.7116054751692,10.6534334073098,10.9374762021069,2.38106378453009,26.4809077373209,16.7851960284496,52.3853202108301,LSOAs never ranked in top 50 most deprived,1257,1413,1446,1403,1461,RLF1,Larger rural: Further from a major town or city,Rural,589,-548
W01000507,Aberporth 1,Ceredigion,1223,1463,1239,1582,1185,134,632,1750,1118,14.2406004406618,6.13958816451955,9.89448481906336,4.36905019206702,10.8994005416678,57.6880145537227,24.9593834277118,2.08093831082661,12.210551932072,LSOAs never ranked in top 50 most deprived,1213,1302,1511,1471,1375,RSF1,Smaller rural: Further from a major town or city,Rural,-1089,-591
W01000508,Aberporth 2,Ceredigion,702,675,560,1300,945,223,343,1260,1862,22.9557793355331,23.4993757451571,27.632835409167,8.8097313262712,15.988367280387,47.4181189285683,38.3144151833871,9.5152425735665,0.67294167060648,LSOAs never ranked in top 50 most deprived,871,677,874,982,1034,RLF1,Larger rural: Further from a major town or city,Rural,-479,-359
W01000509,Cardigan Mwldan,Ceredigion,827,634,653,1012,635,463,1599,1223,1474,20.3301282831808,24.8893810608355,24.2347740259203,14.4508235694722,24.8544596123281,31.8095330905615,4.12688588424453,10.1876875787723,5.97008691778702,LSOAs never ranked in top 50 most deprived,899,962,843,930,1088,RLF1,Larger rural: Further from a major town or city,Rural,-364,772
W01000510,Cardigan Rhyd-y-Fuwch,Ceredigion,427,264,234,401,881,1397,1222,417,1225,30.4870419627687,43.8875648374803,46.4164609494925,34.9407226002032,17.5597463257632,7.18369696311483,10.2061374513068,34.0909791470183,10.1508321741438,LSOAs never ranked in top 50 most deprived,370,529,379,395,443,RLF1,Larger rural: Further from a major town or city,Rural,970,795
W01000511,Cardigan Teifi,Ceredigion,90,59,65,256,471,523,253,54,148,54.6278589670649,72.4784487166508,70.8754061804421,44.5352187023314,31.4348718274628,29.1379128996805,44.7828692046402,73.9053309675503,55.7367617071121,LSOAs never ranked in top 50 most deprived,125,149,250,275,218,RLF1,Larger rural: Further from a major town or city,Rural,433,163
W01000512,Aberystwyth Bronglais,Ceredigion,1652,1592,1684,1041,1795,1311,993,1434,842,7.26252221471093,4.22629200219173,2.95289475817678,13.8159207244284,1.5048268045783,8.61945047530935,14.8765039443765,6.59253667664155,18.5727584986254,LSOAs never ranked in top 50 most deprived,1546,1806,1822,1731,1774,UF1,Urban: Further from a major town or city,Urban,-341,-659
W01000513,Aberystwyth Central,Ceredigion,720,1153,1304,454,1450,1749,173,27,76,22.5430739754608,11.5163069863456,8.74035601311472,32.2384533751392,6.34153173513494,2.0939061313037306,52.6175033557826,83.6587696484863,68.1985677815391,LSOAs never ranked in top 50 most deprived,784,1303,1076,983,1446,UF1,Urban: Further from a major town or city,Urban,1029,-547
W01000515,Aberystwyth Penparcau 1,Ceredigion,567,393,451,632,597,925,1182,357,1908,26.1859757857759,35.3776646435964,32.3832229231496,24.9593834277118,26.2202273434475,16.4679903931507,10.9565376957681,37.4536309497537,0.118733157869366,LSOAs never ranked in top 50 most deprived,533,536,652,572,604,UF1,Urban: Further from a major town or city,Urban,358,615
W01000516,Aberystwyth Penparcau 2,Ceredigion,706,461,745,526,730,947,1190,489,1845,22.8189602559761,31.9041598421671,21.3046133100029,29.012142734782895,21.7576090736049,15.940950505167,10.8044862496646,30.613553388310095,0.881185315492533,LSOAs never ranked in top 50 most deprived,594,591,747,672,975,UF1,Urban: Further from a major town or city,Urban,241,484
W01000517,Aberystwyth Rheidol 1,Ceredigion,744,927,1026,610,1280,873,275,9,1522,22.1776948241785,16.4195754965838,14.1421299579841,25.7438082601766,9.15978191401032,17.76393774824,43.0258094753443,93.6413746078224,5.24472316698409,LSOAs never ranked in top 50 most deprived,1014,1348,1203,1164,1449,UF1,Urban: Further from a major town or city,Urban,129,-469
W01000518,Aberystwyth Rheidol 2,Ceredigion,957,853,1142,691,1357,331,1374,464,795,18.0821915846317,18.282490921598,11.7322486834062,22.978933520734895,7.840358591204061,39.0787719782363,7.558983428060871,31.7623653082104,19.8559928512103,LSOAs never ranked in top 50 most deprived,1045,923,1369,1261,1250,UF1,Urban: Further from a major town or city,Urban,-626,417
W01000519,Beulah,Ceredigion,936,1085,1185,1429,1023,85,384,1634,1355,18.4309126254916,12.8848946033218,10.8994005416678,6.67154082784447,14.2079306977063,66.2187787521445,35.8793553824041,3.63619945440964,7.8736890044073,LSOAs never ranked in top 50 most deprived,1115,1084,1051,1200,1228,RSF1,Smaller rural: Further from a major town or city,Rural,-851,-552
W01000522,Capel Dewi,Ceredigion,683,1390,1253,1229,748,27,92,1638,921,23.2194563377312,7.29726773457373,9.64096312834053,10.0772980653991,21.2150750361765,83.6587696484863,64.7887465705303,3.58078178518821,16.5651270025312,LSOAs never ranked in top 50 most deprived,790,806,907,885,945,RSF1,Smaller rural: Further from a major town or city,Rural,-656,-591
W01000523,Ceulan a Maesmawr,Ceredigion,1072,1336,1433,1665,1456,109,261,1351,460,16.6111189580852,8.19276045700378,6.60831581168845,3.21016493143694,6.24810663580258,61.6463582731176,44.1283029373219,7.940495083874139,31.9516196122874,LSOAs never ranked in top 50 most deprived,1214,1311,1385,1288,1344,RSF1,Smaller rural: Further from a major town or city,Rural,-963,-811
W01000524,Ciliau Aeron,Ceredigion,1071,1162,1164,1548,1124,130,467,1607,1159,16.6216236801877,11.3411230862198,11.3023738725825,4.86116486524089,12.0900403894636,58.2773327586552,31.6214395812399,4.01380249695598,11.3993695873384,LSOAs never ranked in top 50 most deprived,1040,1141,1174,1163,1153,RSF1,Smaller rural: Further from a major town or city,Rural,-941,-604
W01000525,Faenor (Ceredigion),Ceredigion,1725,1800,1870,1671,1823,305,1508,1644,1848,5.8537919202058,1.44169618464421,0.575593267767309,3.12861040151644,1.15350658605424,40.8275328135948,5.45393491170779,3.49790484275683,0.8442991640904172,LSOAs never ranked in top 50 most deprived,1875,1787,1836,1828,1807,UF1,Urban: Further from a major town or city,Urban,-1420,-217
W01000527,Lampeter 1,Ceredigion,1133,837,886,981,898,1706,879,658,1372,15.7064636023447,18.7059191117323,17.4330411565341,15.1494714723929,17.1317666496571,2.65855429991564,17.6106244840572,24.0655613410692,7.59190828071483,LSOAs never ranked in top 50 most deprived,1360,1591,1759,1758,1699,RLF1,Larger rural: Further from a major town or city,Rural,573,-254
W01000528,Lampeter 2,Ceredigion,716,435,607,771,978,473,1272,832,1837,22.6420807037576,33.1711041585498,25.8528784830079,20.5399554523121,15.2182225660566,31.3421524126318,9.30130763351901,18.8398551620865,0.979838575922327,LSOAs never ranked in top 50 most deprived,843,881,854,877,830,RLF1,Larger rural: Further from a major town or city,Rural,-243,556
W01000531,Llandyfriog,Ceredigion,815,916,896,1087,1011,142,520,1359,967,20.5132871346704,16.68712752224,17.1817058116191,12.8434576731016,14.4730324649616,56.5528304302449,29.2643745927451,7.8070764088306,15.4720828916168,LSOAs never ranked in top 50 most deprived,891,847,936,956,995,RSF1,Smaller rural: Further from a major town or city,Rural,-673,-295
W01000533,Llandysul Town,Ceredigion,806,722,762,932,993,534,411,848,1600,20.6194322539479,22.0029051103346,20.801777737901695,16.2989822568077,14.8765039443765,28.6800796153805,34.4059654431317,18.4139767812634,4.11272001753924,LSOAs never ranked in top 50 most deprived,755,797,737,970,876,RLF1,Larger rural: Further from a major town or city,Rural,-272,-395
W01000534,Llanfarian,Ceredigion,1432,1602,1532,1535,1677,209,761,1774,836,10.8782797078031,4.08441443187066,5.0964428103536,5.05214447662267,3.04734403018861,48.7594887676383,20.831053939588905,1.77188407507363,18.732643998412,LSOAs never ranked in top 50 most deprived,1472,1592,1588,1341,1521,RSF1,Smaller rural: Further from a major town or city,Rural,-1223,-671
W01000535,Llanfihangel Ystrad,Ceredigion,711,949,1117,1075,1146,41,247,1456,762,22.7756302921476,15.8936312832385,12.2306987220655,13.0932065020438,11.6534896520741,78.09159448065671,45.2863163563805,6.24810663580258,20.801777737901695,LSOAs never ranked in top 50 most deprived,714,820,931,913,966,RSF1,Smaller rural: Further from a major town or city,Rural,-670,-464
W01000536,Llangeitho,Ceredigion,689,1092,1041,1199,1336,30,126,1457,792,23.1509624466134,12.7401907823339,13.8159207244284,10.6346213645385,8.19276045700378,82.3471543725932,58.8821487500075,6.23257261418999,19.9403841096694,LSOAs never ranked in top 50 most deprived,685,843,988,1003,968,RSF1,Smaller rural: Further from a major town or city,Rural,-659,-563
W01000537,Llangybi,Ceredigion,664,1009,1055,1428,1609,10,122,1695,584,23.584680337606,14.5175146946677,13.5155772632306,6.68737427552595,3.98561831106824,92.9572308799948,59.5032997094976,2.8052536827735,26.7067240252325,LSOAs never ranked in top 50 most deprived,776,863,912,903,812,RSF1,Smaller rural: Further from a major town or city,Rural,-654,-542
W01000538,Llanrhystyd,Ceredigion,896,1408,1528,1469,1329,35,198,1544,409,19.1346453290958,7.00635397737562,5.1556402873674,6.04697811944721,8.31143792104385,80.3147896569701,49.8712011904335,4.9197591017565,34.5119268362533,LSOAs never ranked in top 50 most deprived,1003,1054,1146,1124,1201,RSF1,Smaller rural: Further from a major town or city,Rural,-861,-698
W01000539,Llansantffraed (Ceredigion) 1,Ceredigion,870,1280,1111,1288,1387,34,210,1714,1586,19.660289244812,9.15978191401032,12.3519514728459,9.01912172048089,7.34611312114682,80.7071490620134,48.6610386249168,2.55244849132853,4.31184054235171,LSOAs never ranked in top 50 most deprived,767,979,1033,968,1095,RSF1,Smaller rural: Further from a major town or city,Rural,-836,-660
W01000540,Llansantffraed (Ceredigion) 2,Ceredigion,930,1097,1043,1166,1121,272,347,795,912,18.5090533320313,12.6373854742736,13.7727736452391,11.263689831837,12.1502172313369,43.2576498041656,38.0651720786778,19.8559928512103,16.7851960284496,LSOAs never ranked in top 50 most deprived,981,1131,1176,1092,1169,RLF1,Larger rural: Further from a major town or city,Rural,-658,-583
W01000541,Llanwenog,Ceredigion,864,1327,1108,1269,1655,64,151,1820,561,19.7235517394559,8.34545854747957,12.4128184040452,9.35460510291074,3.34673508043685,71.1349406732581,55.3393347887518,1.19089238181222,27.5934936819906,LSOAs never ranked in top 50 most deprived,916,968,954,969,1065,RSF1,Smaller rural: Further from a major town or city,Rural,-800,-713
W01000542,Lledrod,Ceredigion,544,1111,1115,1108,1009,3,93,1579,292,27.011386505834,12.3519514728459,12.271045322054,12.4128184040452,14.5175146946677,98.2381135499326,64.5915255534606,4.41205100898382,41.7544418856589,LSOAs never ranked in top 50 most deprived,689,819,1023,999,992,RSF1,Smaller rural: Further from a major town or city,Rural,-541,-451
W01000543,Melindwr,Ceredigion,766,1229,1353,1647,1289,4,159,1120,996,21.5546896865689,10.0772980653991,7.90706778843048,3.45657809102635,9.00159952743134,97.4053272071611,54.311926245504,12.1703112175028,14.8087652662821,LSOAs never ranked in top 50 most deprived,802,1001,1198,1215,1286,RSF1,Smaller rural: Further from a major town or city,Rural,-762,-607
W01000545,Penbryn,Ceredigion,969,1498,1159,1712,1339,28,361,1618,811,17.8736539811985,5.60454563604096,11.3993695873384,2.57892908837866,8.14208554780427,83.2132018664165,37.2134958467942,3.85921513070978,19.4110622892759,LSOAs never ranked in top 50 most deprived,1055,1218,1015,1066,1074,RSF1,Smaller rural: Further from a major town or city,Rural,-941,-608
W01000546,Pen-parc 1,Ceredigion,703,626,634,1280,1273,233,444,1097,502,22.9186552219268,25.1706780267326,24.8893810608355,9.15978191401032,9.28356922070674,46.5057394473204,32.7246048931715,12.6373854742736,30.0381041409386,LSOAs never ranked in top 50 most deprived,894,916,822,800,930,RSF1,Smaller rural: Further from a major town or city,Rural,-470,-259
W01000547,Pen-parc 2,Ceredigion,1306,1387,1505,1651,1369,116,698,1613,1527,12.8456772369761,7.34611312114682,5.49901466399771,3.40159101249514,7.641384102037111,60.467659071455,22.7548915842265,3.92935333881622,5.17046349396186,LSOAs never ranked in top 50 most deprived,1321,1351,1154,1270,1291,RSF1,Smaller rural: Further from a major town or city,Rural,-1190,-608
W01000548,Tirymynach,Ceredigion,1099,1196,1027,1007,1225,222,814,1178,1350,16.2217387036717,10.6911037158229,14.120238144903,14.5620831201808,10.1508321741438,47.5113795103644,19.3285875941208,11.0329420384266,7.957226967484101,LSOAs never ranked in top 50 most deprived,1266,1300,1370,1330,1430,RSF1,Smaller rural: Further from a major town or city,Rural,-877,-285
W01000549,Trefeurig,Ceredigion,1449,1553,1633,1616,1640,192,781,1809,994,10.5458751693317,4.78813136320966,3.65007476045286,3.8872447529099694,3.55312294285556,50.5010291475884,20.2524952405081,1.32849590892464,14.8539022109588,LSOAs never ranked in top 50 most deprived,1604,1575,1559,1488,1602,RLF1,Larger rural: Further from a major town or city,Rural,-1257,-668
W01000550,Tregaron,Ceredigion,692,857,772,940,1119,299,121,1261,875,23.0791793459951,18.1778407727645,20.5110472173339,16.1073386653515,12.1904227741629,41.2507003840654,59.6612444249203,9.49733846133702,17.7127196923689,LSOAs never ranked in top 50 most deprived,765,1107,838,931,924,RSF1,Smaller rural: Further from a major town or city,Rural,-393,-571
W01000551,Troedyraur,Ceredigion,873,1118,1211,1560,982,53,283,1256,1467,19.6100930226444,12.210551932072,10.4100688919477,4.68627250626735,15.1266000341796,74.2016460757048,42.4187562091442,9.58699872152888,6.07780672007768,LSOAs never ranked in top 50 most deprived,1011,876,1017,1038,1004,RSF1,Smaller rural: Further from a major town or city,Rural,-820,-590
W01000552,Ystwyth,Ceredigion,1103,1366,1482,1538,1517,32,400,1654,1415,16.1709381531199,7.690966581395791,5.84759317920274,5.00793129814132,5.31922337766314,81.5125373269623,34.9948885570188,3.36043680267586,6.89420717633154,LSOAs never ranked in top 50 most deprived,1270,1349,1387,1385,1364,RSF1,Smaller rural: Further from a major town or city,Rural,-1071,-703
W01000553,Amroth,Pembrokeshire,1158,1430,1425,1551,1066,69,640,1562,1284,15.2885152119411,6.65571827258085,6.73494012330532,4.81731694091967,13.2823140914513,69.8655990996753,24.6806433005279,4.65725263845909,9.08934428866294,LSOAs never ranked in top 50 most deprived,1079,1181,1166,1085,884,RSF1,Smaller rural: Further from a major town or city,Rural,-1089,-518
W01000554,Burton,Pembrokeshire,1389,1681,1328,1344,1481,154,873,1815,1843,11.5552804937515,2.9933255344798506,8.32844194402847,8.05787468972892,5.86286926702484,54.9486586961829,17.76393774824,1.25333740256027,0.905808988590183,LSOAs never ranked in top 50 most deprived,1450,1420,1405,1381,1109,RSF1,Smaller rural: Further from a major town or city,Rural,-1235,-516
W01000555,Camrose 1,Pembrokeshire,1394,1627,1502,1780,1672,90,685,1811,1590,11.5028913925731,3.73350284048487,5.54418294566162,1.69526506032076,3.11504605034776,65.1883356888716,23.172721919325,1.30341577467567,4.25477284154304,LSOAs never ranked in top 50 most deprived,1402,1419,1377,1374,1307,RSF1,Smaller rural: Further from a major town or city,Rural,-1304,-709
W01000556,Camrose 2,Pembrokeshire,1183,1614,1375,1496,1436,39,579,1491,1695,14.8610255688376,3.9153085759125,7.54253865954455,5.63478649276884,6.56101084525749,78.8090446999479,26.8966127932738,5.71056304896937,2.8052536827735,LSOAs never ranked in top 50 most deprived,1258,1307,1323,1277,1245,RSF1,Smaller rural: Further from a major town or city,Rural,-1144,-604
W01000557,Carew,Pembrokeshire,1168,1415,1552,1267,1052,60,805,1754,1515,15.1381177987144,6.89420717633154,4.80271952272831,9.3902054870884,13.5796072285402,72.203395391669,19.5769042446795,2.029140020424,5.34909116215445,LSOAs never ranked in top 50 most deprived,1392,1347,1343,1309,1206,RSF1,Smaller rural: Further from a major town or city,Rural,-1108,-363
W01000558,Cilgerran,Pembrokeshire,923,1234,1236,1291,1311,132,149,1143,1161,18.6944521276301,9.98570980856246,9.94917638218329,8.96659513758763,8.61945047530935,57.9807862298472,55.603521574478,11.71253362724,11.3605222015702,LSOAs never ranked in top 50 most deprived,1148,1010,967,1118,1173,RSF1,Smaller rural: Further from a major town or city,Rural,-791,-774
W01000559,Clydau,Pembrokeshire,824,1128,1169,1165,1281,74,154,1418,1358,20.400869320888,12.0100487354592,11.2057854914306,11.283023719303,9.14215227401453,68.6626621027507,54.9486586961829,6.84631115234875,7.823711479889251,LSOAs never ranked in top 50 most deprived,880,970,968,875,815,RSF1,Smaller rural: Further from a major town or city,Rural,-750,-670
W01000560,Crymych 1,Pembrokeshire,816,1154,1046,1514,1232,187,102,1346,361,20.5044741056998,11.4967760858774,13.7082044144994,5.36403961186012,10.0223013573301,51.0393899464109,62.888741563461,8.02427648818839,37.2134958467942,LSOAs never ranked in top 50 most deprived,1017,1112,1212,1201,1212,RSF1,Smaller rural: Further from a major town or city,Rural,-629,-714
W01000561,Crymych 2,Pembrokeshire,990,934,1177,1253,1068,202,359,1565,1846,17.6655815807432,16.2509214476258,11.0520828478352,9.64096312834053,13.240155607887,49.460698013698,37.3332500036774,4.61379137521831,0.868883357631362,LSOAs never ranked in top 50 most deprived,1180,1156,1027,896,894,RSF1,Smaller rural: Further from a major town or city,Rural,-788,-631
W01000562,Dinas Cross,Pembrokeshire,1087,1156,1347,1725,1316,98,245,1801,1597,16.4113095768828,11.4577639697738,8.0074957744983,2.4073476821473,8.53347685393684,63.6300170576852,45.456611096029,1.42909082783773,4.15524381913421,LSOAs never ranked in top 50 most deprived,1218,1324,1165,1127,1158,RSF1,Smaller rural: Further from a major town or city,Rural,-989,-842
W01000563,East Williamston 1,Pembrokeshire,1108,1264,1241,1055,1101,183,498,1733,1502,16.0938278290408,9.44370959669208,9.85809589403115,13.5155772632306,12.5554708049479,51.4793397416298,30.2136369301349,2.30239183253676,5.54418294566162,LSOAs never ranked in top 50 most deprived,848,1100,1179,1187,962,RSF1,Smaller rural: Further from a major town or city,Rural,-925,-610
W01000564,East Williamston 2,Pembrokeshire,1279,1243,1310,947,786,390,1534,1659,1891,13.2857713267855,9.82176444997588,8.63668383112238,15.940950505167,20.1101012876508,35.5436819416347,5.06690110998117,3.29200967076007,0.321996958409088,LSOAs never ranked in top 50 most deprived,1397,1299,1222,1049,1186,RSF1,Smaller rural: Further from a major town or city,Rural,-889,255
W01000565,Fishguard: North East,Pembrokeshire,1041,769,660,1249,1055,1265,1078,902,588,16.9750660415059,20.5978811536676,23.998223310090495,9.71311319484083,13.5155772632306,9.42586106049934,13.0305145912057,17.0322124471741,26.5559337597091,LSOAs never ranked in top 50 most deprived,989,1147,1052,1240,1124,RLF1,Larger rural: Further from a major town or city,Rural,224,37
W01000566,Fishguard: North West,Pembrokeshire,983,631,722,1277,692,1498,905,746,1786,17.725167743002,24.9944646703117,22.0029051103346,9.21275205865786,22.946793604401705,5.60454563604096,16.9578285669926,21.2747284720274,1.61890043633505,LSOAs never ranked in top 50 most deprived,936,769,902,780,889,RLF1,Larger rural: Further from a major town or city,Rural,515,-78
W01000567,Goodwick,Pembrokeshire,996,796,846,1274,855,608,742,886,1554,17.6150741047131,19.8279311022189,18.4667823186372,9.26584447784323,18.2301063273758,25.816464241705,21.394501516221695,17.4330411565341,4.77355245062621,LSOAs never ranked in top 50 most deprived,927,834,726,799,788,RLF1,Larger rural: Further from a major town or city,Rural,-388,-254
W01000569,Haverfordwest: Garth 1,Pembrokeshire,790,306,988,1112,833,410,1642,985,1887,20.9828448089206,40.7577556832299,14.9898469722039,12.3316982382375,18.8130054832843,34.4588851190028,3.52549732194833,15.0581218652982,0.370085932665366,LSOAs never ranked in top 50 most deprived,1311,1492,1336,1214,1260,UF1,Urban: Further from a major town or city,Urban,-380,852
W01000570,Haverfordwest: Garth 2,Pembrokeshire,48,44,69,54,88,334,377,50,1893,62.1185676777452,77.0557122139279,69.8655990996753,73.9053309675503,65.5949899718188,38.8852881992107,36.2772683869671,75.1142089728036,0.297990123411071,LSOAs sometimes in the top 50 most deprived,71,104,102,197,200,UF1,Urban: Further from a major town or city,Urban,286,329
W01000571,Haverfordwest: Portfield,Pembrokeshire,851,669,572,854,851,884,1252,613,1776,19.9385921876509,23.6976183287089,27.1651187152393,18.2562837106548,18.3349950989166,17.483639494038002,9.65897943745234,25.6352528280954,1.74631603322602,LSOAs never ranked in top 50 most deprived,960,1035,1007,898,965,UF1,Urban: Further from a major town or city,Urban,33,401
W01000572,Haverfordwest: Prendergast,Pembrokeshire,1336,999,1252,1157,1112,992,1363,830,1103,12.3740310709214,14.7412255037326,9.65897943745234,11.4382826980189,12.3316982382375,14.8991279100064,7.740656179642969,18.8936487341566,12.5146226135479,LSOAs never ranked in top 50 most deprived,1205,1201,1424,1378,1368,UF1,Urban: Further from a major town or city,Urban,-344,27
W01000573,Haverfordwest: Priory,Pembrokeshire,1436,1084,1287,1365,1154,922,1696,578,1686,10.8106363274594,12.9056410969755,9.03665727271942,7.70751785586868,11.4967760858774,16.5408043631181,2.79187864333048,26.9347794016803,2.92598033764537,LSOAs never ranked in top 50 most deprived,1435,1265,1432,1439,1395,UF1,Urban: Further from a major town or city,Urban,-514,260
W01000574,Hundleton,Pembrokeshire,908,1329,1153,1366,1257,22,402,1804,1202,18.9659777128236,8.31143792104385,11.5163069863456,7.690966581395791,9.56903868608086,86.02608341267012,34.8866839068173,1.3913161553612,10.5782773803109,LSOAs never ranked in top 50 most deprived,982,1103,1224,1265,1057,RSF1,Smaller rural: Further from a major town or city,Rural,-886,-506
W01000575,Johnston (Pembrokeshire),Pembrokeshire,1037,975,1003,674,1033,448,1004,1075,1811,17.0711663116347,15.2871797852758,14.651479899389,23.532297743117095,13.9893230473638,32.5289094731631,14.6290981082827,13.0932065020438,1.30341577467567,LSOAs never ranked in top 50 most deprived,1059,1020,756,868,840,RLF1,Larger rural: Further from a major town or city,Rural,-589,-33
W01000576,Kilgetty and Begelly,Pembrokeshire,1100,1140,1024,996,751,378,1180,1496,1014,16.2195008941685,11.7717295661219,14.1859761945492,14.8087652662821,21.125883980749695,36.2200004563807,10.9947081408968,5.63478649276884,14.4064700101462,LSOAs never ranked in top 50 most deprived,928,951,1018,1018,1016,RSF1,Smaller rural: Further from a major town or city,Rural,-722,80
W01000577,Lampeter Velfrey,Pembrokeshire,1200,1507,1403,1554,1400,111,344,1597,1260,14.5920172435911,5.46895168062913,7.08679495125566,4.77355245062621,7.13519492461482,61.3033784077623,38.2518507350042,4.15524381913421,9.5152425735665,LSOAs never ranked in top 50 most deprived,1289,1365,1234,1149,1233,RSF1,Smaller rural: Further from a major town or city,Rural,-1089,-856
W01000578,Lamphey,Pembrokeshire,1265,1376,1412,1311,1596,129,706,1147,1767,13.4634335292333,7.526105640471979,6.94220314888323,8.61945047530935,4.16943590887313,58.427052259456,22.501487779095,11.6338419620532,1.86159671694708,LSOAs never ranked in top 50 most deprived,1228,1226,1113,1191,1085,RSF1,Smaller rural: Further from a major town or city,Rural,-1136,-559
W01000579,Letterston,Pembrokeshire,1085,1035,1073,1669,1321,139,463,1390,1682,16.4250779643768,13.9458497514272,13.1350962451782,3.15576312637597,8.44782340412111,56.9719862408186,31.8095330905615,7.29726773457373,2.97984071065512,LSOAs never ranked in top 50 most deprived,1185,1075,1130,1064,1200,RSF1,Smaller rural: Further from a major town or city,Rural,-946,-622
W01000580,Llangwm,Pembrokeshire,1372,1391,1415,1495,1414,243,786,1628,1268,11.8229044487058,7.28100896378488,6.89420717633154,5.64992184469393,6.91019470786337,45.6281761294676,20.1101012876508,3.7195771283049,9.37239840702551,LSOAs never ranked in top 50 most deprived,1555,1423,1415,1473,1222,RSF1,Smaller rural: Further from a major town or city,Rural,-1129,-586
W01000581,Llanrhian,Pembrokeshire,1170,1370,1319,1652,1486,81,410,1732,1248,15.1035904543783,7.62488033337581,8.48204651610847,3.38786475895365,5.78659008657496,67.0777192700641,34.4588851190028,2.31548515130958,9.73118613136615,LSOAs never ranked in top 50 most deprived,1262,1165,1259,1194,1076,RSF1,Smaller rural: Further from a major town or city,Rural,-1089,-760
W01000582,Maenclochog 1,Pembrokeshire,825,1296,1448,1595,1370,18,70,1650,1602,20.3750784378521,8.87931653068936,6.37275795655347,4.18363676121106,7.62488033337581,88.1126813503824,69.619925768559,3.41532546266928,4.08441443187066,LSOAs never ranked in top 50 most deprived,873,1043,865,945,954,RSF1,Smaller rural: Further from a major town or city,Rural,-807,-755
W01000583,Maenclochog 2,Pembrokeshire,1078,1012,1196,1251,1365,204,382,1536,1541,16.513193051857,14.4508235694722,10.6911037158229,9.6770098701235,7.70751785586868,49.258161622155,35.9923440910935,5.03739730494301,4.96380294814753,LSOAs never ranked in top 50 most deprived,1317,1288,1337,1510,1151,RSF1,Smaller rural: Further from a major town or city,Rural,-874,-696
W01000584,Manorbier,Pembrokeshire,963,1058,1161,1265,844,127,645,1216,1630,18.017243883665,13.4517250569291,11.3605222015702,9.42586106049934,18.5197093709096,58.7294471860413,24.5081307123561,10.3171485690894,3.69175097307364,LSOAs never ranked in top 50 most deprived,1136,1051,1216,1063,1015,RSF1,Smaller rural: Further from a major town or city,Rural,-836,-318
W01000585,Martletwy,Pembrokeshire,982,1485,1543,1567,1278,57,109,1465,1388,17.7622882355939,5.80182569778082,4.93443101457545,4.58486275792752,9.19508178554439,73.0386244617208,61.6463582731176,6.10867669802835,7.32981979695347,LSOAs never ranked in top 50 most deprived,1203,1301,1109,1141,1097,RSF1,Smaller rural: Further from a major town or city,Rural,-925,-873
W01000586,Merlins Bridge,Pembrokeshire,493,424,453,509,427,400,1145,891,1813,28.517687245991,33.7288656324468,32.2866087146138,29.7341088318915,33.5754025298363,34.9948885570188,11.6731541404338,17.307030173526,1.27836295903722,LSOAs never ranked in top 50 most deprived,549,597,778,778,801,UF1,Urban: Further from a major town or city,Urban,-93,652
W01000587,Milford: Central,Pembrokeshire,714,698,621,573,621,1509,809,306,1082,22.674566033789105,22.7548915842265,25.348251862976895,27.126568279074,25.348251862976895,5.43892794088303,19.466210180306305,40.7577556832299,12.9471903101728,LSOAs never ranked in top 50 most deprived,734,743,741,886,931,UF1,Urban: Further from a major town or city,Urban,795,95
W01000588,Milford: East,Pembrokeshire,329,378,329,352,417,306,949,127,1507,34.9625991416535,36.2200004563807,39.2086713724364,37.75736906021261,34.0909791470183,40.7577556832299,15.8936312832385,58.7294471860413,5.46895168062913,LSOAs never ranked in top 50 most deprived,298,508,495,593,536,UF1,Urban: Further from a major town or city,Urban,-23,620
W01000589,Milford: Hakin 1,Pembrokeshire,634,486,575,477,634,1383,1155,248,1902,24.3764609894917,30.748419193429,27.0496607107552,31.1578274381644,24.8893810608355,7.41140208659252,11.4772617563852,45.2016394953934,0.190268380821594,LSOAs never ranked in top 50 most deprived,684,654,631,792,693,UF1,Urban: Further from a major town or city,Urban,749,521
W01000590,Milford: Hakin 2,Pembrokeshire,1077,765,858,803,986,1020,1608,544,1793,16.5147373512976,20.7141720612192,18.1517524664854,19.632451700035105,15.0353410410427,14.2739202271162,3.9997060869018695,28.2716310135479,1.53012765141815,LSOAs never ranked in top 50 most deprived,933,728,875,1017,1059,UF1,Urban: Further from a major town or city,Urban,-57,531
W01000591,Milford: Hubberston 1,Pembrokeshire,699,614,773,847,288,981,1297,434,1096,22.987411700209,25.5991812440889,20.4821752709261,18.4403643954711,42.0473264765957,15.1494714723929,8.8619004828112,33.221254504512,12.6579098072461,LSOAs never ranked in top 50 most deprived,702,684,799,1152,777,UF1,Urban: Further from a major town or city,Urban,282,598
W01000592,Milford: Hubberston 2,Pembrokeshire,184,152,211,396,50,877,684,255,1917,43.7424516146852,55.2083707065076,48.5630080967241,35.2128370995348,75.1142089728036,17.661615439175,23.2051793247566,44.6174729412671,0.0118457715408025,LSOAs never ranked in top 50 most deprived,254,173,213,345,332,UF1,Urban: Further from a major town or city,Urban,693,500
W01000594,Milford: West,Pembrokeshire,282,240,248,387,316,1075,783,74,1411,37.0102600971063,45.8879473662721,45.2016394953934,35.7109062943083,40.0713857784766,13.0932065020438,20.1954318278281,68.6626621027507,6.95822408936744,LSOAs never ranked in top 50 most deprived,310,363,331,382,290,UF1,Urban: Further from a major town or city,Urban,793,501
W01000595,Narberth,Pembrokeshire,1373,957,1015,1046,1083,1767,1504,962,1684,11.8074536591649,15.7053219536497,14.3843252638386,13.7082044144994,12.9264063213085,1.86159671694708,5.51406090412589,15.5884067692259,2.95289475817678,LSOAs never ranked in top 50 most deprived,1186,1085,1095,1077,955,RLF1,Larger rural: Further from a major town or city,Rural,394,131
W01000596,Narberth: Rural,Pembrokeshire,1466,1708,1508,1540,1345,231,815,1898,1601,10.164819275433,2.63198192210366,5.45393491170779,4.97850299285104,8.04106945396384,46.6853428676421,19.3011616189369,0.238082435226713,4.09856287032381,LSOAs never ranked in top 50 most deprived,1523,1407,1297,1372,1266,RSF1,Smaller rural: Further from a major town or city,Rural,-1235,-651
W01000597,Newport,Pembrokeshire,1269,926,1107,1706,1008,527,1001,1431,1468,13.3934312392994,16.4437702057272,12.4331432288226,2.65855429991564,14.5397881120751,28.9703717157988,14.696308928363,6.6399065947588,6.06238725453122,LSOAs never ranked in top 50 most deprived,1351,1326,1180,1081,1197,RLF1,Larger rural: Further from a major town or city,Rural,-742,-268
W01000598,Neyland: East,Pembrokeshire,1129,789,646,1020,883,1668,1541,753,1775,15.797583823612,20.025086155969,24.4737829256576,14.2739202271162,17.5089804663596,3.16935151898829,4.96380294814753,21.0666148502514,1.75909650129803,LSOAs never ranked in top 50 most deprived,1142,1079,974,1069,940,RLF1,Larger rural: Further from a major town or city,Rural,539,412
W01000599,Neyland: West,Pembrokeshire,679,577,654,772,764,287,953,867,1830,23.3382410632766,26.973009449722,24.2008317495807,20.5110472173339,20.7433368930437,42.121134111506,15.7992838993976,17.9182798287869,1.06650866519429,LSOAs never ranked in top 50 most deprived,852,856,759,706,694,RLF1,Larger rural: Further from a major town or city,Rural,-392,274
W01000600,Pembroke Dock: Central,Pembrokeshire,254,234,247,231,336,1851,567,161,715,38.0548268342068,46.4164609494925,45.2863163563805,46.6853428676421,38.7571973878808,0.807472073988819,27.3588461132057,54.0620882804771,22.2197063596296,LSOAs never ranked in top 50 most deprived,148,201,404,413,456,RLF1,Larger rural: Further from a major town or city,Rural,1597,313
W01000601,Pembroke Dock: Llanion 1,Pembrokeshire,92,82,79,124,47,619,756,384,1491,54.250199704114,66.859958217564,67.5195259195412,59.1906273993731,76.0644806138891,25.4196670575853,20.9779965462669,35.8793553824041,5.71056304896937,LSOAs never ranked in top 50 most deprived,62,67,52,60,55,RLF1,Larger rural: Further from a major town or city,Rural,527,664
W01000602,Pembroke Dock: Llanion 2,Pembrokeshire,798,829,481,664,655,1112,1412,629,1360,20.821246078347695,18.9205927745562,30.9749679312151,23.8641358225167,24.1669394897914,12.3316982382375,6.94220314888323,25.0647880899908,7.79045336062413,LSOAs never ranked in top 50 most deprived,770,707,893,1058,635,RLF1,Larger rural: Further from a major town or city,Rural,314,614
W01000603,Pembroke Dock: Market,Pembrokeshire,850,1065,848,657,510,1033,787,404,1110,19.9450331756754,13.3034223470218,18.4139767812634,24.0993044317539,29.6910070790377,13.9893230473638,20.081727980287095,34.7789859280729,12.3722225576746,LSOAs never ranked in top 50 most deprived,746,703,688,719,691,RLF1,Larger rural: Further from a major town or city,Rural,183,-63
W01000604,Pembroke Dock: Pennar 1,Pembrokeshire,322,300,315,399,192,529,937,561,1894,35.1536533800405,41.1796295698724,40.139108347939,35.0491823781009,50.5010291475884,28.8870565762234,16.1790180131088,27.5934936819906,0.285996096032325,LSOAs never ranked in top 50 most deprived,294,487,466,583,580,RLF1,Larger rural: Further from a major town or city,Rural,207,615
W01000605,Pembroke Dock: Pennar 2,Pembrokeshire,878,931,800,819,551,470,1082,1021,1898,19.3695233964559,16.323050374395,19.7160252328773,19.1917835895332,27.9899724127521,31.481372079309,12.9471903101728,14.2519026738095,0.238082435226713,LSOAs never ranked in top 50 most deprived,631,714,721,786,754,RLF1,Larger rural: Further from a major town or city,Rural,-408,204
W01000606,Pembroke: Monkton,Pembrokeshire,83,53,85,241,55,488,333,271,1673,55.6372157174096,74.2016460757048,66.2187787521445,45.8010305504303,73.6127848600583,30.658420845487,38.9496021115052,43.3354521612765,3.1014896941000294,LSOAs never ranked in top 50 most deprived,85,80,99,85,76,RLF1,Larger rural: Further from a major town or city,Rural,405,250
W01000607,Pembroke: St Mary North,Pembrokeshire,479,500,473,390,341,628,1372,519,1119,28.877375544778,30.125703080725305,31.3421524126318,35.5436819416347,38.4400569687778,25.1000305957824,7.59190828071483,29.3066834813451,12.1904227741629,LSOAs never ranked in top 50 most deprived,399,411,301,330,350,RLF1,Larger rural: Further from a major town or city,Rural,149,893
W01000608,Pembroke: St Mary South,Pembrokeshire,691,772,598,696,698,1322,938,215,312,23.080519564513,20.5110472173339,26.1832273071287,22.818681184314105,22.7548915842265,8.43073092520504,16.155100067689,48.1750115662891,40.3434807781602,LSOAs never ranked in top 50 most deprived,640,572,613,727,597,RLF1,Larger rural: Further from a major town or city,Rural,631,247
W01000609,Pembroke: St Michael,Pembrokeshire,1547,1447,1232,1396,1390,519,1847,1673,1644,8.84923694239979,6.38838697965858,10.0223013573301,7.19988706490412,7.29726773457373,29.3066834813451,0.856587976173153,3.1014896941000294,3.49790484275683,LSOAs never ranked in top 50 most deprived,1538,1457,1425,1424,1370,RLF1,Larger rural: Further from a major town or city,Rural,-1028,300
W01000610,Penally,Pembrokeshire,1402,1662,1490,1221,950,235,1510,1163,1807,11.3705460497974,3.25105089589296,5.72574836504909,10.2246021356279,15.8700081294809,46.3275276621096,5.4239307553771,11.3217403190675,1.35360342142781,LSOAs never ranked in top 50 most deprived,1400,1506,1448,1417,1384,RSF1,Smaller rural: Further from a major town or city,Rural,-1167,108
W01000611,Rudbaxton,Pembrokeshire,1515,1570,1548,1625,1611,177,1447,1598,1555,9.32512660842992,4.54153794047331,4.86116486524089,3.76137958502368,3.95746861979922,52.155457530604,6.38838697965858,4.14106048118708,4.75898277326274,LSOAs never ranked in top 50 most deprived,1443,1530,1408,1364,1434,RSF1,Smaller rural: Further from a major town or city,Rural,-1338,-68
W01000612,St Davids,Pembrokeshire,1298,1099,1158,1503,1429,330,821,1292,1764,12.9975352875423,12.5963916721678,11.4188179131678,5.52911699371266,6.67154082784447,39.1436299697375,19.1372890163735,8.94911290025359,1.90015237233338,LSOAs never ranked in top 50 most deprived,1207,1121,1037,1004,1042,RLF1,Larger rural: Further from a major town or city,Rural,-968,-477
W01000613,St Dogmaels,Pembrokeshire,1082,1227,1343,1694,1615,89,313,1416,706,16.4418261694136,10.1140357324734,8.07469221342719,2.81863650464155,3.90127238409541,65.3907641045194,40.2751546577664,6.87823075017479,22.501487779095,LSOAs never ranked in top 50 most deprived,1031,1109,860,864,972,RSF1,Smaller rural: Further from a major town or city,Rural,-993,-769
W01000614,St Ishmaels,Pembrokeshire,874,1224,1100,1587,1235,14,437,1241,1651,19.4726449908641,10.1692524942803,12.5759221379212,4.29756033697686,9.96743584161688,90.4076387112208,33.0711303301886,9.85809589403115,3.40159101249514,LSOAs never ranked in top 50 most deprived,941,1019,880,1014,1167,RSF1,Smaller rural: Further from a major town or city,Rural,-860,-437
W01000617,Scleddau,Pembrokeshire,636,750,796,1370,863,67,225,1164,1591,24.3511768159001,21.1555759189672,19.8279311022189,7.62488033337581,18.021752966991695,70.3649611810893,47.2327246165593,11.3023738725825,4.24052801339914,LSOAs never ranked in top 50 most deprived,738,816,829,888,778,RSF1,Smaller rural: Further from a major town or city,Rural,-569,-411
W01000618,Solva,Pembrokeshire,1091,1338,1512,1447,1189,91,322,1868,905,16.294184751246,8.15896478170446,5.39396568933568,6.38838697965858,10.8234377992372,64.9876733609214,39.6691852192056,0.599891767833017,16.9578285669926,LSOAs never ranked in top 50 most deprived,1170,1171,1128,1275,1163,RSF1,Smaller rural: Further from a major town or city,Rural,-1000,-769
W01000619,Tenby: North,Pembrokeshire,1300,978,1114,1189,744,1394,1373,1111,1257,12.917678111731,15.2182225660566,12.2912451941267,10.8234377992372,21.334537029092495,7.2323014981324,7.57543996283443,12.3519514728459,9.56903868608086,LSOAs never ranked in top 50 most deprived,1284,1541,1373,1343,1257,RLF1,Larger rural: Further from a major town or city,Rural,94,73
W01000622,The Havens,Pembrokeshire,1369,1515,1479,1609,1753,144,622,1314,1510,11.8447063467814,5.34909116215445,5.89345191451641,3.98561831106824,2.04207866073256,56.2775777153638,25.3126272482033,8.56782774795796,5.4239307553771,LSOAs never ranked in top 50 most deprived,1414,1359,1217,1154,1047,RSF1,Smaller rural: Further from a major town or city,Rural,-1225,-747
W01000623,Wiston,Pembrokeshire,1214,1542,1423,1555,1536,58,416,1800,1676,14.4349262227028,4.94911229271788,6.76670542654304,4.75898277326274,5.03739730494301,72.7568312135891,34.1431782076104,1.44169618464421,3.06086850077605,LSOAs never ranked in top 50 most deprived,1314,1273,1124,1197,1229,RSF1,Smaller rural: Further from a major town or city,Rural,-1156,-798
W01000624,Abergwili,Carmarthenshire,1308,1638,1534,1298,1581,179,412,1810,987,12.8424980885998,3.58078178518821,5.06690110998117,8.84449761272578,4.38337486685589,51.9278693917135,34.3531672483296,1.31595242325068,15.0125827581996,LSOAs never ranked in top 50 most deprived,1398,1516,1496,1478,1533,RSF1,Smaller rural: Further from a major town or city,Rural,-1129,-896
W01000625,Ammanford 1,Carmarthenshire,301,320,239,260,211,917,997,657,1233,36.0839640003783,39.8024721224689,45.9751938864088,44.2091121956056,48.5630080967241,16.6626755924952,14.7862299681048,24.0993044317539,10.0039983060913,LSOAs never ranked in top 50 most deprived,384,291,373,361,318,UN1,Urban: Nearer to a major town or city,Urban,616,696
W01000626,Ammanford 2,Carmarthenshire,524,434,324,581,904,1844,903,103,642,27.6025866594057,33.221254504512,39.5366662763192,26.8204690556212,16.9825964740492,0.8934938567954461,17.0073910815665,62.7070963930939,24.611482915278305,LSOAs never ranked in top 50 most deprived,434,534,684,674,873,UN1,Urban: Nearer to a major town or city,Urban,1320,379
W01000627,Betws,Carmarthenshire,1215,1011,923,1181,1135,367,1495,1421,1757,14.4293430297325,14.4730324649616,16.5165074178743,10.975614999948199,11.8707292942162,36.8579296788392,5.64992184469393,6.79851466152666,1.99036771401793,LSOAs never ranked in top 50 most deprived,1026,849,692,808,658,UN1,Urban: Nearer to a major town or city,Urban,-848,280
W01000628,Bigyn 1,Carmarthenshire,1211,1222,1028,678,1082,975,1217,996,848,14.5044939789115,10.2061374513068,14.0983671490301,23.400891555994,12.9471903101728,15.2871797852758,10.2986094676654,14.8087652662821,18.4139767812634,LSOAs never ranked in top 50 most deprived,1070,1015,1021,1015,1069,UN1,Urban: Nearer to a major town or city,Urban,-236,6
W01000629,Bigyn 2,Carmarthenshire,642,578,523,827,638,1561,519,696,412,24.0277918616051,26.9347794016803,29.1379128996805,18.9745757338571,24.750012276592,4.67175799544653,29.3066834813451,22.818681184314105,34.3531672483296,LSOAs never ranked in top 50 most deprived,583,859,739,844,943,UN1,Urban: Nearer to a major town or city,Urban,919,-123
W01000630,Bigyn 3,Carmarthenshire,865,733,619,791,793,1410,720,686,1568,19.7022955120198,21.6662933513714,25.4196670575853,19.9685834801836,19.9122192709302,6.9742561972193,22.0646400750381,23.1403102529704,4.5704120823873,LSOAs never ranked in top 50 most deprived,810,967,910,954,974,UN1,Urban: Nearer to a major town or city,Urban,545,-145
W01000631,Bigyn 4,Carmarthenshire,117,99,100,168,102,646,932,323,1556,49.5259540921792,63.442446411698,63.2563930846068,53.2084274589305,62.888741563461,24.4737829256576,16.2989822568077,39.6028303062084,4.74442231942631,LSOAs never ranked in top 50 most deprived,84,124,75,69,57,UN1,Urban: Nearer to a major town or city,Urban,529,815
W01000632,Burry Port 1,Carmarthenshire,1040,823,590,1163,734,1755,992,817,1540,16.9755045405983,19.0829232536666,26.4809077373209,11.3217403190675,21.6359351657852,2.01620865464999,14.8991279100064,19.2464075849848,4.97850299285104,LSOAs never ranked in top 50 most deprived,896,796,612,832,707,RLF1,Larger rural: Further from a major town or city,Rural,715,-48
W01000633,Burry Port 2,Carmarthenshire,491,392,408,579,533,1142,1143,275,552,28.5398715296261,35.4328707014038,34.565091159079,26.8966127932738,28.7213262688648,11.7322486834062,11.71253362724,43.0258094753443,27.9500155661972,LSOAs never ranked in top 50 most deprived,443,479,394,285,284,RLF1,Larger rural: Further from a major town or city,Rural,651,652
W01000634,Burry Port 3,Carmarthenshire,1323,1000,968,1201,1093,773,1564,1559,1678,12.5496965531213,14.7187562513825,15.4488885476342,10.5970433761167,12.7195929263557,20.4821752709261,4.62826933985109,4.7007961824822,3.03382750759324,LSOAs never ranked in top 50 most deprived,1220,1379,1144,962,786,RLF1,Larger rural: Further from a major town or city,Rural,-550,241
W01000635,Bynea 1,Carmarthenshire,1428,1412,1348,1233,907,716,1490,1135,1077,10.9734864637014,6.94220314888323,7.990727295028449,10.0039983060913,16.9083726246712,22.1886093532181,5.72574836504909,11.8707292942162,13.0513929137336,LSOAs never ranked in top 50 most deprived,1273,1072,906,770,725,UN1,Urban: Nearer to a major town or city,Urban,-712,62
W01000636,Bynea 2,Carmarthenshire,822,609,823,553,555,826,1746,1081,1758,20.4103967515015,25.7801075613242,19.0829232536666,27.9101280144764,27.830559837053105,19.0016148014497,2.13285351949854,12.9679930975123,1.97745812285042,LSOAs never ranked in top 50 most deprived,728,673,473,400,441,UN1,Urban: Nearer to a major town or city,Urban,4,924
W01000637,Carmarthen Town North 1,Carmarthenshire,549,537,542,368,538,812,777,549,1493,26.9240404210069,28.5567816203031,28.3527425151014,36.7991994167954,28.5158287354967,19.3835378508761,20.3670485562759,28.0700949563639,5.68022246120887,LSOAs never ranked in top 50 most deprived,614,644,685,617,574,UF1,Urban: Further from a major town or city,Urban,263,228
W01000638,Carmarthen Town North 2,Carmarthenshire,271,272,302,381,269,640,305,425,1303,37.4848340208247,43.2576498041656,41.0381434017266,36.0490472780562,43.4918509036102,24.6806433005279,40.8275328135948,33.6775974081246,8.75768023333021,LSOAs never ranked in top 50 most deprived,369,266,342,380,323,UF1,Urban: Further from a major town or city,Urban,369,34
W01000639,Carmarthen Town North 3,Carmarthenshire,985,746,750,789,1015,1335,939,735,1339,17.6892853559472,21.2747284720274,21.1555759189672,20.025086155969,14.3843252638386,8.20967693488654,16.1312069689596,21.6056169977948,8.14208554780427,LSOAs never ranked in top 50 most deprived,743,1080,973,1070,1036,UF1,Urban: Further from a major town or city,Urban,350,-46
W01000640,Carmarthen Town North 4,Carmarthenshire,1773,1777,1764,1700,1748,663,1656,1737,1091,4.90741884496974,1.73354266296509,1.90015237233338,2.73845612912346,2.1068812673999706,23.8975844798247,3.33304151582498,2.25009296734753,12.7608071014425,LSOAs never ranked in top 50 most deprived,1792,1761,1766,1791,1737,UF1,Urban: Further from a major town or city,Urban,-1110,-117
W01000641,Carmarthen Town South 1,Carmarthenshire,509,590,411,512,725,1338,462,146,575,28.051005600964,26.4809077373209,34.4059654431317,29.605045135778,21.9106122518438,8.15896478170446,31.856797802148,56.005580172015,27.0496607107552,LSOAs never ranked in top 50 most deprived,418,464,566,585,620,UF1,Urban: Further from a major town or city,Urban,829,-47
W01000642,Carmarthen Town South 2,Carmarthenshire,1347,1397,1286,766,1457,347,1749,1293,1354,12.2026409372735,7.18369696311483,9.05420620453297,20.6850441646259,6.23257261418999,38.0651720786778,2.0939061313037306,8.93164394102851,7.89037234129321,LSOAs never ranked in top 50 most deprived,1406,1240,1437,1334,1336,UF1,Urban: Further from a major town or city,Urban,-1000,402
W01000643,Carmarthen Town West 1,Carmarthenshire,820,668,870,564,633,1085,921,732,1599,20.4702976324608,23.7308255216234,17.840979324203,27.4758706625832,24.9243556120482,12.8848946033218,16.5651270025312,21.6966916603332,4.12688588424453,LSOAs never ranked in top 50 most deprived,971,931,727,908,1022,UF1,Urban: Further from a major town or city,Urban,265,101
W01000644,Carmarthen Town West 2,Carmarthenshire,1463,1417,1429,1322,1415,329,1469,1133,1799,10.207138231304,6.86226541397567,6.67154082784447,8.43073092520504,6.89420717633154,39.2086713724364,6.04697811944721,11.910448810271,1.45430845371833,LSOAs never ranked in top 50 most deprived,1464,1476,1416,1506,1447,UF1,Urban: Further from a major town or city,Urban,-1134,6
W01000645,Carmarthen Town West 3,Carmarthenshire,1267,1094,1035,916,1330,1036,1114,1025,809,13.4273836488709,12.6990135004679,13.9458497514272,16.68712752224,8.29444645993786,13.9241438787154,12.2912451941267,14.1640426279396,19.466210180306305,LSOAs never ranked in top 50 most deprived,1256,1104,1105,1084,1139,UF1,Urban: Further from a major town or city,Urban,-231,-153
W01000646,Cenarth,Carmarthenshire,558,688,775,1000,1086,158,75,1059,685,26.602939107106,23.075623623115,20.4245398801956,14.7187562513825,12.864166806587,54.4378703545907,68.4294443992908,13.4304803198105,23.172721919325,LSOAs never ranked in top 50 most deprived,758,735,683,839,903,RSF1,Smaller rural: Further from a major town or city,Rural,-400,-483
W01000647,Cilycwm,Carmarthenshire,769,1360,1363,1701,1264,11,63,1748,1060,21.423779553385,7.79045336062413,7.740656179642969,2.72511986642925,9.44370959669208,92.2928508046826,71.3974372375447,2.1068812673999706,13.4092551880126,LSOAs never ranked in top 50 most deprived,910,996,976,979,1025,RSF1,Smaller rural: Further from a major town or city,Rural,-758,-706
W01000648,Cynwyl Elfed 1,Carmarthenshire,793,1510,1652,1380,1376,8,50,1792,1140,20.9042202252772,5.4239307553771,3.38786475895365,7.460490723607631,7.526105640471979,94.3464939726561,75.1142089728036,1.54278851944654,11.7717295661219,LSOAs never ranked in top 50 most deprived,943,999,1039,1021,948,RSF1,Smaller rural: Further from a major town or city,Rural,-785,-743
W01000649,Cynwyl Elfed 2,Carmarthenshire,1216,1647,1470,1591,1683,80,277,1829,1040,14.3522397959622,3.45657809102635,6.03157930099288,4.24052801339914,2.96636378830555,67.2975617789624,42.8725374686119,1.07891681052304,13.8375246553555,LSOAs never ranked in top 50 most deprived,1440,1427,1491,1484,1379,RSF1,Smaller rural: Further from a major town or city,Rural,-1136,-939
W01000650,Cynwyl Gaeo,Carmarthenshire,608,1398,1416,1431,874,5,27,1561,643,25.0837407532396,7.16751824980493,6.87823075017479,6.6399065947588,17.7383144633006,96.6016437838926,83.6587696484863,4.67175799544653,24.5769805529271,LSOAs never ranked in top 50 most deprived,793,928,892,936,910,RSF1,Smaller rural: Further from a major town or city,Rural,-603,-581
W01000651,Dafen 1,Carmarthenshire,1131,990,899,944,733,1402,1314,1047,533,15.7460414416327,14.9444427131545,17.1068376716429,16.0121123763408,21.6662933513714,7.10291696165361,8.56782774795796,13.6867215568436,28.7213262688648,LSOAs never ranked in top 50 most deprived,1201,1263,1191,1113,1135,UN1,Urban: Nearer to a major town or city,Urban,271,183
W01000652,Dafen 2,Carmarthenshire,497,383,454,363,398,949,1328,702,1798,28.375882624646895,35.9357803539474,32.2384533751392,37.0943619858733,35.1036046685515,15.8936312832385,8.32844194402847,22.6278406970755,1.46692764264507,LSOAs never ranked in top 50 most deprived,528,672,584,610,795,UN1,Urban: Nearer to a major town or city,Urban,452,831
W01000653,Elli 1,Carmarthenshire,1350,1078,929,1148,1364,1848,1016,976,777,12.1230577342729,13.0305145912057,16.3712622991178,11.614211041696,7.72408104955796,0.8442991640904172,14.3622018183192,15.2641710664011,20.3670485562759,LSOAs never ranked in top 50 most deprived,1144,1113,1024,980,1027,UN1,Urban: Nearer to a major town or city,Urban,498,-334
W01000654,Elli 2,Carmarthenshire,451,549,355,650,715,1677,459,83,147,29.7620554709456,28.0700949563639,37.5746452807467,24.3369024359488,22.2197063596296,3.04734403018861,31.999177516669,66.6442395766252,55.8707782061083,LSOAs never ranked in top 50 most deprived,478,543,532,544,514,UN1,Urban: Nearer to a major town or city,Urban,1226,8
W01000655,Felinfoel,Carmarthenshire,257,226,306,335,376,503,854,673,155,37.994274485085,47.1405848632799,40.7577556832299,38.8211536237917,36.3346792655497,29.994429466825,18.2562837106548,23.5652669328937,54.8198942097118,LSOAs never ranked in top 50 most deprived,360,475,419,350,257,UN1,Urban: Nearer to a major town or city,Urban,246,597
W01000656,Garnant,Carmarthenshire,610,489,379,700,727,1155,608,819,1620,25.052507008537,30.613553388310095,36.1628747637026,22.6912784128934,21.8492887875923,11.4772617563852,25.816464241705,19.1917835895332,3.8312196260537505,LSOAs never ranked in top 50 most deprived,636,666,573,621,527,RSF1,Smaller rural: Further from a major town or city,Rural,545,-2
W01000657,Glanamman 1,Carmarthenshire,496,560,424,693,377,345,976,576,1221,28.3955355327141,27.632835409167,33.7288656324468,22.9146985373268,36.2772683869671,38.1894560124386,15.2641710664011,27.0113031486456,10.2246021356279,LSOAs never ranked in top 50 most deprived,557,478,556,530,395,RSF1,Smaller rural: Further from a major town or city,Rural,-151,480
W01000658,Glanamman 2,Carmarthenshire,662,748,428,686,738,984,926,1026,304,23.5953586938654,21.2150750361765,33.524474867068,23.1403102529704,21.5149015478539,15.0809252756635,16.4437702057272,14.1421299579841,40.8975222773377,LSOAs never ranked in top 50 most deprived,525,539,676,675,409,RLF1,Larger rural: Further from a major town or city,Rural,322,264
W01000659,Glanymor 1,Carmarthenshire,345,294,314,546,355,751,984,291,317,34.2459726999647,41.6093864293328,40.2070309127906,28.1908045538328,37.5746452807467,21.125883980749695,15.0809252756635,41.8273141236828,40.0038620301026,LSOAs never ranked in top 50 most deprived,196,194,156,132,108,UN1,Urban: Nearer to a major town or city,Urban,406,639
W01000660,Glanymor 2,Carmarthenshire,232,246,148,202,349,1127,855,203,1326,39.5897586055299,45.3713061162476,55.7367617071121,49.460698013698,37.941556123801,12.0300205825679,18.2301063273758,49.3592068784843,8.36248775002633,LSOAs never ranked in top 50 most deprived,236,349,192,213,260,UN1,Urban: Nearer to a major town or city,Urban,895,623
W01000662,Glyn (Carmarthenshire),Carmarthenshire,1095,1110,908,887,1081,312,1128,1251,1687,16.2700421456459,12.3722225576746,16.8836844750737,17.4077836689115,12.9679930975123,40.3434807781602,12.0100487354592,9.6770098701235,2.91253492881509,LSOAs never ranked in top 50 most deprived,1066,904,815,777,607,RSF1,Smaller rural: Further from a major town or city,Rural,-783,33
W01000663,Gorslas 1,Carmarthenshire,1272,1191,1203,1183,1351,379,694,1382,1769,13.3759270659701,10.7855503029422,10.5595266834407,10.9374762021069,7.940495083874139,36.1628747637026,22.8826481945157,7.427753327324431,1.83592880666676,LSOAs never ranked in top 50 most deprived,1157,1352,1091,1093,1083,UN1,Urban: Nearer to a major town or city,Urban,-893,-578
W01000664,Gorslas 2,Carmarthenshire,1430,1416,1307,1281,1159,501,1221,1518,1220,10.9239073168114,6.87823075017479,8.68846150955214,9.14215227401453,11.3993695873384,30.0818619066493,10.2246021356279,5.30430401769355,10.2430816555367,LSOAs never ranked in top 50 most deprived,1077,1277,927,1030,951,UN1,Urban: Nearer to a major town or city,Urban,-929,-209
W01000665,Hendy 1,Carmarthenshire,1648,1572,1499,1519,1382,536,1745,1627,1693,7.32516044861675,4.51270000163965,5.5894401050987,5.28939432915953,7.427753327324431,28.5978075542744,2.14585065206022,3.73350284048487,2.83202711799647,LSOAs never ranked in top 50 most deprived,1680,1777,1675,1650,1448,RLN1,Larger rural: Nearer to a major town or city,Rural,-1112,97
W01000666,Hendy 2,Carmarthenshire,1332,1041,1250,1094,952,1464,1488,1036,497,12.4381221522199,13.8159207244284,9.6950544485152,12.6990135004679,15.822834487172,6.12412723823759,5.75614910780116,13.9241438787154,30.2577302481351,LSOAs never ranked in top 50 most deprived,1173,1069,1242,1159,1184,RLN1,Larger rural: Nearer to a major town or city,Rural,132,156
W01000667,Hengoed (Carmarthenshire) 1,Carmarthenshire,1355,1160,1207,1135,1145,1130,1684,834,461,12.0126661189852,11.3799376927195,10.484676387737,11.8707292942162,11.6731541404338,11.9701569931987,2.95289475817678,18.7861871116449,31.9041598421671,LSOAs never ranked in top 50 most deprived,1043,1098,1131,1101,1055,UN1,Urban: Nearer to a major town or city,Urban,-225,329
W01000670,Kidwelly 1,Carmarthenshire,403,292,223,339,521,1400,1018,1101,1680,31.3259150312602,41.7544418856589,47.4181189285683,38.5663888674288,29.2221433891795,7.13519492461482,14.3180186660081,12.5554708049479,3.0068182690504,LSOAs never ranked in top 50 most deprived,318,403,531,485,372,RLF1,Larger rural: Further from a major town or city,Rural,997,615
W01000671,Kidwelly 2,Carmarthenshire,1206,1164,927,1111,960,355,1497,1398,1720,14.5574136851264,11.3023738725825,16.4195754965838,12.3519514728459,15.6351015498729,37.5746452807467,5.61966109424539,7.16751824980493,2.4731891377088,LSOAs never ranked in top 50 most deprived,990,1089,928,895,682,RLF1,Larger rural: Further from a major town or city,Rural,-851,291
W01000672,Laugharne Township 1,Carmarthenshire,501,835,920,1235,581,21,150,1159,557,28.2978958705615,18.7593999742441,16.5894753905145,9.96743584161688,26.8204690556212,86.5302557809162,55.471048864908,11.3993695873384,27.751265975903,LSOAs never ranked in top 50 most deprived,641,729,824,920,859,RSF1,Smaller rural: Further from a major town or city,Rural,-480,-351
W01000673,Laugharne Township 2,Carmarthenshire,821,1150,1010,1260,823,232,380,1270,193,20.440098730747,11.574999395637,14.4952628261818,9.5152425735665,19.0829232536666,46.5953658460321,36.1058906041225,9.33682555344581,50.3948528055127,LSOAs never ranked in top 50 most deprived,881,1096,1175,1229,1226,RSF1,Smaller rural: Further from a major town or city,Rural,-589,-441
W01000674,Llanboidy,Carmarthenshire,876,1373,1537,1564,1275,55,37,1768,1669,19.4310761388168,7.57543996283443,5.02265958281663,4.62826933985109,9.24813338387546,73.6127848600583,79.5495972703087,1.84875918114614,3.15576312637597,LSOAs never ranked in top 50 most deprived,1112,1030,997,917,1051,RSF1,Smaller rural: Further from a major town or city,Rural,-821,-839
W01000675,Llanddarog,Carmarthenshire,1149,1489,1332,1492,1352,123,291,1500,1107,15.4782204407711,5.74094371357136,8.26050114921597,5.69538775209347,7.92377536341328,59.3464322325837,41.8273141236828,5.57434448838746,12.4331432288226,LSOAs never ranked in top 50 most deprived,1278,1280,1184,1144,1098,RSF1,Smaller rural: Further from a major town or city,Rural,-1026,-858
W01000676,Llandeilo 1,Carmarthenshire,1370,1595,1518,1661,1409,194,578,1377,1163,11.8442249928854,4.18363676121106,5.30430401769355,3.26469571800256,6.99029948801807,50.2891643604948,26.9347794016803,7.50968435406567,11.3217403190675,LSOAs never ranked in top 50 most deprived,1446,1416,1307,1429,1503,RSF1,Smaller rural: Further from a major town or city,Rural,-1176,-792
W01000677,Llandeilo 2,Carmarthenshire,950,734,798,896,702,1558,1063,803,721,18.2153971457232,21.6359351657852,19.7719101082479,17.1817058116191,22.6278406970755,4.71532903567362,13.3456970635279,19.632451700035105,22.0337518796172,LSOAs never ranked in top 50 most deprived,741,857,996,850,771,RLF1,Larger rural: Further from a major town or city,Rural,608,113
W01000678,Llandovery 1,Carmarthenshire,759,1176,1051,1068,891,79,254,1289,780,21.8039669127104,11.071239599668,13.600990223615,13.240155607887,17.307030173526,67.5195259195412,44.7000223997743,9.00159952743134,20.2810801255674,LSOAs never ranked in top 50 most deprived,763,756,849,723,831,RLF1,Larger rural: Further from a major town or city,Rural,-680,-505
W01000679,Llandovery 2,Carmarthenshire,1145,994,1149,1401,975,1466,478,1623,104,15.5200503072714,14.8539022109588,11.5945968624002,7.11905028081461,15.2871797852758,6.09323652994722,31.1119760863556,3.78929015808468,62.5268745529736,LSOAs never ranked in top 50 most deprived,1067,1243,1391,1358,1373,RLF1,Larger rural: Further from a major town or city,Rural,321,-667
W01000680,Llandybie 1,Carmarthenshire,1364,1446,1262,1390,1442,270,1604,1830,363,11.9191508450794,6.40402663026238,9.47944827553843,7.29726773457373,6.46669179736645,43.4135185948375,4.05614363843974,1.06650866519429,37.0943619858733,LSOAs never ranked in top 50 most deprived,1303,1440,1488,1468,1438,UF1,Urban: Further from a major town or city,Urban,-1094,240
W01000681,Llandybie 2,Carmarthenshire,539,576,495,643,888,195,1136,952,299,27.0704788272222,27.0113031486456,30.346171291299,24.5769805529271,17.3825538874175,50.1839593491089,11.8508952290006,15.822834487172,41.2507003840654,LSOAs never ranked in top 50 most deprived,491,646,769,753,628,UF1,Urban: Further from a major town or city,Urban,-344,597
W01000682,Llanegwad 1,Carmarthenshire,1274,1457,1507,1698,1631,117,435,1836,861,13.3637306058692,6.23257261418999,5.46895168062913,2.76515187555098,3.67785050965783,60.3040983434743,33.1711041585498,0.99220003951702,18.073664626882895,LSOAs never ranked in top 50 most deprived,1215,1394,1410,1446,1425,RSF1,Smaller rural: Further from a major town or city,Rural,-1157,-839
W01000683,Llanegwad 2,Carmarthenshire,585,1139,1209,1466,1309,1,18,1331,1207,25.6773816896574,11.7914954508383,10.4473423883424,6.09323652994722,8.65393010916411,99.9999999999999,88.1126813503824,8.27746754216379,10.484676387737,LSOAs never ranked in top 50 most deprived,648,726,879,774,760,RSF1,Smaller rural: Further from a major town or city,Rural,-584,-567
W01000684,Llanfihangel Aberbythych,Carmarthenshire,929,1259,1216,1505,1282,83,191,1606,885,18.5564407799626,9.53316063392553,10.3171485690894,5.49901466399771,9.12453613689573,66.6442395766252,50.6076979122489,4.02790755182067,17.4583264112032,LSOAs never ranked in top 50 most deprived,1146,1256,1111,1161,1150,RSF1,Smaller rural: Further from a major town or city,Rural,-846,-738
W01000685,Llanfihangel-ar-Arth 1,Carmarthenshire,564,803,822,906,1004,118,84,884,1036,26.2924999270347,19.632451700035105,19.1100900717838,16.9330873029528,14.6290981082827,60.141692542545,66.4305253908396,17.483639494038002,13.9241438787154,LSOAs never ranked in top 50 most deprived,673,766,784,725,793,RSF1,Smaller rural: Further from a major town or city,Rural,-446,-480
W01000686,Llanfihangel-ar-Arth 2,Carmarthenshire,979,1335,1251,1336,1459,110,187,1823,695,17.7798354592091,8.20967693488654,9.6770098701235,8.19276045700378,6.20153601025258,61.4742290246894,51.0393899464109,1.15350658605424,22.850642451496,LSOAs never ranked in top 50 most deprived,1108,1317,1204,1208,990,RSF1,Smaller rural: Further from a major town or city,Rural,-869,-792
W01000687,Llangadog,Carmarthenshire,752,1148,1205,1402,1291,38,95,1703,732,21.8958813767368,11.614211041696,10.5220710868698,7.10291696165361,8.96659513758763,79.1763405806634,64.2020855526035,2.69847051724183,21.6966916603332,LSOAs never ranked in top 50 most deprived,883,960,999,1022,1082,RSF1,Smaller rural: Further from a major town or city,Rural,-714,-657
W01000688,Llangeler 1,Carmarthenshire,448,584,725,860,665,119,96,1269,595,29.8502305000248,26.7067240252325,21.9106122518438,18.0996644603327,23.8307357386068,59.9804254727329,64.0098107348773,9.35460510291074,26.2944064618458,LSOAs never ranked in top 50 most deprived,546,578,656,587,641,RSF1,Smaller rural: Further from a major town or city,Rural,-329,-352
W01000689,Llangeler 2,Carmarthenshire,1081,1524,1380,1634,1140,148,165,1651,757,16.4453873308946,5.21499052029399,7.460490723607631,3.63619945440964,11.7717295661219,55.7367617071121,53.5704094628783,3.40159101249514,20.9485328258978,LSOAs never ranked in top 50 most deprived,1096,1048,1006,958,897,RSF1,Smaller rural: Further from a major town or city,Rural,-933,-916
W01000690,Llangennech 1,Carmarthenshire,1353,1137,1029,1124,1049,904,1628,1574,1085,12.0432421204637,11.8310782529684,14.0765169308124,12.0900403894636,13.643815945353,16.9825964740492,3.7195771283049,4.48389817521544,12.8848946033218,LSOAs never ranked in top 50 most deprived,1283,1325,1031,996,921,UN1,Urban: Nearer to a major town or city,Urban,-449,275
W01000691,Llangennech 2,Carmarthenshire,1182,822,813,1156,910,746,1752,1347,1881,14.885828199178,19.1100900717838,19.3560463120093,11.4577639697738,16.8343875345513,21.2747284720274,2.05502458376486,8.0074957744983,0.442408444279875,LSOAs never ranked in top 50 most deprived,1396,1012,948,924,1089,UN1,Urban: Nearer to a major town or city,Urban,-436,570
W01000692,Llangennech 3,Carmarthenshire,1295,1003,969,950,1190,1820,1400,1641,346,13.0461819718224,14.651479899389,15.4257175704195,15.8700081294809,10.8044862496646,1.19089238181222,7.13519492461482,3.53930598471235,38.1272300973115,LSOAs never ranked in top 50 most deprived,1188,1210,1236,1111,861,UN1,Urban: Nearer to a major town or city,Urban,525,105
W01000693,Llangunnor 1,Carmarthenshire,834,647,639,927,750,394,1543,1375,1809,20.164373876368,24.4394863568481,24.715301636097905,16.4195754965838,21.1555759189672,35.322590777636,4.93443101457545,7.54253865954455,1.32849590892464,LSOAs never ranked in top 50 most deprived,939,937,1087,1009,1063,UF1,Urban: Further from a major town or city,Urban,-440,709
W01000694,Llangunnor 2,Carmarthenshire,1530,1687,1752,1679,1485,227,1015,1279,1432,9.10661312958132,2.91253492881509,2.05502458376486,3.02031892365375,5.80182569778082,47.0488127565457,14.3843252638386,9.17742507759905,6.62410577943288,LSOAs never ranked in top 50 most deprived,1437,1402,1257,1463,1337,UF1,Urban: Further from a major town or city,Urban,-1303,-515
W01000695,Llangyndeyrn 1,Carmarthenshire,942,968,952,718,929,241,1359,1154,1437,18.3591222204495,15.4488885476342,15.822834487172,22.1265411904144,16.3712622991178,45.8010305504303,7.8070764088306,11.4967760858774,6.54526411930516,LSOAs never ranked in top 50 most deprived,503,560,504,573,431,RLF1,Larger rural: Further from a major town or city,Rural,-701,417
W01000696,Llangyndeyrn 2,Carmarthenshire,862,884,790,1161,1043,170,600,1129,1803,19.7946003409531,17.483639494038002,19.9968174672526,11.3605222015702,13.7727736452391,52.9702328737917,26.1094053227161,11.9900942156827,1.40390082075009,LSOAs never ranked in top 50 most deprived,906,883,813,955,716,RSF1,Smaller rural: Further from a major town or city,Rural,-692,-262
W01000697,Llannon 1,Carmarthenshire,756,701,741,835,434,1234,418,1001,1470,21.8333586527603,22.6595376835578,21.424542488058705,18.7593999742441,33.221254504512,9.98570980856246,34.0388982852619,14.696308928363,6.03157930099288,LSOAs never ranked in top 50 most deprived,890,693,554,709,673,UN1,Urban: Nearer to a major town or city,Urban,478,-338
W01000698,Llannon 2,Carmarthenshire,673,644,701,886,507,532,367,1191,1850,23.4948409892122,24.5425298701483,22.6595376835578,17.4330411565341,29.8205554137292,28.7626470242333,36.8579296788392,10.7855503029422,0.819741219997647,LSOAs never ranked in top 50 most deprived,972,788,751,671,588,UN1,Urban: Nearer to a major town or city,Urban,-141,-306
W01000699,Llannon 3,Carmarthenshire,1123,1324,1174,995,1347,211,374,1594,1648,15.9337445263771,8.39658402713063,11.1096010369892,14.8313226661017,8.0074957744983,48.5630080967241,36.4499327337625,4.19784638697523,3.44281899211342,LSOAs never ranked in top 50 most deprived,1385,1337,1228,1367,1175,RSN1,Smaller rural: Nearer to a major town or city,Rural,-912,-749
W01000700,Llansteffan,Carmarthenshire,889,1529,1270,1638,1201,17,268,1406,754,19.210698760458,5.14082662798777,9.33682555344581,3.58078178518821,10.5970433761167,88.6653116596723,43.5704509047974,7.03849661437819,21.0370374611813,LSOAs never ranked in top 50 most deprived,1237,1088,1211,1282,1330,RSF1,Smaller rural: Further from a major town or city,Rural,-872,-621
W01000701,Llanybydder 1,Carmarthenshire,883,1107,938,1332,1065,136,345,1560,937,19.2880736753264,12.4331432288226,16.155100067689,8.26050114921597,13.3034223470218,57.398922833939,38.1894560124386,4.68627250626735,16.1790180131088,LSOAs never ranked in top 50 most deprived,1024,1052,1099,1027,1072,RSF1,Smaller rural: Further from a major town or city,Rural,-747,-538
W01000702,Llanybydder 2,Carmarthenshire,613,557,887,712,834,537,100,1144,1456,25.009689655031,27.751265975903,17.4077836689115,22.3132504446043,18.7861871116449,28.5567816203031,63.2563930846068,11.6928354558815,6.24810663580258,LSOAs never ranked in top 50 most deprived,854,736,708,517,558,RSF1,Smaller rural: Further from a major town or city,Rural,-76,-513
W01000703,Lliedi 1,Carmarthenshire,541,612,504,559,660,1366,832,369,61,27.046753482589505,25.6713810731147,29.9508375693413,27.6722445460777,23.998223310090495,7.690966581395791,18.8398551620865,36.7406187399848,71.9315925517014,LSOAs never ranked in top 50 most deprived,499,609,635,601,651,UN1,Urban: Nearer to a major town or city,Urban,825,291
W01000704,Lliedi 2,Carmarthenshire,1416,1254,1112,1409,1349,939,1094,1299,639,11.1814443066412,9.62296092067892,12.3316982382375,6.99029948801807,7.97397103195276,16.1312069689596,12.6990135004679,8.82710790050632,24.715301636097905,LSOAs never ranked in top 50 most deprived,1309,1373,1277,1304,1331,UN1,Urban: Nearer to a major town or city,Urban,-477,-322
W01000705,Lliedi 3,Carmarthenshire,408,391,433,324,357,1160,975,507,517,31.1101617652106,35.4882095871764,33.2715144397848,39.5366662763192,37.4536309497537,11.3799376927195,15.2871797852758,29.8205554137292,29.391535460565,LSOAs never ranked in top 50 most deprived,395,358,273,204,224,UN1,Urban: Nearer to a major town or city,Urban,752,567
W01000706,Llwynhendy 1,Carmarthenshire,622,482,581,706,302,1309,1183,1028,917,24.6769605091646,30.9294793125097,26.8204690556212,22.501487779095,41.0381434017266,8.65393010916411,10.9374762021069,14.0983671490301,16.6626755924952,LSOAs never ranked in top 50 most deprived,693,801,686,712,591,UN1,Urban: Nearer to a major town or city,Urban,687,561
W01000707,Llwynhendy 2,Carmarthenshire,212,157,182,312,100,1697,956,529,1007,41.0956378545847,54.5645079112566,51.590654800111,40.3434807781602,63.2563930846068,2.7785113772664,15.7287764774469,28.8870565762234,14.5620831201808,LSOAs never ranked in top 50 most deprived,222,294,259,188,163,UN1,Urban: Nearer to a major town or city,Urban,1485,744
W01000708,Llwynhendy 3,Carmarthenshire,141,115,93,77,197,1567,1076,362,1598,47.149164545792,60.6323912704246,64.5915255534606,67.9699857156566,49.9749820772766,4.58486275792752,13.0722902058456,37.1538517812199,4.14106048118708,LSOAs never ranked in top 50 most deprived,172,125,171,127,184,UN1,Urban: Nearer to a major town or city,Urban,1426,935
W01000709,Manordeilo and Salem,Carmarthenshire,967,1347,1300,1571,1247,51,306,1826,712,17.8878284428315,8.0074957744983,8.8097313262712,4.52711445134636,9.74927328040944,74.8059807344962,40.7577556832299,1.11618146115725,22.3132504446043,LSOAs never ranked in top 50 most deprived,976,1090,1019,961,1071,RSF1,Smaller rural: Further from a major town or city,Rural,-916,-661
W01000710,Pembrey 1,Carmarthenshire,1671,1584,1414,1686,1394,813,1530,1617,1305,6.81511245116476,4.34042757947471,6.91019470786337,2.92598033764537,7.2323014981324,19.3560463120093,5.12602250353269,3.8732256719203506,8.72304483214816,LSOAs never ranked in top 50 most deprived,1586,1637,1464,1561,1335,RLF1,Larger rural: Further from a major town or city,Rural,-858,-141
W01000711,Pembrey 2,Carmarthenshire,340,323,259,450,308,442,928,580,1496,34.5046124116993,39.6028303062084,44.2902063742018,32.4316826446063,40.6188332964369,32.8230805685168,16.3954062121735,26.858509414305505,5.63478649276884,LSOAs never ranked in top 50 most deprived,404,400,422,306,346,RLF1,Larger rural: Further from a major town or city,Rural,102,588
W01000712,Penygroes (Carmarthenshire) 1,Carmarthenshire,1287,1265,1069,1107,930,847,767,1729,1269,13.1596250670784,9.42586106049934,13.2191053090711,12.4331432288226,16.3471437042061,18.4403643954711,20.6559531098305,2.35480988929415,9.35460510291074,LSOAs never ranked in top 50 most deprived,1299,1279,1110,1083,825,UN1,Urban: Nearer to a major town or city,Urban,-440,-520
W01000713,Penygroes (Carmarthenshire) 2,Carmarthenshire,1213,1151,957,1125,1098,797,570,1404,1307,14.4798869638736,11.5554186129504,15.7053219536497,12.0700163793339,12.6168794401143,19.799903548978,27.2424139746021,7.07068423377793,8.68846150955214,LSOAs never ranked in top 50 most deprived,1061,984,994,909,841,UN1,Urban: Nearer to a major town or city,Urban,-416,-643
W01000714,Pontamman 1,Carmarthenshire,569,563,384,578,503,1721,1313,374,367,26.1526563675996,27.5150115371531,35.8793553824041,26.9347794016803,29.994429466825,2.46000575936387,8.5850224530122,36.4499327337625,36.8579296788392,LSOAs never ranked in top 50 most deprived,494,554,677,632,647,UN1,Urban: Nearer to a major town or city,Urban,1152,744
W01000715,Pontamman 2,Carmarthenshire,1490,1476,976,1543,1167,747,1581,1530,1465,9.75460640962354,5.9394022683437,15.2641710664011,4.93443101457545,11.2443721828611,21.2448824142573,4.38337486685589,5.12602250353269,6.10867669802835,LSOAs never ranked in top 50 most deprived,1544,1521,1409,1362,1593,UN1,Urban: Nearer to a major town or city,Urban,-743,91
W01000716,Pontyberem 1,Carmarthenshire,1333,1440,1220,1375,1274,449,511,1555,1407,12.4122081584077,6.49808852335348,10.2430816555367,7.54253865954455,9.26584447784323,32.4802446836176,29.647985947346,4.75898277326274,7.02241968093653,LSOAs never ranked in top 50 most deprived,1209,1143,1300,1340,1267,RSF1,Smaller rural: Further from a major town or city,Rural,-884,-822
W01000717,Pontyberem 2,Carmarthenshire,685,573,546,853,539,520,1107,1136,1604,23.1756446732684,27.126568279074,28.1908045538328,18.282490921598,28.4749486401806,29.2643745927451,12.4331432288226,11.8508952290006,4.05614363843974,LSOAs never ranked in top 50 most deprived,824,802,760,713,740,RSF1,Smaller rural: Further from a major town or city,Rural,-165,422
W01000718,Cwarter Bach 1,Carmarthenshire,562,451,407,754,424,1737,490,708,1252,26.5066579798237,32.3832229231496,34.6183786555975,21.0370374611813,33.7288656324468,2.25009296734753,30.5687732863481,22.4385706702572,9.65897943745234,LSOAs never ranked in top 50 most deprived,683,660,651,653,770,RLF1,Larger rural: Further from a major town or city,Rural,1175,-72
W01000719,Cwarter Bach 2,Carmarthenshire,767,1024,865,969,892,592,90,1167,790,21.5178537857765,14.1859761945492,17.969958209404,15.4257175704195,17.2819106113586,26.4061256543757,65.1883356888716,11.2443721828611,19.9968174672526,LSOAs never ranked in top 50 most deprived,835,774,689,705,712,RSF1,Smaller rural: Further from a major town or city,Rural,-175,-677
W01000720,St Clears 1,Carmarthenshire,1311,1361,1247,1159,1244,531,904,1472,576,12.8019559187063,7.77384231790356,9.74927328040944,11.3993695873384,9.80362022662144,28.8040421482216,16.9825964740492,6.0008125587809,27.0113031486456,LSOAs never ranked in top 50 most deprived,1200,1127,1193,1316,1112,RSF1,Smaller rural: Further from a major town or city,Rural,-780,-407
W01000721,St Clears 2,Carmarthenshire,1125,1017,1246,1275,918,278,979,1533,670,15.909381841501,14.3400996326493,9.76737466434169,9.24813338387546,16.6382496306617,42.7962827981056,15.1952826928953,5.08166721716738,23.6644590109271,LSOAs never ranked in top 50 most deprived,1245,1138,1235,1236,1356,RSF1,Smaller rural: Further from a major town or city,Rural,-847,-146
W01000722,St Ishmael 1,Carmarthenshire,1418,1600,1594,1545,1597,178,623,1813,1189,11.1460297266534,4.11272001753924,4.19784638697523,4.90509654232021,4.15524381913421,52.0413819603454,25.2770577269403,1.27836295903722,10.8234377992372,LSOAs never ranked in top 50 most deprived,1445,1545,1486,1416,891,RSF1,Smaller rural: Further from a major town or city,Rural,-1240,-795
W01000723,St Ishmael 2,Carmarthenshire,872,1401,1186,1169,1446,56,370,1365,240,19.6332612669418,7.11905028081461,10.8803863227155,11.2057854914306,6.40402663026238,73.3239130760878,36.6821868883595,7.70751785586868,45.8879473662721,LSOAs never ranked in top 50 most deprived,787,837,1119,975,1035,RSF1,Smaller rural: Further from a major town or city,Rural,-816,-502
W01000724,Saron 1,Carmarthenshire,829,782,661,1002,796,234,1138,1520,1713,20.315856687704,20.2239458372538,23.9646280811958,14.6738834919112,19.8279311022189,46.4164609494925,11.8112783366967,5.27449429953024,2.56568497886456,LSOAs never ranked in top 50 most deprived,818,694,541,563,502,UN1,Urban: Nearer to a major town or city,Urban,-595,309
W01000725,Saron 2,Carmarthenshire,931,868,816,699,922,427,1492,1438,964,18.4889641179334,17.8924841166429,19.2737683084634,22.7230630059823,16.5408043631181,33.5754025298363,5.69538775209347,6.52952816681984,15.5418065966476,LSOAs never ranked in top 50 most deprived,955,899,733,624,583,UN1,Urban: Nearer to a major town or city,Urban,-504,561
W01000728,Trelech,Carmarthenshire,728,1427,1521,1499,1293,6,23,1741,1330,22.4205481304514,6.70321863063254,5.25960391629917,5.5894401050987,8.93164394102851,95.8250976903073,85.5327261252308,2.19791275290499,8.29444645993786,LSOAs never ranked in top 50 most deprived,849,884,1001,1006,976,RSF1,Smaller rural: Further from a major town or city,Rural,-722,-705
W01000729,Trimsaran 1,Carmarthenshire,291,220,230,266,230,950,1133,779,1899,36.6425197566295,47.6990428598684,46.775673266236,43.7284613469552,46.775673266236,15.8700081294809,11.910448810271,20.3097005807366,0.226119599713166,LSOAs never ranked in top 50 most deprived,342,320,383,478,424,RLF1,Larger rural: Further from a major town or city,Rural,659,842
W01000730,Trimsaran 2,Carmarthenshire,614,654,624,831,524,176,927,1088,1416,24.9657517329255,24.2008317495807,25.2415431290468,18.8667362212317,29.095913048907505,52.270101715109,16.4195754965838,12.8227671692873,6.87823075017479,LSOAs never ranked in top 50 most deprived,543,594,600,569,370,RSF1,Smaller rural: Further from a major town or city,Rural,-438,313
W01000731,Tycroes,Carmarthenshire,1178,997,819,1051,825,733,1450,1381,1812,14.9696091407054,14.7862299681048,19.1917835895332,13.600990223615,19.0286856939021,21.6662933513714,6.34153173513494,7.44411620080828,1.29088595575025,LSOAs never ranked in top 50 most deprived,1296,1198,1185,1040,1018,UN1,Urban: Nearer to a major town or city,Urban,-445,272
W01000732,Tyisha 1,Carmarthenshire,391,422,346,460,371,1745,688,260,235,31.8067427442947,33.8317461988466,38.1272300973115,31.9516196122874,36.6239031076496,2.14585065206022,23.075623623115,44.2091121956056,46.3275276621096,LSOAs never ranked in top 50 most deprived,396,505,510,555,650,UN1,Urban: Nearer to a major town or city,Urban,1354,297
W01000733,Tyisha 2,Carmarthenshire,29,70,33,16,28,1646,749,6,248,65.8772766877051,69.619925768559,81.106318101445,89.2315478251648,83.2132018664165,3.47034542585786,21.185306237659095,95.8250976903073,45.2016394953934,LSOAs often in the top 50 most deprived,17,55,44,28,52,UN1,Urban: Nearer to a major town or city,Urban,1617,720
W01000734,Tyisha 3,Carmarthenshire,159,277,158,134,186,1502,288,42,493,45.8810171417135,42.8725374686119,54.4378703545907,57.6880145537227,51.1485909630094,5.54418294566162,42.0473264765957,77.7410909205496,30.4349537266765,LSOAs never ranked in top 50 most deprived,144,187,161,319,182,UN1,Urban: Nearer to a major town or city,Urban,1343,129
W01000735,Whitland,Carmarthenshire,1204,1050,1278,1238,999,363,959,1515,947,14.5698214378288,13.6223931168635,9.19508178554439,9.91270089384097,14.7412255037326,37.0943619858733,15.6584845384211,5.34909116215445,15.940950505167,LSOAs never ranked in top 50 most deprived,1268,1191,899,878,920,RSF1,Smaller rural: Further from a major town or city,Rural,-841,-245
W01000736,Bishopston 1,Swansea,1915,1895,1823,1912,1903,1411,1671,1875,1816,1.39181138957304,0.27400832003257,1.15350658605424,0.0711663169787136,0.17833038223269,6.95822408936744,3.12861040151644,0.514959088465857,1.24083482798257,LSOAs never ranked in top 50 most deprived,1895,1828,1820,1796,1750,RLN1,Larger rural: Nearer to a major town or city,Rural,-504,-244
W01000737,Bishopston 2,Swansea,1789,1731,1726,1750,1805,651,1620,1896,1429,4.61806248783336,2.32858592802372,2.39420197875589,2.08093831082661,1.37873837202441,24.3028092202755,3.8312196260537505,0.262026788898669,6.67154082784447,LSOAs never ranked in top 50 most deprived,1825,1681,1439,1432,1500,RSN1,Smaller rural: Nearer to a major town or city,Rural,-1138,-169
W01000738,Bon-y-maen 1,Swansea,95,71,60,55,213,897,417,517,1818,53.8312800617822,69.3768488753494,72.203395391669,73.6127848600583,48.368191681927,17.1567226767283,34.0909791470183,29.391535460565,1.21585004920479,LSOAs sometimes in the top 50 most deprived,81,102,61,91,49,UN1,Urban: Nearer to a major town or city,Urban,802,322
W01000739,Bon-y-maen 2,Swansea,534,408,691,421,528,724,861,557,1026,27.2480585473936,34.565091159079,22.978933520734895,33.883359570169,28.9286764209639,21.9413354067508,18.073664626882895,27.751265975903,14.1421299579841,LSOAs never ranked in top 50 most deprived,460,331,236,255,190,UN1,Urban: Nearer to a major town or city,Urban,190,327
W01000740,Bon-y-maen 3,Swansea,1233,1326,910,689,860,1012,1226,1668,1425,14.0492954295174,8.36248775002633,16.8343875345513,23.0433484037795,18.0996644603327,14.4508235694722,10.1324265947327,3.16935151898829,6.73494012330532,LSOAs never ranked in top 50 most deprived,1158,827,926,849,984,UN1,Urban: Nearer to a major town or city,Urban,-221,-7
W01000741,Bon-y-maen 4,Swansea,590,394,503,474,458,1344,1247,1508,1099,25.5365408869622,35.322590777636,29.994429466825,31.295932496239505,32.0468339619845,8.05787468972892,9.74927328040944,5.45393491170779,12.5963916721678,LSOAs never ranked in top 50 most deprived,355,380,424,336,345,UN1,Urban: Nearer to a major town or city,Urban,754,657
W01000742,Castle 1,Swansea,30,28,19,15,254,1237,364,78,281,65.3932020347383,83.2132018664165,87.57301835159141,89.8120767513217,44.7000223997743,9.93093140724523,37.0350256647686,67.7436530415939,42.5690240501672,LSOAs in Deep-rooted deprivation,23,33,41,25,16,UN1,Urban: Nearer to a major town or city,Urban,1207,334
W01000744,Castle 3,Swansea,335,308,406,459,618,983,133,301,396,34.7656520305398,40.6188332964369,34.6717898978839,31.999177516669,25.4554579816815,15.1037513169693,57.8339345511564,41.1087776906679,35.2128370995348,LSOAs never ranked in top 50 most deprived,290,292,282,302,299,UN1,Urban: Nearer to a major town or city,Urban,648,-202
W01000745,Castle 4,Swansea,533,580,843,226,1337,1718,104,189,764,27.2894933958026,26.858509414305505,18.5462186401516,47.1405848632799,8.17585641203039,2.4995785858347,62.5268745529736,50.8225311289116,20.7433368930437,LSOAs never ranked in top 50 most deprived,321,356,278,236,298,UN1,Urban: Nearer to a major town or city,Urban,1185,-429
W01000746,Castle 5,Swansea,396,321,490,525,680,548,223,462,1365,31.5375524374388,39.7357321198931,30.5687732863481,29.053989753466695,23.3354689310173,28.110261139583,47.4181189285683,31.856797802148,7.70751785586868,LSOAs never ranked in top 50 most deprived,448,762,660,666,623,UN1,Urban: Nearer to a major town or city,Urban,152,-173
W01000747,Castle 6,Swansea,595,639,804,238,1105,1599,134,1087,696,25.4017698926159,24.715301636097905,19.604661203232,46.0627726217234,12.4738468402795,4.12688588424453,57.6880145537227,12.8434576731016,22.818681184314105,LSOAs never ranked in top 50 most deprived,643,891,671,515,747,UN1,Urban: Nearer to a major town or city,Urban,1004,-461
W01000749,Castle 8,Swansea,581,712,872,346,808,1698,403,126,180,25.8613720743896,22.3132504446043,17.7895896107903,38.1272300973115,19.4938337914636,2.76515187555098,34.8327718802493,58.8821487500075,51.8149142947811,LSOAs never ranked in top 50 most deprived,660,614,289,217,107,UN1,Urban: Nearer to a major town or city,Urban,1117,-178
W01000750,Clydach 1,Swansea,470,476,285,544,351,744,1087,897,1719,29.1255910587134,31.2037703789577,42.2694637565479,28.2716310135479,37.818601005911,21.334537029092495,12.8434576731016,17.1567226767283,2.48638007697319,LSOAs never ranked in top 50 most deprived,496,657,529,651,494,UN1,Urban: Nearer to a major town or city,Urban,274,617
W01000751,Clydach 2,Swansea,1610,1533,1339,1473,1440,722,1498,1548,1377,7.87717506097408,5.08166721716738,8.14208554780427,5.98544460749622,6.49808852335348,22.0029051103346,5.60454563604096,4.86116486524089,7.50968435406567,LSOAs never ranked in top 50 most deprived,1714,1563,1457,1357,1157,UN1,Urban: Nearer to a major town or city,Urban,-888,-112
W01000752,Clydach 3,Swansea,213,154,190,258,182,734,766,859,1855,41.0795626652372,54.9486586961829,50.7148636882803,44.3715874893872,51.590654800111,21.6359351657852,20.6850441646259,18.1256937179753,0.758460834073115,LSOAs never ranked in top 50 most deprived,297,325,338,452,396,UN1,Urban: Nearer to a major town or city,Urban,521,553
W01000753,Clydach 4,Swansea,660,569,554,675,514,951,774,856,1841,23.6157021218493,27.2811592342906,27.8703095176577,23.4993757451571,29.5194032772626,15.8464092140213,20.4533395220968,18.2039587039418,0.930459051912142,LSOAs never ranked in top 50 most deprived,697,724,690,833,687,UN1,Urban: Nearer to a major town or city,Urban,291,114
W01000754,Clydach 5,Swansea,784,831,678,592,677,1885,314,1049,1053,21.090645919871495,18.8667362212317,23.400891555994,26.4061256543757,23.4336727856376,0.39416817703550894,40.2070309127906,13.643815945353,13.5582440946749,LSOAs never ranked in top 50 most deprived,766,759,743,1011,848,UN1,Urban: Nearer to a major town or city,Urban,1101,-470
W01000755,Cockett 1,Swansea,892,713,731,812,913,1047,972,823,827,19.155110263908,22.2820267909355,21.7271301988704,19.3835378508761,16.7606396725577,13.6867215568436,15.3563443697558,19.0829232536666,18.9745757338571,LSOAs never ranked in top 50 most deprived,861,1037,979,1076,811,UN1,Urban: Nearer to a major town or city,Urban,155,80
W01000756,Cockett and Waunarlwydd 1,Swansea,156,167,101,82,646,298,784,288,1612,46.0487118479318,53.328456238315,63.0718327251101,66.859958217564,24.4737829256576,41.3219914904767,20.1669531245814,42.0473264765957,3.94340668328068,LSOAs never ranked in top 50 most deprived,229,224,279,283,362,UN1,Urban: Nearer to a major town or city,Urban,142,628
W01000757,Cockett 3,Swansea,914,749,720,743,962,525,1500,1308,1173,18.8578370291088,21.185306237659095,22.0646400750381,21.364499730599,15.5884067692259,29.053989753466695,5.57434448838746,8.67118932882823,11.1288057758357,LSOAs never ranked in top 50 most deprived,775,906,937,1020,988,UN1,Urban: Nearer to a major town or city,Urban,-389,586
W01000758,Cockett 4,Swansea,1246,1076,905,946,1245,1134,1235,820,1001,13.8113039306396,13.0722902058456,16.9578285669926,15.9646466734826,9.78549030558674,11.8905804781145,9.96743584161688,19.1645201635088,14.696308928363,LSOAs never ranked in top 50 most deprived,1163,1195,1229,1308,1251,UN1,Urban: Nearer to a major town or city,Urban,-112,-11
W01000759,Waunarlwydd,Swansea,1534,1544,1411,902,1399,906,1536,1814,963,9.01823438523145,4.9197591017565,6.95822408936744,17.0322124471741,7.15135090896387,16.9330873029528,5.03739730494301,1.26584677711153,15.5650948808948,LSOAs never ranked in top 50 most deprived,1539,1430,1188,1135,1189,UN1,Urban: Nearer to a major town or city,Urban,-628,2
W01000760,Cockett and Waunarlwydd 2,Swansea,393,430,438,550,504,361,491,1193,225,31.7224680003726,33.4229565973129,33.021305903343,28.0299987953257,29.9508375693413,37.2134958467942,30.5240802001074,10.7477251154287,47.2327246165593,LSOAs never ranked in top 50 most deprived,624,754,524,506,538,UN1,Urban: Nearer to a major town or city,Urban,-32,98
W01000761,Cockett 7,Swansea,742,552,693,736,577,1372,621,950,1120,22.1870147293841,27.9500155661972,22.9146985373268,21.5753387420382,26.973009449722,7.59190828071483,25.348251862976895,15.8700081294809,12.1703112175028,LSOAs never ranked in top 50 most deprived,724,791,650,654,589,UN1,Urban: Nearer to a major town or city,Urban,630,-121
W01000762,Cockett 8,Swansea,191,207,232,130,210,1524,213,220,1399,43.2610602046819,48.9576623742928,46.5953658460321,58.2773327586552,48.6610386249168,5.21499052029399,48.368191681927,47.6990428598684,7.15135090896387,LSOAs never ranked in top 50 most deprived,207,217,254,234,208,UN1,Urban: Nearer to a major town or city,Urban,1333,22
W01000763,Cwmbwrla 1,Swansea,653,531,723,960,531,1759,214,1297,446,23.7244442836451,28.8040421482216,21.9720996562206,15.6351015498729,28.8040421482216,1.96455577359849,48.2713988064592,8.8619004828112,32.6265490495701,LSOAs never ranked in top 50 most deprived,649,939,920,1043,885,UN1,Urban: Nearer to a major town or city,Urban,1106,-439
W01000764,Cwmbwrla 2,Swansea,623,691,711,626,548,1482,303,748,289,24.6666030466682,22.978933520734895,22.3445165435773,25.1706780267326,28.110261139583,5.84759317920274,40.9677253706744,21.2150750361765,41.9737549349954,LSOAs never ranked in top 50 most deprived,732,921,971,967,1003,UN1,Urban: Nearer to a major town or city,Urban,859,-320
W01000765,Cwmbwrla 3,Swansea,725,693,754,807,686,1821,246,773,382,22.4414940869599,22.9146985373268,21.0370374611813,19.5214906192099,23.1403102529704,1.17842369651097,45.3713061162476,20.4821752709261,35.9923440910935,LSOAs never ranked in top 50 most deprived,719,818,914,1133,1043,UN1,Urban: Nearer to a major town or city,Urban,1096,-479
W01000766,Cwmbwrla 4,Swansea,1083,797,990,965,1076,1858,413,1257,606,16.4349098703483,19.799903548978,14.9444427131545,15.5185418687327,13.0722902058456,0.721770820884037,34.3004899781357,9.56903868608086,25.889350467786105,LSOAs never ranked in top 50 most deprived,1057,1294,1178,1349,1308,UN1,Urban: Nearer to a major town or city,Urban,775,-670
W01000767,Cwmbwrla 5,Swansea,349,359,287,322,196,1766,731,386,1081,34.1786437438347,37.3332500036774,42.121134111506,39.6691852192056,50.0792333688997,1.87444142206829,21.7271301988704,35.7669190243379,12.9679930975123,LSOAs never ranked in top 50 most deprived,417,502,490,449,542,UN1,Urban: Nearer to a major town or city,Urban,1417,382
W01000768,Dunvant and Killay 1,Swansea,1444,1126,1184,1204,1216,967,1302,1567,1623,10.6158752515668,12.0500097871272,10.91843049278,10.5407912605816,10.3171485690894,15.4720828916168,8.77501751245247,4.58486275792752,3.78929015808468,LSOAs never ranked in top 50 most deprived,1501,1558,1525,1476,1573,UN1,Urban: Nearer to a major town or city,Urban,-477,-142
W01000769,Dunvant and Killay 2,Swansea,1753,1713,1546,1767,1495,743,1562,1851,1853,5.24789191019645,2.56568497886456,4.89044332434856,1.86159671694708,5.64992184469393,21.364499730599,4.65725263845909,0.807472073988819,0.78295339913323,LSOAs never ranked in top 50 most deprived,1797,1701,1663,1691,1742,UN1,Urban: Nearer to a major town or city,Urban,-1010,-191
W01000770,Dunvant and Killay 3,Swansea,1852,1561,1679,1667,1641,1735,1734,1855,1309,3.50907541058336,4.67175799544653,3.02031892365375,3.18294794436459,3.53930598471235,2.27622753488393,2.2893059632188506,0.758460834073115,8.65393010916411,LSOAs never ranked in top 50 most deprived,1808,1820,1813,1841,1805,UN1,Urban: Nearer to a major town or city,Urban,-117,-118
W01000771,Fairwood 2,Swansea,1488,1303,1237,1542,1368,509,1237,1643,1888,9.78803100776363,8.75768023333021,9.93093140724523,4.94911229271788,7.657899721566911,29.7341088318915,9.93093140724523,3.51169694460876,0.358054259664359,LSOAs never ranked in top 50 most deprived,1516,1446,1378,1530,1432,UN1,Urban: Nearer to a major town or city,Urban,-979,-251
W01000772,Fairwood 1,Swansea,1649,1539,1413,1748,1801,387,1379,1825,1909,7.305632299250449,4.99321243883806,6.92619336021997,2.1068812673999706,1.42909082783773,35.7109062943083,7.4768769123214,1.12861644040485,0.106832221896123,LSOAs never ranked in top 50 most deprived,1718,1639,1647,1672,1614,RLN1,Larger rural: Nearer to a major town or city,Rural,-1262,-270
W01000774,Gorseinon and Penyrheol 1,Swansea,1060,1007,792,692,685,1719,1125,504,1800,16.7825013872761,14.5620831201808,19.9403841096694,22.946793604401705,23.172721919325,2.48638007697319,12.0700163793339,29.9508375693413,1.44169618464421,LSOAs never ranked in top 50 most deprived,1030,998,1004,1002,998,UN1,Urban: Nearer to a major town or city,Urban,659,65
W01000775,Gower (Swansea) 1,Swansea,1289,1661,1777,1770,1644,42,386,1584,1780,13.1230305426032,3.26469571800256,1.73354266296509,1.82310558552363,3.49790484275683,77.7410909205496,35.7669190243379,4.34042757947471,1.69526506032076,LSOAs never ranked in top 50 most deprived,1513,1445,1546,1486,1301,RSF1,Smaller rural: Further from a major town or city,Rural,-1247,-903
W01000776,Gower (Swansea) 2,Swansea,1434,1804,1774,1845,1842,131,329,1701,1304,10.8360948408887,1.3913161553612,1.77188407507363,0.881185315492533,0.918130717938159,58.1285815636282,39.2086713724364,2.72511986642925,8.74035601311472,LSOAs never ranked in top 50 most deprived,1611,1538,1624,1575,1511,RSN1,Smaller rural: Nearer to a major town or city,Rural,-1303,-1105
W01000777,Gowerton 1,Swansea,1659,1556,1595,1308,1586,1352,1857,1443,263,7.16420039890527,4.74442231942631,4.18363676121106,8.67118932882823,4.31184054235171,7.92377536341328,0.733994323259279,6.4510094918429,43.9675312221797,LSOAs never ranked in top 50 most deprived,1722,1707,1652,1589,1594,UN1,Urban: Nearer to a major town or city,Urban,-307,198
W01000778,Gowerton 2,Swansea,1583,1448,1323,1053,1229,1840,1444,1187,1219,8.25890332209683,6.37275795655347,8.41365113915402,13.5582440946749,10.0772980653991,0.9427939975962821,6.43533787184727,10.8613878099329,10.2615760348921,LSOAs never ranked in top 50 most deprived,1525,1648,1636,1697,1729,UN1,Urban: Nearer to a major town or city,Urban,257,-139
W01000779,Gowerton 3,Swansea,899,588,827,641,1095,835,1166,778,1759,19.1139271925229,26.5559337597091,18.9745757338571,24.646037112484095,12.6784524717191,18.7593999742441,11.263689831837,20.3383566946506,1.96455577359849,LSOAs never ranked in top 50 most deprived,1147,1061,1103,977,867,UN1,Urban: Nearer to a major town or city,Urban,-64,267
W01000781,Dunvant and Killay 4,Swansea,1914,1893,1810,1833,1807,1678,1673,1917,1634,1.43757052673718,0.297990123411071,1.31595242325068,1.02932434273908,1.35360342142781,3.03382750759324,3.1014896941000294,0.0118457715408025,3.63619945440964,LSOAs never ranked in top 50 most deprived,1897,1908,1894,1889,1887,UN1,Urban: Nearer to a major town or city,Urban,-236,-241
W01000782,Dunvant and Killay 5,Swansea,1900,1715,1666,1823,1547,1843,1661,1909,1874,2.46967548881825,2.5392196170027,3.1965524120076,1.15350658605424,4.8757994359463,0.905808988590183,3.26469571800256,0.106832221896123,0.52707314322933,LSOAs never ranked in top 50 most deprived,1757,1759,1773,1802,1785,UN1,Urban: Nearer to a major town or city,Urban,-57,-239
W01000784,Llwchwr 1,Swansea,1310,1175,1004,889,1143,1424,982,1324,976,12.8285812895381,11.0904123205042,14.6290981082827,17.3573517513344,11.71253362724,6.75081729104151,15.1266000341796,8.39658402713063,15.2641710664011,LSOAs never ranked in top 50 most deprived,1469,1321,1327,1336,1138,UN1,Urban: Nearer to a major town or city,Urban,114,-328
W01000785,Llwchwr 2,Swansea,1804,1670,1686,1462,1505,1080,1905,1877,1834,4.3577659395853,3.14218275704172,2.92598033764537,6.15505949084693,5.49901466399771,12.9888147173631,0.154472958008197,0.49075010349887294,1.01694291576668,LSOAs never ranked in top 50 most deprived,1851,1794,1787,1778,1738,UN1,Urban: Nearer to a major town or city,Urban,-724,101
W01000786,Llwchwr 3,Swansea,1668,1640,1506,1339,1172,1081,1496,1633,1641,6.8239183819827,3.55312294285556,5.48397826044981,8.14208554780427,11.1480265638227,12.9679930975123,5.63478649276884,3.65007476045286,3.53930598471235,LSOAs never ranked in top 50 most deprived,1636,1601,1445,1311,1457,UN1,Urban: Nearer to a major town or city,Urban,-587,-172
W01000787,Landore 1,Swansea,528,519,716,510,591,851,295,470,615,27.4650058311539,29.3066834813451,22.1886093532181,29.6910070790377,26.4434863026012,18.3349950989166,41.5372003261676,31.481372079309,25.563166143647,LSOAs never ranked in top 50 most deprived,490,585,570,490,644,UN1,Urban: Nearer to a major town or city,Urban,323,-233
W01000788,Landore 2,Swansea,450,449,460,490,375,1578,415,601,391,29.8144809982298,32.4802446836176,31.9516196122874,30.5687732863481,36.3922338075472,4.42640249861117,34.1954960047694,26.0725829943683,35.4882095871764,LSOAs never ranked in top 50 most deprived,230,302,374,310,325,UN1,Urban: Nearer to a major town or city,Urban,1128,-35
W01000789,Landore 3,Swansea,256,291,264,254,466,1580,143,526,336,38.0236592484837,41.8273141236828,43.8875648374803,44.7000223997743,31.6683189466595,4.39770846878359,56.4147923140819,29.012142734782895,38.7571973878808,LSOAs never ranked in top 50 most deprived,276,234,233,295,253,UN1,Urban: Nearer to a major town or city,Urban,1324,-113
W01000790,Landore 4,Swansea,607,680,1040,386,610,1151,250,1122,211,25.1136677895442,23.3354689310173,13.8375246553555,35.7669190243379,25.7438082601766,11.5554186129504,45.0332153132561,12.130140784991,48.5630080967241,LSOAs never ranked in top 50 most deprived,363,271,302,229,219,UN1,Urban: Nearer to a major town or city,Urban,544,-357
W01000791,Llangyfelach 1,Swansea,1692,1651,1616,1295,1508,739,1672,1791,1378,6.50512666924618,3.40159101249514,3.8872447529099694,8.89674577633235,5.45393491170779,21.4847424007712,3.11504605034776,1.55545636077368,7.49327478358407,LSOAs never ranked in top 50 most deprived,1749,1721,1691,1732,1811,UN1,Urban: Nearer to a major town or city,Urban,-953,-20
W01000792,Pontlliw and Tircoed,Swansea,1615,1726,1527,1553,1693,302,1851,1787,928,7.752087653208671,2.39420197875589,5.17046349396186,4.78813136320966,2.83202711799647,41.0381434017266,0.807472073988819,1.60619761297425,16.3954062121735,LSOAs never ranked in top 50 most deprived,1806,1720,1612,1621,1676,RSN1,Smaller rural: Nearer to a major town or city,Rural,-1313,236
W01000793,Llangyfelach 3,Swansea,1661,1771,1672,1556,1756,251,1796,1803,1352,7.10902305763553,1.81028950974476,3.11504605034776,4.74442231942631,2.00328455523517,44.9494634762579,1.4921868104588,1.40390082075009,7.92377536341328,LSOAs never ranked in top 50 most deprived,1765,1734,1696,1675,1653,RSN1,Smaller rural: Nearer to a major town or city,Rural,-1410,135
W01000794,Llansamlet 1,Swansea,1325,1240,1065,1206,1170,560,1606,1647,618,12.5464810047129,9.87628316005961,13.3034223470218,10.5033661375025,11.1865163946724,27.632835409167,4.02790755182067,3.45657809102635,25.4554579816815,LSOAs never ranked in top 50 most deprived,1118,882,866,615,565,UN1,Urban: Nearer to a major town or city,Urban,-765,281
W01000795,Llansamlet 2,Swansea,1461,1404,1197,1154,1462,976,1825,512,839,10.3171004018334,7.07068423377793,10.6722608493273,11.4967760858774,6.15505949084693,15.2641710664011,1.12861644040485,29.605045135778,18.6525623174232,LSOAs never ranked in top 50 most deprived,1547,1651,1604,1613,1441,UN1,Urban: Nearer to a major town or city,Urban,-485,364
W01000797,Llansamlet 4,Swansea,1452,1199,1072,1213,1308,1376,1489,1506,659,10.4858133093618,10.6346213645385,13.156069761591,10.3728557027694,8.67118932882823,7.526105640471979,5.74094371357136,5.48397826044981,24.0318676820537,LSOAs never ranked in top 50 most deprived,1431,1397,1549,1578,1505,UN1,Urban: Nearer to a major town or city,Urban,-76,37
W01000798,Llansamlet 5,Swansea,1162,838,735,921,769,1722,1594,1276,1387,15.2503419848036,18.6792252420405,21.6056169977948,16.5651270025312,20.5978811536676,2.44682993327569,4.19784638697523,9.23043591779899,7.34611312114682,LSOAs never ranked in top 50 most deprived,1091,1160,1036,1198,1101,UN1,Urban: Nearer to a major town or city,Urban,560,432
W01000799,Llansamlet 6,Swansea,266,146,261,255,457,614,823,759,1789,37.7336594622732,56.005580172015,44.1283029373219,44.6174729412671,32.0945893574396,25.5991812440889,19.0829232536666,20.889718375820905,1.58081299407966,LSOAs never ranked in top 50 most deprived,386,269,305,284,288,UN1,Urban: Nearer to a major town or city,Urban,348,557
W01000800,Llansamlet 7,Swansea,1591,1736,1728,1406,1383,699,1526,1731,257,8.14292698040821,2.26315653907452,2.36793309089594,7.03849661437819,7.41140208659252,22.7230630059823,5.1852962600852,2.32858592802372,44.453257578917,LSOAs never ranked in top 50 most deprived,1664,1694,1574,1584,1382,UN1,Urban: Nearer to a major town or city,Urban,-892,-65
W01000801,Llansamlet 8,Swansea,265,204,322,156,317,539,1296,685,1344,37.7831134562679,49.258161622155,39.6691852192056,54.6918465940365,40.0038620301026,28.4749486401806,8.87931653068936,23.172721919325,8.05787468972892,LSOAs never ranked in top 50 most deprived,179,207,317,339,276,UN1,Urban: Nearer to a major town or city,Urban,274,1031
W01000802,Llwchwr 4,Swansea,842,704,633,761,941,605,1310,945,1177,20.0473376610143,22.5645774715646,24.9243556120482,20.831053939588905,16.0834951054554,25.9258803794626,8.63668383112238,15.988367280387,11.0520828478352,LSOAs never ranked in top 50 most deprived,966,793,891,810,919,UN1,Urban: Nearer to a major town or city,Urban,-237,468
W01000803,Clydach and Llangyfelach,Swansea,804,1236,1254,1357,1237,71,138,1268,523,20.683203400518295,9.94917638218329,9.62296092067892,7.840358591204061,9.93093140724523,69.3768488753494,57.1134197081889,9.37239840702551,29.1379128996805,LSOAs never ranked in top 50 most deprived,1029,1036,943,1061,1058,RSN1,Smaller rural: Nearer to a major town or city,Rural,-733,-666
W01000804,Mayals 1,Swansea,1749,1851,1851,1903,1867,555,1882,1479,417,5.27258295630822,0.807472073988819,0.807472073988819,0.17833038223269,0.612050651016539,27.830559837053105,0.430338888596109,5.89345191451641,34.0909791470183,LSOAs never ranked in top 50 most deprived,1858,1873,1721,1711,1841,UN1,Urban: Nearer to a major town or city,Urban,-1194,133
W01000805,Mayals 2,Swansea,1875,1901,1873,1913,1840,578,1845,1902,1879,3.09883650393838,0.202212578968056,0.539193581804108,0.0592899618307506,0.9427939975962821,26.9347794016803,0.881185315492533,0.190268380821594,0.466566573261191,LSOAs never ranked in top 50 most deprived,1906,1883,1825,1832,1863,UN1,Urban: Nearer to a major town or city,Urban,-1297,-30
W01000806,Morriston 1,Swansea,1122,1072,1068,931,895,690,1317,1332,300,15.9393515146846,13.156069761591,13.240155607887,16.323050374395,17.2067161132839,23.0111184118452,8.51632062665846,8.26050114921597,41.1796295698724,LSOAs never ranked in top 50 most deprived,1088,991,929,1044,1092,UN1,Urban: Nearer to a major town or city,Urban,-432,195
W01000807,Morriston 2,Swansea,1642,1490,1590,1331,1373,963,1762,1387,867,7.405860358984951,5.72574836504909,4.25477284154304,8.27746754216379,7.57543996283443,15.5650948808948,1.9258920961997399,7.34611312114682,17.9182798287869,LSOAs never ranked in top 50 most deprived,1618,1613,1650,1640,1650,UN1,Urban: Nearer to a major town or city,Urban,-679,120
W01000808,Morriston 3,Swansea,1176,922,944,883,1424,803,1418,793,771,15.0148828357309,16.5408043631181,16.0121123763408,17.5089804663596,6.75081729104151,19.632451700035105,6.84631115234875,19.9122192709302,20.5399554523121,LSOAs never ranked in top 50 most deprived,1271,1092,1163,1223,1193,UN1,Urban: Nearer to a major town or city,Urban,-373,242
W01000809,Morriston 4,Swansea,743,866,536,588,588,1828,883,850,260,22.181946919402,17.944104504669,28.5978075542744,26.5559337597091,26.5559337597091,1.09133165346827,17.5089804663596,18.3612922020953,44.2091121956056,LSOAs never ranked in top 50 most deprived,686,695,804,866,879,UN1,Urban: Nearer to a major town or city,Urban,1085,140
W01000810,Morriston 5,Swansea,62,84,71,39,137,591,341,85,1188,58.2842569682945,66.4305253908396,69.3768488753494,78.8090446999479,57.2557282737189,26.4434863026012,38.4400569687778,66.2187787521445,10.842404977394,LSOAs never ranked in top 50 most deprived,95,119,133,102,135,UN1,Urban: Nearer to a major town or city,Urban,529,279
W01000811,Morriston 6,Swansea,270,257,257,245,397,1485,271,541,674,37.4876601335983,44.453257578917,44.453257578917,45.456611096029,35.1581560377781,5.80182569778082,43.3354521612765,28.3934057862217,23.532297743117095,LSOAs never ranked in top 50 most deprived,309,336,552,497,474,UN1,Urban: Nearer to a major town or city,Urban,1215,1
W01000812,Morriston 7,Swansea,171,209,164,119,234,1637,262,428,277,45.1045382221393,48.7594887676383,53.6923472965782,59.9804254727329,46.4164609494925,3.59462368937705,44.0477766042521,33.524474867068,42.8725374686119,LSOAs never ranked in top 50 most deprived,154,140,178,154,177,UN1,Urban: Nearer to a major town or city,Urban,1466,91
W01000813,Morriston 8,Swansea,1226,1228,845,1140,1034,1802,620,841,690,14.1476367867987,10.0956595638491,18.4932306204677,11.7717295661219,13.9675761280521,1.41649237572638,25.3839317421943,18.599329017006905,23.0111184118452,LSOAs never ranked in top 50 most deprived,1250,1187,1462,1410,1409,UN1,Urban: Nearer to a major town or city,Urban,576,-606
W01000814,Morriston 9,Swansea,142,166,138,159,303,441,381,240,644,47.1169454765068,53.4491146924828,57.1134197081889,54.311926245504,40.9677253706744,32.8724769695668,36.0490472780562,45.8879473662721,24.5425298701483,LSOAs never ranked in top 50 most deprived,205,116,226,194,170,UN1,Urban: Nearer to a major town or city,Urban,299,239
W01000815,Morriston 10,Swansea,1411,1577,1135,1424,1500,360,1522,878,761,11.266857101644,4.4407629488411,11.8707292942162,6.75081729104151,5.57434448838746,37.2732949847907,5.24472316698409,17.636105830763,20.831053939588905,LSOAs never ranked in top 50 most deprived,1570,1579,1526,1409,1408,UN1,Urban: Nearer to a major town or city,Urban,-1051,111
W01000816,Morriston 11,Swansea,1586,1622,1641,1434,1501,407,1802,1690,705,8.17133973989029,3.8032581559873706,3.53930598471235,6.59253667664155,5.55925877290174,34.6183786555975,1.41649237572638,2.87224579783897,22.5330109932208,LSOAs never ranked in top 50 most deprived,1677,1577,1627,1700,1705,UN1,Urban: Nearer to a major town or city,Urban,-1179,216
W01000817,Mynydd-bach 1,Swansea,71,60,41,47,217,1125,668,55,1632,56.837032743174,72.203395391669,78.09159448065671,76.0644806138891,47.9834404914399,12.0700163793339,23.7308255216234,73.6127848600583,3.6639584421629694,LSOAs often in the top 50 most deprived,37,43,49,37,38,UN1,Urban: Nearer to a major town or city,Urban,1054,597
W01000818,Mynydd-bach 2,Swansea,306,284,183,430,393,1118,476,341,1497,35.8102424657855,42.3439888513391,51.4793397416298,33.4229565973129,35.3776646435964,12.210551932072,31.2037703789577,38.4400569687778,5.61966109424539,LSOAs never ranked in top 50 most deprived,467,332,492,418,543,UN1,Urban: Nearer to a major town or city,Urban,812,170
W01000819,Mynydd-bach 3,Swansea,1646,1558,1321,1526,1123,958,1804,1477,1638,7.36879340604608,4.71532903567362,8.44782340412111,5.1852962600852,12.1100818478712,15.6818913235186,1.3913161553612,5.92407528130231,3.58078178518821,LSOAs never ranked in top 50 most deprived,1589,1628,1710,1752,1723,UN1,Urban: Nearer to a major town or city,Urban,-688,158
W01000820,Mynydd-bach 4,Swansea,866,784,734,697,593,1711,897,729,837,19.7015924432993,20.1669531245814,21.6359351657852,22.7867642695324,26.3688255954843,2.59218082865381,17.1567226767283,21.7881283915832,18.7059191117323,LSOAs never ranked in top 50 most deprived,1021,895,961,907,936,UN1,Urban: Nearer to a major town or city,Urban,845,31
W01000821,Mynydd-bach 5,Swansea,949,738,688,893,828,1720,870,798,934,18.243734042245,21.5149015478539,23.075623623115,17.2568184537163,18.9475684163847,2.4731891377088,17.840979324203,19.7719101082479,16.2509214476258,LSOAs never ranked in top 50 most deprived,859,930,714,900,1007,UN1,Urban: Nearer to a major town or city,Urban,771,-79
W01000822,Mynydd-bach 6,Swansea,1294,1241,854,954,1174,714,1454,1912,1210,13.056951918293,9.85809589403115,18.2562837106548,15.7757574013147,11.1096010369892,22.2508454674838,6.27920618917483,0.0711663169787136,10.4286980895289,LSOAs never ranked in top 50 most deprived,1230,1261,1338,1347,1218,UN1,Urban: Nearer to a major town or city,Urban,-580,160
W01000823,Mumbles 1,Swansea,1896,1853,1871,1901,1876,750,1834,1907,1866,2.63049682496197,0.78295339913323,0.563453637325335,0.202212578968056,0.502851410792549,21.1555759189672,1.01694291576668,0.130640254955792,0.624215965358298,LSOAs never ranked in top 50 most deprived,1905,1885,1854,1852,1804,UN1,Urban: Nearer to a major town or city,Urban,-1146,-62
W01000824,Mumbles 2,Swansea,1778,1691,1571,1693,1871,698,1688,1556,1904,4.82000242041684,2.85883175549365,4.52711445134636,2.83202711799647,0.563453637325335,22.7548915842265,2.89909737535026,4.74442231942631,0.166398576769003,LSOAs never ranked in top 50 most deprived,1801,1784,1714,1717,1736,UN1,Urban: Nearer to a major town or city,Urban,-1080,-90
W01000825,Mumbles 3,Swansea,1759,1660,1643,1772,1854,1830,1098,1357,421,5.12945263946074,3.27834863975104,3.51169694460876,1.79748057137151,0.770703856354722,1.06650866519429,12.6168794401143,7.840358591204061,33.883359570169,LSOAs never ranked in top 50 most deprived,1719,1666,1668,1674,1610,UN1,Urban: Nearer to a major town or city,Urban,71,-661
W01000826,Mumbles 4,Swansea,1769,1850,1612,1769,1778,656,1715,1105,1592,4.96216883721474,0.819741219997647,3.94340668328068,1.83592880666676,1.72077638263589,24.1330970993627,2.5392196170027,12.4738468402795,4.22629200219173,LSOAs never ranked in top 50 most deprived,1760,1670,1733,1747,1620,UN1,Urban: Nearer to a major town or city,Urban,-1113,-54
W01000827,Mumbles 5,Swansea,1906,1878,1754,1875,1822,1849,1323,1512,1537,2.11287220748181,0.478655159884881,2.029140020424,0.514959088465857,1.16596176703063,0.832016914366915,8.41365113915402,5.39396568933568,5.02265958281663,LSOAs never ranked in top 50 most deprived,1826,1879,1875,1868,1770,UN1,Urban: Nearer to a major town or city,Urban,-57,-583
W01000828,Pen-clawdd 1,Swansea,1606,1822,1602,1756,1478,250,1218,1890,1498,7.92657032744507,1.16596176703063,4.08441443187066,2.00328455523517,5.90875850122173,45.0332153132561,10.2800852976103,0.334009779105695,5.60454563604096,LSOAs never ranked in top 50 most deprived,1667,1560,1582,1619,1615,RSN1,Smaller rural: Nearer to a major town or city,Rural,-1356,-388
W01000829,Pen-clawdd 2,Swansea,1407,1120,1122,1037,1243,1133,1113,1653,1490,11.3179837064458,12.1703112175028,12.130140784991,13.9024584712527,9.82176444997588,11.910448810271,12.3114628224399,3.3741466922672494,5.72574836504909,LSOAs never ranked in top 50 most deprived,1255,1083,809,757,738,RLN1,Larger rural: Nearer to a major town or city,Rural,-274,-294
W01000830,Penderry 1,Swansea,11,5,23,21,45,451,222,184,1791,72.2398671005429,96.6016437838926,85.5327261252308,86.5302557809162,76.7205326292893,32.3832229231496,47.5113795103644,51.3685608303201,1.55545636077368,LSOAs in Deep-rooted deprivation,31,21,19,11,8,UN1,Urban: Nearer to a major town or city,Urban,440,211
W01000831,Penderry 2,Swansea,102,83,63,117,176,725,487,165,1544,53.1835226393617,66.6442395766252,71.3974372375447,60.3040983434743,52.270101715109,21.9106122518438,30.7033759993631,53.5704094628783,4.9197591017565,LSOAs never ranked in top 50 most deprived,147,246,228,180,207,UN1,Urban: Nearer to a major town or city,Urban,623,385
W01000832,Penderry 3,Swansea,36,36,35,33,101,526,436,113,1393,63.9361528775859,79.929011439795,80.3147896569701,81.106318101445,63.0718327251101,29.012142734782895,33.1210629250296,60.9654380577152,7.2485258617620705,LSOAs in Deep-rooted deprivation,22,34,33,49,47,UN1,Urban: Nearer to a major town or city,Urban,490,400
W01000833,Penderry 4,Swansea,13,10,13,19,39,710,535,67,1587,71.371826616931,92.9572308799948,91.0190330224667,87.57301835159141,78.8090446999479,22.375825203411505,28.6389067984773,70.3649611810893,4.29756033697686,LSOAs in Deep-rooted deprivation,48,45,29,45,24,UN1,Urban: Nearer to a major town or city,Urban,697,522
W01000834,Penderry 5,Swansea,124,89,140,200,99,914,404,371,1573,48.9437786717101,65.3907641045194,56.8314171748687,49.6650337834706,63.442446411698,16.7361095067327,34.7789859280729,36.6239031076496,4.49829458002998,LSOAs never ranked in top 50 most deprived,201,218,190,158,181,UN1,Urban: Nearer to a major town or city,Urban,790,280
W01000835,Penderry 6,Swansea,160,133,106,111,227,1775,582,368,1261,45.8410894973586,57.8339345511564,62.170612845839,61.3033784077623,47.0488127565457,1.75909650129803,26.7824915091031,36.7991994167954,9.49733846133702,LSOAs never ranked in top 50 most deprived,157,142,253,207,178,UN1,Urban: Nearer to a major town or city,Urban,1615,422
W01000836,Penderry 7,Swansea,202,141,199,425,291,362,449,364,1580,42.0434592331958,56.6917020085358,49.7678864822923,33.6775974081246,41.8273141236828,37.1538517812199,32.4802446836176,37.0350256647686,4.39770846878359,LSOAs sometimes in the top 50 most deprived,279,150,90,79,25,UN1,Urban: Nearer to a major town or city,Urban,160,247
W01000837,Penllergaer 1,Swansea,1746,1842,1812,1782,1844,343,1911,1818,1170,5.29475662280928,0.918130717938159,1.29088595575025,1.66978200350748,0.8934938567954461,38.3144151833871,0.0830488078086016,1.21585004920479,11.1865163946724,LSOAs never ranked in top 50 most deprived,1845,1786,1746,1724,1808,RLN1,Larger rural: Nearer to a major town or city,Rural,-1403,165
W01000838,Penllergaer 2,Swansea,435,333,331,344,967,294,1074,1540,1453,30.1934112206226,38.9496021115052,39.0787719782363,38.2518507350042,15.4720828916168,41.6093864293328,13.1141418369244,4.97850299285104,6.2947717493645,LSOAs never ranked in top 50 most deprived,419,369,299,278,420,RLN1,Larger rural: Nearer to a major town or city,Rural,-141,639
W01000839,Pennard 1,Swansea,1711,1753,1770,1670,1841,315,1409,1872,1825,6.14250473457172,2.04207866073256,1.82310558552363,3.14218275704172,0.930459051912142,40.139108347939,6.99029948801807,0.551320410921967,1.12861644040485,LSOAs never ranked in top 50 most deprived,1781,1647,1688,1664,1584,RSN1,Smaller rural: Nearer to a major town or city,Rural,-1396,-302
W01000840,Pennard 2,Swansea,1901,1758,1703,1879,1848,1195,1811,1845,1903,2.40420116725342,1.97745812285042,2.69847051724183,0.466566573261191,0.8442991640904172,10.7099620320905,1.30341577467567,0.881185315492533,0.17833038223269,LSOAs never ranked in top 50 most deprived,1898,1804,1827,1836,1790,RSN1,Smaller rural: Nearer to a major town or city,Rural,-706,-90
W01000841,Gorseinon and Penyrheol 2,Swansea,915,836,744,816,631,1300,807,1085,962,18.8399517425657,18.732643998412,21.334537029092495,19.2737683084634,24.9944646703117,8.8097313262712,19.5214906192099,12.8848946033218,15.5884067692259,LSOAs never ranked in top 50 most deprived,842,733,774,889,806,UN1,Urban: Nearer to a major town or city,Urban,385,-108
W01000842,Gorseinon and Penyrheol 3,Swansea,1139,1043,1104,1058,916,319,1256,1175,1454,15.6010633972528,13.7727736452391,12.4942256906992,13.4517250569291,16.68712752224,39.8694063508585,9.58699872152888,11.0904123205042,6.27920618917483,LSOAs never ranked in top 50 most deprived,1388,1028,1038,1107,1020,RSN1,Smaller rural: Nearer to a major town or city,Rural,-820,117
W01000843,Gorseinon and Penyrheol 4,Swansea,1543,1293,1222,1096,1109,1659,1432,1671,1629,8.90691124119381,8.93164394102851,10.2061374513068,12.6579098072461,12.3925115242157,3.29200967076007,6.62410577943288,3.12861040151644,3.70565984256498,LSOAs never ranked in top 50 most deprived,1405,1361,1542,1590,1522,UN1,Urban: Nearer to a major town or city,Urban,116,-111
W01000844,Gorseinon and Penyrheol 5,Swansea,326,346,345,97,406,684,1270,846,1295,34.9818105428168,38.1272300973115,38.1894560124386,63.8191299745504,34.6717898978839,23.2051793247566,9.33682555344581,18.4667823186372,8.89674577633235,LSOAs never ranked in top 50 most deprived,305,264,402,448,340,UN1,Urban: Nearer to a major town or city,Urban,358,944
W01000845,Pontarddulais 1,Swansea,1695,1634,1460,1393,1591,932,1616,1545,1208,6.46642853224755,3.63619945440964,6.18603339967003,7.2485258617620705,4.24052801339914,16.2989822568077,3.8872447529099694,4.90509654232021,10.466001812891,LSOAs never ranked in top 50 most deprived,1653,1636,1499,1394,1125,RLN1,Larger rural: Nearer to a major town or city,Rural,-763,-79
W01000846,Pontarddulais 2,Swansea,1055,671,809,862,1117,1795,1466,692,525,16.8105035505687,23.6313474304328,19.466210180306305,18.0476941511772,12.2306987220655,1.5048268045783,6.09323652994722,22.946793604401705,29.053989753466695,LSOAs never ranked in top 50 most deprived,820,740,749,678,785,RLN1,Larger rural: Nearer to a major town or city,Rural,740,411
W01000847,Pontarddulais 3,Swansea,1196,970,972,1043,1165,649,1177,1162,1196,14.6387770450429,15.4025699129392,15.3563443697558,13.7727736452391,11.283023719303,24.3710462634956,11.0520828478352,11.3411230862198,10.6911037158229,LSOAs never ranked in top 50 most deprived,964,872,828,1039,935,RLN1,Larger rural: Nearer to a major town or city,Rural,-547,-19
W01000848,Pontarddulais 4,Swansea,253,205,249,246,298,670,674,755,1732,38.0793940678534,49.1575583440995,45.1172732377935,45.3713061162476,41.3219914904767,23.6644590109271,23.532297743117095,21.0074980590031,2.31548515130958,LSOAs never ranked in top 50 most deprived,374,455,367,472,342,RLN1,Larger rural: Nearer to a major town or city,Rural,417,421
W01000849,St Thomas and Waterfront 1,Swansea,426,339,502,400,590,882,561,348,862,30.4881848763544,38.5663888674288,30.0381041409386,34.9948885570188,26.4809077373209,17.534349389692,27.5934936819906,38.0032810529464,18.0476941511772,LSOAs never ranked in top 50 most deprived,269,176,180,193,144,UN1,Urban: Nearer to a major town or city,Urban,456,135
W01000851,St Thomas 3,Swansea,830,731,789,937,865,815,285,1161,1508,20.302723481875095,21.7271301988704,20.025086155969,16.1790180131088,17.969958209404,19.3011616189369,42.2694637565479,11.3605222015702,5.45393491170779,LSOAs never ranked in top 50 most deprived,811,822,534,528,626,UN1,Urban: Nearer to a major town or city,Urban,-15,-545
W01000852,St Thomas 4,Swansea,846,792,979,1001,571,1857,123,1100,1193,20.0196708203191,19.9403841096694,15.1952826928953,14.696308928363,27.2037338745168,0.733994323259279,59.3464322325837,12.5759221379212,10.7477251154287,LSOAs never ranked in top 50 most deprived,749,718,796,760,822,UN1,Urban: Nearer to a major town or city,Urban,1011,-723
W01000853,Sketty 1,Swansea,1772,1543,1558,1584,1687,1809,1375,1672,889,4.92275761763223,4.93443101457545,4.71532903567362,4.34042757947471,2.91253492881509,1.32849590892464,7.54253865954455,3.11504605034776,17.3573517513344,LSOAs never ranked in top 50 most deprived,1751,1831,1849,1858,1819,UN1,Urban: Nearer to a major town or city,Urban,37,-397
W01000854,Sketty 2,Swansea,1757,1699,1551,1703,1646,787,1852,1265,1662,5.17306560189816,2.75180012916962,4.81731694091967,2.69847051724183,3.47034542585786,20.081727980287095,0.795209469357828,9.42586106049934,3.25105089589296,LSOAs never ranked in top 50 most deprived,1838,1657,1562,1456,1381,UN1,Urban: Nearer to a major town or city,Urban,-970,95
W01000855,Sketty 3,Swansea,1826,1639,1631,1722,1880,1165,1724,1828,1130,3.95017289005294,3.56694820635062,3.67785050965783,2.44682993327569,0.45448433694896107,11.283023719303,2.420500903293,1.09133165346827,11.9701569931987,LSOAs never ranked in top 50 most deprived,1788,1772,1698,1784,1803,UN1,Urban: Nearer to a major town or city,Urban,-661,-102
W01000856,Sketty 4,Swansea,334,189,160,350,1162,886,718,399,1860,34.810066253012,50.8225311289116,54.186668030915,37.8799964021223,11.3411230862198,17.4330411565341,22.1265411904144,35.0491823781009,0.697343287672057,LSOAs never ranked in top 50 most deprived,382,295,244,175,187,UN1,Urban: Nearer to a major town or city,Urban,552,384
W01000857,Sketty 5,Swansea,1021,672,610,600,1588,1299,1506,1577,944,17.2553678681197,23.5982834499749,25.7438082601766,26.1094053227161,4.28328899237325,8.82710790050632,5.48397826044981,4.4407629488411,16.0121123763408,LSOAs never ranked in top 50 most deprived,905,1059,1135,1225,1419,UN1,Urban: Nearer to a major town or city,Urban,278,485
W01000858,Sketty 6,Swansea,1854,1740,1742,1836,1868,1827,1030,1667,958,3.47473951934494,2.2109467124459,2.18488617544616,0.99220003951702,0.599891767833017,1.10375320126433,14.0546874508093,3.18294794436459,15.6818913235186,LSOAs never ranked in top 50 most deprived,1784,1798,1760,1794,1828,UN1,Urban: Nearer to a major town or city,Urban,-27,-824
W01000859,Sketty 7,Swansea,1743,1759,1101,1774,1700,1224,1728,1363,1677,5.36190213861984,1.96455577359849,12.5554708049479,1.77188407507363,2.73845612912346,10.1692524942803,2.36793309089594,7.740656179642969,3.04734403018861,LSOAs never ranked in top 50 most deprived,1729,1674,1681,1652,1740,UN1,Urban: Nearer to a major town or city,Urban,-519,-15
W01000860,Sketty 8,Swansea,1786,1904,1881,1869,1898,636,1665,1648,504,4.68713859548236,0.166398576769003,0.442408444279875,0.587739309011696,0.238082435226713,24.8195911055164,3.21016493143694,3.44281899211342,29.9508375693413,LSOAs never ranked in top 50 most deprived,1881,1854,1784,1771,1835,UN1,Urban: Nearer to a major town or city,Urban,-1150,-121
W01000861,Sketty 9,Swansea,1859,1873,1911,1254,1803,1471,1380,1870,1414,3.42257524500802,0.539193581804108,0.0830488078086016,9.62296092067892,1.40390082075009,6.01619078536322,7.460490723607631,0.575593267767309,6.91019470786337,LSOAs never ranked in top 50 most deprived,1754,1656,1723,1713,1572,UN1,Urban: Nearer to a major town or city,Urban,-388,-479
W01000862,Townhill 1,Swansea,26,7,18,45,114,675,278,234,1458,67.3919198657857,95.073915980509,88.1126813503824,76.7205326292893,60.7983118423662,23.4993757451571,42.7962827981056,46.4164609494925,6.21704907705438,LSOAs in Deep-rooted deprivation,18,29,6,6,9,UN1,Urban: Nearer to a major town or city,Urban,649,252
W01000863,Townhill 2,Swansea,19,25,36,5,77,447,189,209,1262,69.3424561632376,84.5766677674738,79.929011439795,96.6016437838926,67.9699857156566,32.5776774489768,50.8225311289116,48.7594887676383,9.47944827553843,LSOAs in Deep-rooted deprivation,16,41,32,39,21,UN1,Urban: Nearer to a major town or city,Urban,428,170
W01000864,Townhill 3,Swansea,20,16,16,22,63,1442,148,338,992,68.7162287399284,89.2315478251648,89.2315478251648,86.02608341267012,71.3974372375447,6.46669179736645,55.7367617071121,38.6298159865071,14.8991279100064,LSOAs in Deep-rooted deprivation,32,49,14,17,14,UN1,Urban: Nearer to a major town or city,Urban,1422,128
W01000865,Townhill 4,Swansea,357,208,364,493,337,1592,237,731,1685,33.9476855922515,48.8583621326129,37.0350256647686,30.4349537266765,38.6934185024077,4.22629200219173,46.1506861118912,21.7271301988704,2.93943361103069,LSOAs never ranked in top 50 most deprived,362,516,433,428,297,UN1,Urban: Nearer to a major town or city,Urban,1235,-120
W01000866,Townhill 5,Swansea,51,34,21,57,116,1465,414,123,1574,61.3675880564722,80.7071490620134,86.5302557809162,73.0386244617208,60.467659071455,6.10867669802835,34.2479330799044,59.3464322325837,4.48389817521544,LSOAs sometimes in the top 50 most deprived,41,64,87,58,63,UN1,Urban: Nearer to a major town or city,Urban,1414,363
W01000867,Townhill 6,Swansea,43,35,59,24,29,1100,317,560,1625,62.938707751337,80.3147896569701,72.4784487166508,85.0497296540466,82.7761020653964,12.5759221379212,40.0038620301026,27.632835409167,3.76137958502368,LSOAs sometimes in the top 50 most deprived,58,50,77,77,61,UN1,Urban: Nearer to a major town or city,Urban,1057,274
W01000868,Uplands 1,Swansea,1715,1410,1459,1685,1576,1314,1178,1595,1609,6.09748745088332,6.9742561972193,6.20153601025258,2.93943361103069,4.45513237087,8.56782774795796,11.0329420384266,4.18363676121106,3.98561831106824,LSOAs never ranked in top 50 most deprived,1783,1877,1838,1792,1840,UN1,Urban: Nearer to a major town or city,Urban,-401,-537
W01000869,Uplands 2,Swansea,1189,986,795,1090,1628,1362,653,573,1041,14.7209091235977,15.0353410410427,19.8559928512103,12.7814419168105,3.7195771283049,7.75724326334024,24.2347740259203,27.126568279074,13.8159207244284,LSOAs never ranked in top 50 most deprived,868,875,922,854,881,UN1,Urban: Nearer to a major town or city,Urban,173,-536
W01000870,Uplands 3,Swansea,1680,1574,1636,1602,1706,1806,599,707,1345,6.70834855839981,4.48389817521544,3.60847392894393,4.08441443187066,2.65855429991564,1.36616746321682,26.1462866970798,22.4700077107557,8.04106945396384,LSOAs never ranked in top 50 most deprived,1541,1746,1727,1617,1520,UN1,Urban: Nearer to a major town or city,Urban,126,-1081
W01000871,Uplands 4,Swansea,826,1014,1154,908,1071,1521,55,503,357,20.3696340794789,14.4064700101462,11.4967760858774,16.8836844750737,13.1770624210437,5.25960391629917,73.6127848600583,29.994429466825,37.4536309497537,LSOAs never ranked in top 50 most deprived,774,908,626,687,654,UN1,Urban: Nearer to a major town or city,Urban,695,-771
W01000872,Uplands 5,Swansea,1837,1722,1775,1678,1788,1569,1229,1734,1083,3.69162575207356,2.44682993327569,1.75909650129803,3.03382750759324,1.59350180146802,4.555970480365,10.0772980653991,2.2893059632188506,12.9264063213085,LSOAs never ranked in top 50 most deprived,1790,1862,1878,1842,1867,UN1,Urban: Nearer to a major town or city,Urban,-268,-608
W01000873,Uplands 6,Swansea,1280,1598,1738,669,1584,1515,114,815,954,13.2813464115898,4.14106048118708,2.23703681127428,23.6976183287089,4.34042757947471,5.34909116215445,60.7983118423662,19.3011616189369,15.7757574013147,LSOAs never ranked in top 50 most deprived,1298,1245,1396,867,1000,UN1,Urban: Nearer to a major town or city,Urban,235,-1166
W01000874,Uplands 7,Swansea,1682,1705,1850,1196,1708,1897,617,809,1067,6.67949305272248,2.6718520100532,0.819741219997647,10.6911037158229,2.63198192210366,0.250051496127652,25.491304687821,19.466210180306305,13.2612251902263,LSOAs never ranked in top 50 most deprived,1593,1699,1781,1699,1710,UN1,Urban: Nearer to a major town or city,Urban,215,-1065
W01000875,Uplands 8,Swansea,1190,1362,1463,943,1574,1489,155,1055,185,14.7142185568678,7.75724326334024,6.13958816451955,16.0358820119611,4.48389817521544,5.74094371357136,54.8198942097118,13.5155772632306,51.2583129262402,LSOAs never ranked in top 50 most deprived,1072,1168,1112,991,823,UN1,Urban: Nearer to a major town or city,Urban,299,-1035
W01000876,Uplands 9,Swansea,1714,1798,1901,1413,1570,1633,357,1699,1627,6.09801032288063,1.46692764264507,0.202212578968056,6.92619336021997,4.54153794047331,3.65007476045286,37.4536309497537,2.75180012916962,3.73350284048487,LSOAs never ranked in top 50 most deprived,1346,1514,1628,1659,1583,UN1,Urban: Nearer to a major town or city,Urban,-81,-1357
W01000877,Llwchwr 5,Swansea,1568,1521,1301,1210,1521,1090,1407,1615,682,8.48497287302902,5.25960391629917,8.79236787018381,10.4286980895289,5.25960391629917,12.7814419168105,7.02241968093653,3.90127238409541,23.2702318705022,LSOAs never ranked in top 50 most deprived,1530,1442,1333,1460,1499,UN1,Urban: Nearer to a major town or city,Urban,-478,-161
W01000878,Llwchwr 6,Swansea,1322,1067,1235,1178,1042,833,1195,1362,868,12.6247887055414,13.2612251902263,9.96743584161688,11.0329420384266,13.7943370670611,18.8130054832843,10.7099620320905,7.75724326334024,17.8924841166429,LSOAs never ranked in top 50 most deprived,1330,1199,1168,1165,1340,UN1,Urban: Nearer to a major town or city,Urban,-489,-127
W01000879,West Cross 1,Swansea,1911,1857,1750,1829,1873,1460,1861,1876,1792,1.5975389046676,0.733994323259279,2.08093831082661,1.07891681052304,0.539193581804108,6.18603339967003,0.685139243058358,0.502851410792549,1.54278851944654,LSOAs never ranked in top 50 most deprived,1893,1898,1821,1884,1830,UN1,Urban: Nearer to a major town or city,Urban,-451,-50
W01000880,West Cross 2,Swansea,1830,1775,1510,1776,1826,1704,1632,1893,571,3.86335839188398,1.75909650129803,5.4239307553771,1.74631603322602,1.11618146115725,2.68515741286009,3.6639584421629694,0.297990123411071,27.2037338745168,LSOAs never ranked in top 50 most deprived,1750,1824,1844,1839,1758,UN1,Urban: Nearer to a major town or city,Urban,-126,-198
W01000881,West Cross 3,Swansea,407,324,173,272,1252,1067,1461,296,1744,31.1251478339319,39.5366662763192,52.6175033557826,43.2576498041656,9.65897943745234,13.2612251902263,6.17054123122068,41.4652400723311,2.1588551333598094,LSOAs never ranked in top 50 most deprived,461,471,472,371,449,UN1,Urban: Nearer to a major town or city,Urban,660,1054
W01000882,West Cross 4,Swansea,525,344,263,574,1058,915,877,697,1876,27.5805539875786,38.2518507350042,43.9675312221797,27.0880823494183,13.4517250569291,16.7116054751692,17.661615439175,22.7867642695324,0.502851410792549,LSOAs never ranked in top 50 most deprived,591,730,777,660,703,UN1,Urban: Nearer to a major town or city,Urban,390,352
W01000883,Aberavon 1,Neath Port Talbot,1302,1748,1210,1188,543,784,1829,1337,253,12.9010494907712,2.1068812673999706,10.4286980895289,10.842404977394,28.312151008497,20.1669531245814,1.07891681052304,8.17585641203039,44.7828692046402,LSOAs never ranked in top 50 most deprived,1407,1519,1473,1479,1294,UN1,Urban: Nearer to a major town or city,Urban,-518,527
W01000884,Aberavon 2,Neath Port Talbot,238,399,206,461,214,1149,334,409,50,39.2063609859672,35.0491823781009,49.0573931946691,31.9041598421671,48.2713988064592,11.5945968624002,38.8852881992107,34.5119268362533,75.1142089728036,LSOAs never ranked in top 50 most deprived,122,166,164,169,154,UN1,Urban: Nearer to a major town or city,Urban,911,96
W01000885,Aberavon 3,Neath Port Talbot,166,211,174,143,121,948,1181,730,59,45.2902147200591,48.5630080967241,52.5011188007851,56.4147923140819,59.6612444249203,15.9172787251356,10.975614999948199,21.7576090736049,72.4784487166508,LSOAs sometimes in the top 50 most deprived,129,145,101,71,36,UN1,Urban: Nearer to a major town or city,Urban,782,1015
W01000886,Aberavon 4,Neath Port Talbot,67,128,78,75,43,1605,470,80,54,57.8333419437709,58.5777527551779,67.7436530415939,68.4294443992908,77.3958487053242,4.04202126210555,31.481372079309,67.2975617789624,73.9053309675503,LSOAs sometimes in the top 50 most deprived,44,79,46,66,81,UN1,Urban: Nearer to a major town or city,Urban,1538,403
W01000887,Aberdulais,Neath Port Talbot,722,721,608,690,780,240,1425,1151,1312,22.504559020704,22.0337518796172,25.816464241705,23.0111184118452,20.2810801255674,45.8879473662721,6.73494012330532,11.5554186129504,8.60223002237486,LSOAs never ranked in top 50 most deprived,735,858,858,788,630,UN1,Urban: Nearer to a major town or city,Urban,-482,703
W01000888,Allt-wen,Neath Port Talbot,1343,1263,1113,956,1151,587,1563,1437,1436,12.2534291817344,9.46157199452266,12.3114628224399,15.7287764774469,11.5554186129504,26.5935387465426,4.64275642376627,6.54526411930516,6.56101084525749,LSOAs never ranked in top 50 most deprived,1227,1148,1044,1139,997,UN1,Urban: Nearer to a major town or city,Urban,-756,220
W01000889,Baglan 1,Neath Port Talbot,968,1367,895,1224,1136,459,1459,683,10,17.8820320813546,7.674427208996981,17.2067161132839,10.1692524942803,11.8508952290006,31.999177516669,6.20153601025258,23.2376825985408,92.9572308799948,LSOAs never ranked in top 50 most deprived,1133,1123,1127,1209,1154,UN1,Urban: Nearer to a major town or city,Urban,-509,491
W01000890,Baglan 2,Neath Port Talbot,1697,1863,1464,1612,1617,687,1813,1894,509,6.43080550057447,0.660750563455305,6.12412723823759,3.94340668328068,3.8732256719203506,23.1079441969628,1.27836295903722,0.285996096032325,29.7341088318915,LSOAs never ranked in top 50 most deprived,1802,1773,1757,1790,1725,UN1,Urban: Nearer to a major town or city,Urban,-1010,116
W01000891,Baglan 3,Neath Port Talbot,596,544,567,646,324,672,1285,1054,1087,25.3930341993373,28.2716310135479,27.3588461132057,24.4737829256576,39.5366662763192,23.5982834499749,9.07176853635428,13.536900785158,12.8434576731016,LSOAs never ranked in top 50 most deprived,783,704,522,564,668,UN1,Urban: Nearer to a major town or city,Urban,76,689
W01000892,Baglan 4,Neath Port Talbot,1471,1314,1176,1290,1087,1193,1719,1743,550,10.0535077065256,8.56782774795796,11.071239599668,8.98409067323127,12.8434576731016,10.7477251154287,2.48638007697319,2.17186697171214,28.0299987953257,LSOAs never ranked in top 50 most deprived,1456,1452,1286,1228,1246,UN1,Urban: Nearer to a major town or city,Urban,-278,248
W01000893,Blaengwrach,Neath Port Talbot,616,658,538,895,265,1445,977,842,259,24.8685218481853,24.0655613410692,28.5158287354967,17.2067161132839,43.8078755168361,6.4196769228278,15.2411853419661,18.5727584986254,44.2902063742018,LSOAs never ranked in top 50 most deprived,559,618,654,773,544,RLN1,Larger rural: Nearer to a major town or city,Rural,829,361
W01000894,Briton Ferry East 1,Neath Port Talbot,701,936,563,920,574,668,802,916,172,22.961994277001,16.2029608569497,27.5150115371531,16.5894753905145,27.0880823494183,23.7308255216234,19.6602758162341,16.68712752224,52.7344798362068,LSOAs never ranked in top 50 most deprived,708,864,1010,939,866,UN1,Urban: Nearer to a major town or city,Urban,-33,101
W01000895,Briton Ferry East 2,Neath Port Talbot,243,343,212,305,215,1430,772,474,46,38.8867526849176,38.3144151833871,48.4653936212711,40.8275328135948,48.1750115662891,6.65571827258085,20.5110472173339,31.295932496239505,76.3901675473683,LSOAs never ranked in top 50 most deprived,233,323,346,414,455,UN1,Urban: Nearer to a major town or city,Urban,1187,529
W01000896,Briton Ferry West 1,Neath Port Talbot,47,61,40,69,13,399,791,484,993,62.3248137984035,71.9315925517014,78.4475222318807,69.8655990996753,91.0190330224667,35.0491823781009,19.9685834801836,30.838771086219,14.8765039443765,LSOAs sometimes in the top 50 most deprived,25,123,105,99,53,UN1,Urban: Nearer to a major town or city,Urban,352,744
W01000897,Briton Ferry West 2,Neath Port Talbot,237,467,268,389,124,396,555,1313,68,39.2583694510096,31.6214395812399,43.5704509047974,35.5992884101464,59.1906273993731,35.2128370995348,27.830559837053105,8.5850224530122,70.1139249360847,LSOAs never ranked in top 50 most deprived,263,518,645,600,515,UN1,Urban: Nearer to a major town or city,Urban,159,318
W01000898,Bryn and Cwmavon 1,Neath Port Talbot,910,1056,891,794,658,248,1262,1225,1477,18.9589977897815,13.4942734922363,17.307030173526,19.8840888794969,24.0655613410692,45.2016394953934,9.47944827553843,10.1508321741438,5.92407528130231,LSOAs never ranked in top 50 most deprived,909,901,819,887,612,RSN1,Smaller rural: Nearer to a major town or city,Rural,-662,352
W01000899,Bryn and Cwmavon 2,Neath Port Talbot,1551,1471,1378,1376,1168,961,1738,1466,648,8.81007409302065,6.01619078536322,7.49327478358407,7.526105640471979,11.225070745121,15.6117423095376,2.23703681127428,6.09323652994722,24.405240853407495,LSOAs never ranked in top 50 most deprived,1568,1597,1498,1418,1377,RLN1,Larger rural: Nearer to a major town or city,Rural,-590,187
W01000900,Bryn and Cwmavon 3,Neath Port Talbot,245,271,128,191,327,1029,1062,839,898,38.7478937798142,43.3354521612765,58.5777527551779,50.6076979122489,39.3393085814048,14.0765169308124,13.3668635958731,18.6525623174232,17.1317666496571,LSOAs never ranked in top 50 most deprived,244,310,222,157,173,RLN1,Larger rural: Nearer to a major town or city,Rural,784,817
W01000901,Bryn and Cwmavon 4,Neath Port Talbot,672,536,514,679,432,969,1386,965,1646,23.5203194282972,28.5978075542744,29.5194032772626,23.3681569819925,33.3218844443697,15.4257175704195,7.362417995801901,15.5185418687327,3.47034542585786,LSOAs never ranked in top 50 most deprived,628,663,542,561,546,RLN1,Larger rural: Nearer to a major town or city,Rural,297,714
W01000904,Bryn-coch South 1,Neath Port Talbot,1771,1782,1618,1840,1715,508,1914,1805,1551,4.92790460568759,1.66978200350748,3.85921513070978,0.9427939975962821,2.5392196170027,29.7772915086413,0.0474197360314985,1.37873837202441,4.81731694091967,LSOAs never ranked in top 50 most deprived,1853,1876,1834,1830,1793,UN1,Urban: Nearer to a major town or city,Urban,-1263,143
W01000905,Bryn-coch South 2,Neath Port Talbot,1187,1070,955,1036,701,648,1816,1307,1270,14.7684477561256,13.1980742585129,15.7522549436915,13.9241438787154,22.6595376835578,24.405240853407495,1.24083482798257,8.68846150955214,9.33682555344581,LSOAs never ranked in top 50 most deprived,1336,1381,1177,1289,1293,UN1,Urban: Nearer to a major town or city,Urban,-539,629
W01000907,Bryn-coch South 4,Neath Port Talbot,434,380,282,422,491,476,1545,1250,1392,30.2000091058276,36.1058906041225,42.4937674101781,33.8317461988466,30.5240802001074,31.2037703789577,4.90509654232021,9.6950544485152,7.264761678252661,LSOAs never ranked in top 50 most deprived,446,504,505,458,415,UN1,Urban: Nearer to a major town or city,Urban,42,1111
W01000908,Cadoxton,Neath Port Talbot,1484,1472,1276,1484,1313,430,1723,1563,945,9.83361119462665,6.0008125587809,9.23043591779899,5.81707140801809,8.5850224530122,33.4229565973129,2.4336616507964,4.64275642376627,15.988367280387,LSOAs never ranked in top 50 most deprived,1567,1684,1722,1683,1566,UN1,Urban: Nearer to a major town or city,Urban,-1054,239
W01000909,Cimla 1,Neath Port Talbot,665,774,636,775,218,432,1544,1430,1558,23.5752080285963,20.4533395220968,24.8195911055164,20.4245398801956,47.8882500113902,33.3218844443697,4.9197591017565,6.65571827258085,4.71532903567362,LSOAs never ranked in top 50 most deprived,809,781,775,690,511,UN1,Urban: Nearer to a major town or city,Urban,-233,879
W01000910,Cimla 2,Neath Port Talbot,1499,1671,1296,1330,1028,479,1866,1493,1267,9.59841839453203,3.12861040151644,8.87931653068936,8.29444645993786,14.0983671490301,31.066215959085305,0.624215965358298,5.68022246120887,9.3902054870884,LSOAs never ranked in top 50 most deprived,1549,1547,1554,1529,1562,UN1,Urban: Nearer to a major town or city,Urban,-1020,367
W01000911,Cimla 3,Neath Port Talbot,1607,1677,1471,1358,1350,404,1800,1881,1740,7.901541348406859,3.04734403018861,6.01619078536322,7.823711479889251,7.957226967484101,34.7789859280729,1.44169618464421,0.442408444279875,2.2109467124459,LSOAs never ranked in top 50 most deprived,1630,1622,1640,1765,1683,UN1,Urban: Nearer to a major town or city,Urban,-1203,193
W01000912,Coedffranc Central 1,Neath Port Talbot,849,872,550,728,746,1511,936,1185,434,19.9761682622428,17.7895896107903,28.0299987953257,21.8186882602783,21.2747284720274,5.40894334243726,16.2029608569497,10.8994005416678,33.221254504512,LSOAs never ranked in top 50 most deprived,621,659,909,776,745,UN1,Urban: Nearer to a major town or city,Urban,662,87
W01000913,Coedffranc Central 2,Neath Port Talbot,749,827,617,724,522,1645,531,627,650,22.063453827131905,18.9745757338571,25.491304687821,21.9413354067508,29.1799895858898,3.48412100647357,28.8040421482216,25.1353271859448,24.3369024359488,LSOAs never ranked in top 50 most deprived,692,830,935,963,949,UN1,Urban: Nearer to a major town or city,Urban,896,-218
W01000914,Coedffranc Central 3,Neath Port Talbot,198,263,238,240,105,368,1123,551,386,42.4550029254954,43.9675312221797,46.0627726217234,45.8879473662721,62.3480539106283,36.7991994167954,12.1100818478712,27.9899724127521,35.7669190243379,LSOAs never ranked in top 50 most deprived,212,216,234,219,213,UN1,Urban: Nearer to a major town or city,Urban,170,925
W01000915,Coedffranc North 1,Neath Port Talbot,736,852,767,444,699,737,1465,1267,134,22.3072322772159,18.3087280282571,20.6559531098305,32.7246048931715,22.7230630059823,21.5451002935689,6.10867669802835,9.3902054870884,57.6880145537227,LSOAs never ranked in top 50 most deprived,930,1097,1159,1181,1045,UN1,Urban: Nearer to a major town or city,Urban,1,729
W01000916,Coedffranc North 2,Neath Port Talbot,1171,1298,1231,986,1307,439,728,1242,352,15.0663045034189,8.84449761272578,10.0406189854602,15.0353410410427,8.68846150955214,32.9715891768613,21.8186882602783,9.83992299823346,37.75736906021261,LSOAs never ranked in top 50 most deprived,1099,1110,962,1034,900,UN1,Urban: Nearer to a major town or city,Urban,-732,-443
W01000918,Crynant,Neath Port Talbot,1027,944,733,826,972,487,1325,1369,1706,17.195546006417,16.0121123763408,21.6662933513714,19.0016148014497,15.3563443697558,30.7033759993631,8.37952957033932,7.641384102037111,2.65855429991564,LSOAs never ranked in top 50 most deprived,1206,1027,991,795,844,RLN1,Larger rural: Nearer to a major town or city,Rural,-540,298
W01000919,Cwmllynfell,Neath Port Talbot,750,1054,695,721,794,460,188,1693,1242,22.0496048009189,13.536900785158,22.850642451496,22.0337518796172,19.8840888794969,31.9516196122874,50.930704953028,2.83202711799647,9.83992299823346,LSOAs never ranked in top 50 most deprived,807,993,716,751,610,RLF1,Larger rural: Further from a major town or city,Rural,-290,-562
W01000921,Cymer (Neath Port Talbot) 2,Neath Port Talbot,15,40,5,49,1,382,804,128,1801,70.2567733473163,78.4475222318807,96.6016437838926,75.4266240198199,99.9999999999999,35.9923440910935,19.604661203232,58.5777527551779,1.42909082783773,LSOAs in Deep-rooted deprivation,38,22,25,29,20,RSF1,Smaller rural: Further from a major town or city,Rural,367,789
W01000922,Dyffryn 1,Neath Port Talbot,527,564,459,489,644,327,1361,1114,399,27.4731122845325,27.4758706625832,31.999177516669,30.613553388310095,24.5425298701483,39.3393085814048,7.77384231790356,12.2912451941267,35.0491823781009,LSOAs never ranked in top 50 most deprived,422,625,551,550,601,UN1,Urban: Nearer to a major town or city,Urban,-200,834
W01000925,Glynneath 1,Neath Port Talbot,226,295,216,302,212,398,1212,868,108,40.1260708780271,41.5372003261676,48.0790265757632,41.0381434017266,48.4653936212711,35.1036046685515,10.3914547711558,17.8924841166429,61.8197854357871,LSOAs never ranked in top 50 most deprived,331,387,268,307,265,RLN1,Larger rural: Nearer to a major town or city,Rural,172,986
W01000926,Glynneath 2,Neath Port Talbot,903,1088,1018,1017,611,467,1322,1319,88,19.059448283171495,12.8227671692873,14.3180186660081,14.3400996326493,25.7075661574323,31.6214395812399,8.43073092520504,8.48204651610847,65.5949899718188,LSOAs never ranked in top 50 most deprived,978,1011,1160,1227,1052,RLN1,Larger rural: Nearer to a major town or city,Rural,-436,419
W01000927,Godre'r Graig,Neath Port Talbot,751,816,781,731,1038,87,1516,844,1302,21.9180233063464,19.2737683084634,20.2524952405081,21.7271301988704,13.880793490484299,65.801045497703,5.33415242162353,18.5197093709096,8.77501751245247,LSOAs never ranked in top 50 most deprived,773,745,642,577,529,UN1,Urban: Nearer to a major town or city,Urban,-664,765
W01000928,Gwaun-Cae-Gurwen 1,Neath Port Talbot,553,498,382,515,520,1441,554,953,1272,26.7755825448582,30.2136369301349,35.9923440910935,29.4767016366035,29.2643745927451,6.48238480299949,27.8703095176577,15.7992838993976,9.30130763351901,LSOAs never ranked in top 50 most deprived,662,525,497,538,368,RSN1,Smaller rural: Nearer to a major town or city,Rural,888,1
W01000929,Gwaun-Cae-Gurwen 2,Neath Port Talbot,259,287,172,495,289,239,875,944,1044,37.9216281571907,42.121134111506,52.7344798362068,30.346171291299,41.9737549349954,45.9751938864088,17.7127196923689,16.0121123763408,13.7512304210547,LSOAs never ranked in top 50 most deprived,411,355,475,474,518,RSN1,Smaller rural: Nearer to a major town or city,Rural,-20,616
W01000930,Gwynfi,Neath Port Talbot,103,190,72,123,7,720,811,734,971,53.001074554178,50.7148636882803,69.1363141117731,59.3464322325837,95.073915980509,22.0646400750381,19.4110622892759,21.6359351657852,15.3794455283014,LSOAs never ranked in top 50 most deprived,210,177,193,146,148,RLF1,Larger rural: Further from a major town or city,Rural,617,708
W01000931,Lower Brynamman,Neath Port Talbot,587,678,582,606,547,562,286,1236,1628,25.5655924082498,23.400891555994,26.7824915091031,25.889350467786105,28.1504975899782,27.5542191343324,42.1951793598668,9.94917638218329,3.7195771283049,LSOAs never ranked in top 50 most deprived,617,627,627,599,469,RSF1,Smaller rural: Further from a major town or city,Rural,-25,-301
W01000932,Margam 1,Neath Port Talbot,482,579,556,520,242,413,1191,1553,365,28.7540556790064,26.8966127932738,27.7908787352101,29.2643745927451,45.7144409563591,34.3004899781357,10.7855503029422,4.78813136320966,36.9758420280645,LSOAs never ranked in top 50 most deprived,500,576,583,547,533,UN1,Urban: Nearer to a major town or city,Urban,-69,709
W01000933,Margam 2,Neath Port Talbot,1539,1434,1545,1705,1537,351,1831,1786,519,8.95833646582596,6.59253667664155,4.90509654232021,2.6718520100532,5.02265958281663,37.818601005911,1.05410721025941,1.61890043633505,29.3066834813451,LSOAs never ranked in top 50 most deprived,1487,1433,1429,1500,1064,RSN1,Smaller rural: Nearer to a major town or city,Rural,-1188,292
W01000934,Neath East 1,Neath Port Talbot,106,200,97,93,123,891,575,283,33,52.0287889697044,49.6650337834706,63.8191299745504,64.5915255534606,59.3464322325837,17.307030173526,27.0496607107552,42.4187562091442,81.106318101445,LSOAs never ranked in top 50 most deprived,82,122,167,253,291,UN1,Urban: Nearer to a major town or city,Urban,785,469
W01000935,Neath East 2,Neath Port Talbot,121,278,68,101,241,1617,737,101,22,49.0921637891292,42.7962827981056,70.1139249360847,63.0718327251101,45.8010305504303,3.8732256719203506,21.5451002935689,63.0718327251101,86.02608341267012,LSOAs never ranked in top 50 most deprived,109,148,141,202,153,UN1,Urban: Nearer to a major town or city,Urban,1496,616
W01000936,Neath East 3,Neath Port Talbot,163,178,196,186,119,339,1255,358,453,45.7395838753935,52.0413819603454,50.0792333688997,51.1485909630094,59.9804254727329,38.5663888674288,9.60497279241023,37.393361718261,32.2866087146138,LSOAs never ranked in top 50 most deprived,221,328,201,293,305,UN1,Urban: Nearer to a major town or city,Urban,176,1092
W01000937,Neath East 4,Neath Port Talbot,263,360,301,247,332,637,1070,605,28,37.8000597131175,37.2732949847907,41.1087776906679,45.2863163563805,39.014096366433,24.7847753801216,13.1980742585129,25.9258803794626,83.2132018664165,LSOAs never ranked in top 50 most deprived,278,340,196,165,169,UN1,Urban: Nearer to a major town or city,Urban,374,807
W01000938,Neath North 1,Neath Port Talbot,1459,1319,1064,1194,1534,1679,1267,1642,274,10.3282185240123,8.48204651610847,13.3245499924955,10.7288358234862,5.06690110998117,3.02031892365375,9.3902054870884,3.52549732194833,43.1028302149666,LSOAs never ranked in top 50 most deprived,1416,1456,1465,1419,1319,UN1,Urban: Nearer to a major town or city,Urban,220,-192
W01000939,Neath North 2,Neath Port Talbot,75,110,26,23,403,1845,1097,62,57,56.514018029444,61.4742290246894,84.1131400066213,85.5327261252308,34.8327718802493,0.881185315492533,12.6373854742736,71.6629642669723,73.0386244617208,LSOAs sometimes in the top 50 most deprived,49,112,92,70,72,UN1,Urban: Nearer to a major town or city,Urban,1770,1022
W01000940,Neath North 3,Neath Port Talbot,215,175,168,182,257,752,1118,650,1526,40.8131928603259,52.3853202108301,53.2084274589305,51.590654800111,44.453257578917,21.0962303240394,12.210551932072,24.3369024359488,5.1852962600852,LSOAs never ranked in top 50 most deprived,261,334,271,304,303,UN1,Urban: Nearer to a major town or city,Urban,537,903
W01000941,Neath South 1,Neath Port Talbot,231,191,186,411,150,867,1021,350,1364,39.6449564869591,50.6076979122489,51.1485909630094,34.4059654431317,55.471048864908,17.9182798287869,14.2519026738095,37.8799964021223,7.72408104955796,LSOAs never ranked in top 50 most deprived,328,437,364,268,197,UN1,Urban: Nearer to a major town or city,Urban,636,790
W01000942,Neath South 2,Neath Port Talbot,151,164,155,194,75,336,1354,418,1616,46.3819525185776,53.6923472965782,54.8198942097118,50.2891643604948,68.4294443992908,38.7571973878808,7.89037234129321,34.0388982852619,3.8872447529099694,LSOAs never ranked in top 50 most deprived,199,249,176,168,147,UN1,Urban: Nearer to a major town or city,Urban,185,1203
W01000943,Neath South 3,Neath Port Talbot,1726,1686,1547,1672,1317,849,1566,1596,1755,5.84040055224199,2.92598033764537,4.8757994359463,3.11504605034776,8.51632062665846,18.3876194065474,4.59932251839442,4.16943590887313,2.01620865464999,LSOAs never ranked in top 50 most deprived,1711,1667,1765,1738,1749,UN1,Urban: Nearer to a major town or city,Urban,-877,-160
W01000944,Onllwyn,Neath Port Talbot,333,403,251,593,338,284,453,956,877,34.8263138516203,34.8327718802493,44.9494634762579,26.3688255954843,38.6298159865071,42.3439888513391,32.2866087146138,15.7287764774469,17.661615439175,LSOAs never ranked in top 50 most deprived,508,598,516,427,335,RSF1,Smaller rural: Further from a major town or city,Rural,-49,120
W01000945,Pelenna,Neath Port Talbot,609,692,628,739,557,102,1275,1402,1318,25.0775001771978,22.946793604401705,25.1000305957824,21.4847424007712,27.751265975903,62.888741563461,9.24813338387546,7.10291696165361,8.49917718706529,LSOAs never ranked in top 50 most deprived,593,563,601,631,646,RSN1,Smaller rural: Nearer to a major town or city,Rural,-507,666
W01000946,Pontardawe 1,Neath Port Talbot,879,959,900,785,848,276,990,1186,1024,19.3532094803905,15.6584845384211,17.081935684114,20.1385096401892,18.4139767812634,42.9490457966271,14.9444427131545,10.8803863227155,14.1859761945492,LSOAs never ranked in top 50 most deprived,744,877,725,691,532,UN1,Urban: Nearer to a major town or city,Urban,-603,111
W01000947,Pontardawe 2,Neath Port Talbot,518,405,341,467,713,602,1100,1073,1749,27.687147746879,34.7253254620083,38.4400569687778,31.6214395812399,22.2820267909355,26.0358195232768,12.5759221379212,13.1350962451782,2.0939061313037306,LSOAs never ranked in top 50 most deprived,589,747,447,335,421,UN1,Urban: Nearer to a major town or city,Urban,84,582
W01000948,Pontardawe 3,Neath Port Talbot,955,841,667,502,1268,1728,1163,626,804,18.1570368267926,18.599329017006905,23.7640807281139,30.0381041409386,9.37239840702551,2.36793309089594,11.3217403190675,25.1706780267326,19.604661203232,LSOAs never ranked in top 50 most deprived,761,741,846,634,564,UN1,Urban: Nearer to a major town or city,Urban,773,208
W01000949,Port Talbot 1,Neath Port Talbot,932,1125,959,1067,678,349,1231,1174,270,18.4763764101736,12.0700163793339,15.6584845384211,13.2612251902263,23.400891555994,37.941556123801,10.0406189854602,11.1096010369892,43.4135185948375,LSOAs never ranked in top 50 most deprived,979,1032,1022,997,729,UN1,Urban: Nearer to a major town or city,Urban,-583,299
W01000950,Port Talbot 2,Neath Port Talbot,536,744,690,873,206,1079,454,799,101,27.1716630335171,21.334537029092495,23.0111184118452,17.76393774824,49.0573931946691,13.0096552038537,32.2384533751392,19.743950697092295,63.0718327251101,LSOAs never ranked in top 50 most deprived,609,674,617,606,571,UN1,Urban: Nearer to a major town or city,Urban,543,-82
W01000951,Port Talbot 3,Neath Port Talbot,302,502,284,248,425,1317,517,216,73,35.9180252684177,30.0381041409386,42.3439888513391,45.2016394953934,33.6775974081246,8.51632062665846,29.391535460565,48.0790265757632,68.8982688558412,LSOAs never ranked in top 50 most deprived,281,315,357,332,307,UN1,Urban: Nearer to a major town or city,Urban,1015,215
W01000952,Port Talbot 4,Neath Port Talbot,765,914,850,972,810,1603,394,711,15,21.5729512500894,16.7361095067327,18.3612922020953,15.3563443697558,19.4386197060457,4.07027469147199,35.322590777636,22.3445165435773,89.8120767513217,LSOAs never ranked in top 50 most deprived,607,680,718,589,523,UN1,Urban: Nearer to a major town or city,Urban,838,-371
W01000953,Resolven 1,Neath Port Talbot,452,585,426,466,584,172,933,966,683,29.7564849391866,26.6689336767632,33.6264432092818,31.6683189466595,26.7067240252325,52.7344798362068,16.2749392987333,15.4953006495433,23.2376825985408,LSOAs never ranked in top 50 most deprived,571,634,603,548,569,RLN1,Larger rural: Nearer to a major town or city,Rural,-280,481
W01000954,Resolven 2,Neath Port Talbot,858,1040,890,933,499,489,776,1339,555,19.871287147478,13.8375246553555,17.3321772001439,16.2749392987333,30.1696279817499,30.613553388310095,20.3957762549126,8.14208554780427,27.830559837053105,LSOAs never ranked in top 50 most deprived,1023,975,901,937,1077,RLN1,Larger rural: Nearer to a major town or city,Rural,-369,-82
W01000955,Rhos 1,Neath Port Talbot,1397,1235,1076,1242,1406,417,1598,1599,1614,11.452574983089301,9.96743584161688,13.0722902058456,9.83992299823346,7.03849661437819,34.0909791470183,4.14106048118708,4.12688588424453,3.9153085759125,LSOAs never ranked in top 50 most deprived,1333,1342,1214,1247,1162,UN1,Urban: Nearer to a major town or city,Urban,-980,201
W01000956,Rhos 2,Neath Port Talbot,1703,1779,1400,1347,1567,728,1810,1901,1422,6.295353318086901,1.70801718437217,7.13519492461482,8.0074957744983,4.58486275792752,21.8186882602783,1.31595242325068,0.202212578968056,6.78260454497317,LSOAs never ranked in top 50 most deprived,1646,1687,1623,1528,1519,UN1,Urban: Nearer to a major town or city,Urban,-975,107
W01000957,Sandfields East 1,Neath Port Talbot,118,135,90,121,49,908,1164,469,1858,49.5241133158865,57.543014490177,65.1883356888716,59.6612444249203,75.4266240198199,16.8836844750737,11.3023738725825,31.527966533529,0.721770820884037,LSOAs never ranked in top 50 most deprived,132,278,219,121,112,UN1,Urban: Nearer to a major town or city,Urban,790,1046
W01000958,Sandfields East 2,Neath Port Talbot,53,58,43,31,18,1336,827,602,1038,60.6331755494583,72.7568312135891,77.3958487053242,81.9260602660985,88.1126813503824,8.19276045700378,18.9745757338571,26.0358195232768,13.880793490484299,LSOAs never ranked in top 50 most deprived,76,98,67,52,68,UN1,Urban: Nearer to a major town or city,Urban,1283,774
W01000959,Sandfields East 3,Neath Port Talbot,1003,1141,807,870,447,857,1774,655,1127,17.5138572567176,11.7519806533515,19.5214906192099,17.840979324203,32.5776774489768,18.1778407727645,1.77188407507363,24.1669394897914,12.0300205825679,LSOAs never ranked in top 50 most deprived,1092,977,960,904,849,UN1,Urban: Nearer to a major town or city,Urban,-146,771
W01000960,Sandfields East 4,Neath Port Talbot,443,439,430,497,226,874,1319,907,481,30.0080650170257,32.9715891768613,33.4229565973129,30.2577302481351,47.1405848632799,17.7383144633006,8.48204651610847,16.9083726246712,30.9749679312151,LSOAs never ranked in top 50 most deprived,348,354,303,291,292,UN1,Urban: Nearer to a major town or city,Urban,431,876
W01000961,Sandfields West 1,Neath Port Talbot,309,413,321,277,135,695,1040,675,824,35.6383565437854,34.3004899781357,39.7357321198931,42.8725374686119,57.543014490177,22.850642451496,13.8375246553555,23.4993757451571,19.055788486218,LSOAs never ranked in top 50 most deprived,307,397,416,392,244,UN1,Urban: Nearer to a major town or city,Urban,386,731
W01000962,Sandfields West 2,Neath Port Talbot,39,47,53,17,16,837,764,689,785,63.2633135284161,76.0644806138891,74.2016460757048,88.6653116596723,89.2315478251648,18.7059191117323,20.7433368930437,23.0433484037795,20.1385096401892,LSOAs sometimes in the top 50 most deprived,55,72,58,67,42,UN1,Urban: Nearer to a major town or city,Urban,798,725
W01000963,Sandfields West 3,Neath Port Talbot,165,179,165,161,65,767,986,698,1104,45.3513151345093,51.9278693917135,53.5704094628783,54.0620882804771,70.8754061804421,20.6559531098305,15.0353410410427,22.7548915842265,12.4942256906992,LSOAs never ranked in top 50 most deprived,124,133,124,162,149,UN1,Urban: Nearer to a major town or city,Urban,602,821
W01000964,Sandfields West 4,Neath Port Talbot,207,322,252,145,62,769,1151,491,1064,41.4466226768581,39.6691852192056,44.8660155057172,56.1411768663389,71.6629642669723,20.5978811536676,11.5554186129504,30.5240802001074,13.3245499924955,LSOAs never ranked in top 50 most deprived,115,212,135,183,98,UN1,Urban: Nearer to a major town or city,Urban,562,944
W01000965,Seven Sisters,Neath Port Talbot,358,492,338,483,245,225,697,666,1180,33.9416709146355,30.4794737920697,38.6298159865071,30.8840804820981,45.456611096029,47.2327246165593,22.7867642695324,23.7973840872252,10.9947081408968,LSOAs never ranked in top 50 most deprived,522,519,500,480,394,RLF1,Larger rural: Further from a major town or city,Rural,-133,339
W01000966,Tai-bach 1,Neath Port Talbot,572,603,403,749,653,574,686,1005,586,26.1103572415063,25.9991147215854,34.8327718802493,21.185306237659095,24.2347740259203,27.0880823494183,23.1403102529704,14.6067380762028,26.6312053182129,LSOAs never ranked in top 50 most deprived,523,584,619,592,462,UN1,Urban: Nearer to a major town or city,Urban,2,114
W01000967,Tai-bach 2,Neath Port Talbot,179,299,188,244,57,1723,452,482,72,44.4748312404467,41.2507003840654,50.930704953028,45.5422336426806,73.0386244617208,2.4336616507964,32.3348650889989,30.9294793125097,69.1363141117731,LSOAs never ranked in top 50 most deprived,182,361,283,370,262,UN1,Urban: Nearer to a major town or city,Urban,1544,273
W01000968,Tai-bach 3,Neath Port Talbot,729,783,812,871,456,854,1512,866,53,22.410308077708095,20.1954318278281,19.3835378508761,17.8152701147679,32.1424441147939,18.2562837106548,5.39396568933568,17.944104504669,74.2016460757048,LSOAs never ranked in top 50 most deprived,751,582,622,586,663,UN1,Urban: Nearer to a major town or city,Urban,125,783
W01000969,Tonna 1,Neath Port Talbot,1536,1531,1320,1561,1326,337,1850,1697,1615,8.96607558976749,5.1112279017356,8.46492859478172,4.67175799544653,8.36248775002633,38.6934185024077,0.819741219997647,2.7785113772664,3.90127238409541,LSOAs never ranked in top 50 most deprived,1672,1614,1563,1620,1628,UN1,Urban: Nearer to a major town or city,Urban,-1199,314
W01000970,Tonna 2,Neath Port Talbot,667,729,614,482,567,510,1249,1426,807,23.5381939695014,21.7881283915832,25.5991812440889,30.9294793125097,27.3588461132057,29.6910070790377,9.71311319484083,6.71907390820253,19.5214906192099,LSOAs never ranked in top 50 most deprived,722,590,661,658,477,UN1,Urban: Nearer to a major town or city,Urban,-157,582
W01000971,Trebanos,Neath Port Talbot,721,909,818,825,592,304,369,1352,1097,22.5284272915265,16.8590227972697,19.2190793710624,19.0286856939021,26.4061256543757,40.8975222773377,36.7406187399848,7.92377536341328,12.6373854742736,LSOAs never ranked in top 50 most deprived,872,907,703,659,741,UN1,Urban: Nearer to a major town or city,Urban,-417,-352
W01000973,Ystalyfera 2,Neath Port Talbot,280,289,245,158,273,1358,1112,575,616,37.0575116145802,41.9737549349954,45.456611096029,54.4378703545907,43.1801097429359,7.823711479889251,12.3316982382375,27.0496607107552,25.5272073501539,LSOAs never ranked in top 50 most deprived,372,446,318,296,353,UN1,Urban: Nearer to a major town or city,Urban,1078,832
W01000974,Aberkenfig,Bridgend,1236,1218,1206,742,1207,1246,1568,1148,121,13.991169241871,10.2800852976103,10.5033661375025,21.394501516221695,10.484676387737,9.76737466434169,4.5704120823873,11.614211041696,59.6612444249203,LSOAs never ranked in top 50 most deprived,1174,1013,903,1023,959,UF1,Urban: Further from a major town or city,Urban,10,332
W01000975,Bettws (Bridgend),Bridgend,138,134,116,127,112,665,842,710,1901,47.3365660811327,57.6880145537227,60.467659071455,58.7294471860413,61.1337875661468,23.8307357386068,18.5727584986254,22.375825203411505,0.202212578968056,LSOAs never ranked in top 50 most deprived,143,90,56,81,62,RLF1,Larger rural: Further from a major town or city,Rural,527,704
W01000976,Blackmill 1,Bridgend,283,460,413,311,76,484,354,870,1768,36.9546046906055,31.9516196122874,34.3004899781357,40.41201047995,68.1985677815391,30.838771086219,37.6353920553086,17.840979324203,1.84875918114614,LSOAs never ranked in top 50 most deprived,346,298,210,348,186,UF1,Urban: Further from a major town or city,Urban,201,71
W01000977,Blackmill 2,Bridgend,364,437,421,287,287,271,1169,1016,700,33.4621894009291,33.0711303301886,33.883359570169,42.121134111506,42.121134111506,43.3354521612765,11.2057854914306,14.3622018183192,22.6912784128934,LSOAs never ranked in top 50 most deprived,392,171,203,222,167,RSF1,Smaller rural: Further from a major town or city,Rural,-93,805
W01000978,Blaengarw,Bridgend,490,547,501,257,494,863,529,1127,1340,28.5419155941017,28.1504975899782,30.0818619066493,44.453257578917,30.3905196703142,18.021752966991695,28.8870565762234,12.0300205825679,8.1252186921482,LSOAs never ranked in top 50 most deprived,527,604,735,758,871,RLF1,Larger rural: Further from a major town or city,Rural,373,39
W01000979,Brackla 1,Bridgend,1278,965,930,958,1118,988,1621,1176,1668,13.2998342919018,15.5185418687327,16.3471437042061,15.6818913235186,12.210551932072,14.9898469722039,3.8172346418696894,11.071239599668,3.16935151898829,LSOAs never ranked in top 50 most deprived,1332,1076,1262,1264,1147,UF1,Urban: Further from a major town or city,Urban,-290,343
W01000980,Brackla 2,Bridgend,733,523,485,541,662,1074,1617,1576,1476,22.3581445459107,29.1379128996805,30.7935507731975,28.3934057862217,23.931081852016295,13.1141418369244,3.8732256719203506,4.45513237087,5.9394022683437,LSOAs never ranked in top 50 most deprived,934,656,624,576,733,UF1,Urban: Further from a major town or city,Urban,341,884
W01000981,Brackla 3,Bridgend,41,50,38,3,147,498,504,231,1705,63.1028188896335,75.1142089728036,79.1763405806634,98.2381135499326,55.8707782061083,30.2136369301349,29.9508375693413,46.6853428676421,2.6718520100532,LSOAs sometimes in the top 50 most deprived,60,117,95,203,145,UF1,Urban: Further from a major town or city,Urban,457,463
W01000982,Brackla 4,Bridgend,1367,1257,801,1072,1169,1525,1758,901,1021,11.8484689266195,9.56903868608086,19.6881336332693,13.156069761591,11.2057854914306,5.20013859807531,1.97745812285042,17.0570606286885,14.2519026738095,LSOAs never ranked in top 50 most deprived,1302,1289,1472,1518,1471,UF1,Urban: Further from a major town or city,Urban,158,391
W01000983,Brackla 5,Bridgend,1609,1455,1580,1195,1310,653,1862,1725,1608,7.87756983066059,6.263651156064,4.39770846878359,10.7099620320905,8.63668383112238,24.2347740259203,0.67294167060648,2.4073476821473,3.9997060869018695,LSOAs never ranked in top 50 most deprived,1639,1559,1485,1573,1493,UF1,Urban: Further from a major town or city,Urban,-956,253
W01000984,Brackla 6,Bridgend,1318,921,1140,1006,1111,866,1662,1354,1505,12.672081405474,16.5651270025312,11.7717295661219,14.5843997608832,12.3519514728459,17.944104504669,3.25105089589296,7.89037234129321,5.49901466399771,LSOAs never ranked in top 50 most deprived,1507,1259,1345,1502,1401,UF1,Urban: Further from a major town or city,Urban,-452,344
W01000985,Brackla 7,Bridgend,1781,1703,1689,1635,1688,642,1902,1900,1661,4.77223593790541,2.69847051724183,2.88566766807736,3.6223325139337694,2.89909737535026,24.611482915278305,0.190268380821594,0.214162983114442,3.26469571800256,LSOAs never ranked in top 50 most deprived,1785,1819,1789,1803,1802,UF1,Urban: Further from a major town or city,Urban,-1139,121
W01000986,Bryncethin,Bridgend,1346,1394,1266,814,1208,444,1761,1210,1348,12.2051613031,7.2323014981324,9.4080263644472,19.3285875941208,10.466001812891,32.7246048931715,1.93877276837315,10.4286980895289,7.990727295028449,LSOAs never ranked in top 50 most deprived,1135,1047,1062,1026,893,UF1,Urban: Further from a major town or city,Urban,-902,415
W01000987,Bryncoch,Bridgend,586,566,518,385,629,995,1241,546,728,25.6506936118607,27.3977881755914,29.3490703413121,35.823068497273,25.0647880899908,14.8313226661017,9.85809589403115,28.1908045538328,21.8186882602783,LSOAs never ranked in top 50 most deprived,581,407,350,289,360,UF1,Urban: Further from a major town or city,Urban,409,655
W01000989,"Bryntirion, Laleston and Merthyr Mawr 2",Bridgend,1632,1499,1501,1507,1439,621,1647,1119,1832,7.581327721149789,5.5894401050987,5.55925877290174,5.46895168062913,6.51380297306978,25.348251862976895,3.45657809102635,12.1904227741629,1.04171243850744,LSOAs never ranked in top 50 most deprived,1683,1589,1541,1472,1288,UF1,Urban: Further from a major town or city,Urban,-1011,15
W01000990,"Bryntirion, Laleston and Merthyr Mawr 3",Bridgend,414,331,281,133,1030,1244,1326,610,1691,30.9169989919802,39.0787719782363,42.5690240501672,57.8339345511564,14.0546874508093,9.80362022662144,8.36248775002633,25.7438082601766,2.85883175549365,LSOAs never ranked in top 50 most deprived,408,352,296,434,627,UF1,Urban: Further from a major town or city,Urban,830,912
W01000991,Caerau (Bridgend) 1,Bridgend,4,13,2,12,2,635,886,43,301,77.4456515274706,91.0190330224667,99.1021900078219,91.6471244983198,99.1021900078219,24.8544596123281,17.4330411565341,77.3958487053242,41.1087776906679,LSOAs in Deep-rooted deprivation,5,6,8,13,35,UF1,Urban: Further from a major town or city,Urban,631,882
W01000992,Caerau (Bridgend) 2,Bridgend,68,155,54,68,3,1202,711,238,589,57.8097599229221,54.8198942097118,73.9053309675503,70.1139249360847,98.2381135499326,10.5782773803109,22.3445165435773,46.0627726217234,26.5183901566588,LSOAs often in the top 50 most deprived,46,44,38,40,66,UF1,Urban: Further from a major town or city,Urban,1134,643
W01000993,Caerau (Bridgend) 3,Bridgend,150,307,208,152,32,1831,558,342,71,46.4032505688057,40.6881896017888,48.8583621326129,55.2083707065076,81.5125373269623,1.05410721025941,27.7117213241246,38.3771502834814,69.3768488753494,LSOAs never ranked in top 50 most deprived,194,179,162,226,166,UF1,Urban: Further from a major town or city,Urban,1681,408
W01000994,Caerau (Bridgend) 4,Bridgend,320,466,295,222,221,612,891,761,797,35.2221986274522,31.6683189466595,41.5372003261676,47.5113795103644,47.6050197860128,25.6713810731147,17.307030173526,20.831053939588905,19.799903548978,LSOAs never ranked in top 50 most deprived,232,293,215,280,240,UF1,Urban: Further from a major town or city,Urban,292,571
W01000995,Caerau (Bridgend) 5,Bridgend,748,1081,530,419,585,1476,810,1060,459,22.0675894768519,12.9679930975123,28.8455119090077,33.9869350882549,26.6689336767632,5.9394022683437,19.4386197060457,13.4092551880126,31.999177516669,LSOAs never ranked in top 50 most deprived,632,812,847,881,934,UF1,Urban: Further from a major town or city,Urban,728,62
W01000996,Cefn Cribwr,Bridgend,789,710,665,735,969,346,906,1315,1701,20.9897608567178,22.375825203411505,23.8307357386068,21.6056169977948,15.4257175704195,38.1272300973115,16.9330873029528,8.55064588799191,2.72511986642925,LSOAs never ranked in top 50 most deprived,816,748,646,657,660,RSF1,Smaller rural: Further from a major town or city,Rural,-443,117
W01000997,Cefn-glas,Bridgend,1290,1089,1021,898,775,1217,1370,1621,1726,13.1227140808038,12.8020952616562,14.2519026738095,17.1317666496571,20.4245398801956,10.2986094676654,7.62488033337581,3.8172346418696894,2.39420197875589,LSOAs never ranked in top 50 most deprived,1216,1264,1301,1059,999,UF1,Urban: Further from a major town or city,Urban,-73,80
W01000999,Cornelly 1,Bridgend,605,448,414,484,616,1357,1156,910,1531,25.118086780245495,32.5289094731631,34.2479330799044,30.838771086219,25.5272073501539,7.840358591204061,11.4577639697738,16.8343875345513,5.1112279017356,LSOAs never ranked in top 50 most deprived,518,433,326,340,361,UN1,Urban: Nearer to a major town or city,Urban,752,551
W01001000,Cornelly 2,Bridgend,1194,1005,1022,890,1142,630,1697,988,894,14.6659110128623,14.6067380762028,14.2299061774188,17.3321772001439,11.7322486834062,25.029599503078295,2.7785113772664,14.9898469722039,17.2317536408696,LSOAs never ranked in top 50 most deprived,1335,1009,723,720,537,UN1,Urban: Nearer to a major town or city,Urban,-564,503
W01001001,Cornelly 3,Bridgend,921,707,694,1050,736,1045,1573,695,656,18.7108419521006,22.4700077107557,22.8826481945157,13.6223931168635,21.5753387420382,13.7297073567066,4.49829458002998,22.850642451496,24.1330970993627,LSOAs never ranked in top 50 most deprived,723,687,740,952,800,UN1,Urban: Nearer to a major town or city,Urban,124,652
W01001002,Cornelly 4,Bridgend,285,225,222,230,452,816,962,422,1317,36.8844442014631,47.2327246165593,47.5113795103644,46.775673266236,32.3348650889989,19.2737683084634,15.5884067692259,33.8317461988466,8.51632062665846,LSOAs never ranked in top 50 most deprived,272,189,73,55,100,UN1,Urban: Nearer to a major town or city,Urban,531,677
W01001003,Coychurch Lower,Bridgend,1378,1537,1498,961,1610,323,1767,1913,200,11.7377139865134,5.02265958281663,5.60454563604096,15.6117423095376,3.97153915888444,39.6028303062084,1.86159671694708,0.0592899618307506,49.6650337834706,LSOAs never ranked in top 50 most deprived,1459,1322,1386,1393,1143,UF1,Urban: Further from a major town or city,Urban,-1055,389
W01001004,Felindre 1,Bridgend,693,705,738,347,977,1870,1111,591,70,23.0761900506472,22.5330109932208,21.5149015478539,38.0651720786778,15.2411853419661,0.575593267767309,12.3519514728459,26.4434863026012,69.619925768559,LSOAs never ranked in top 50 most deprived,555,466,450,437,427,RLN1,Larger rural: Nearer to a major town or city,Rural,1177,418
W01001005,Felindre 2,Bridgend,1531,1591,1424,1187,1625,955,1824,1777,136,9.07342493692863,4.24052801339914,6.75081729104151,10.8613878099329,3.76137958502368,15.7522549436915,1.14105814627672,1.73354266296509,57.398922833939,LSOAs never ranked in top 50 most deprived,1504,1214,1289,1239,1116,RLN1,Larger rural: Nearer to a major town or city,Rural,-576,293
W01001006,Hendre (Bridgend) 1,Bridgend,1727,1750,1627,1387,1523,869,1795,1910,902,5.81706688726665,2.08093831082661,3.73350284048487,7.34611312114682,5.22985203912699,17.8667173033409,1.5048268045783,0.0949374406634471,17.0322124471741,LSOAs never ranked in top 50 most deprived,1709,1719,1732,1705,1741,RLN1,Larger rural: Nearer to a major town or city,Rural,-858,68
W01001007,Hendre (Bridgend) 2,Bridgend,795,664,799,642,919,850,1390,787,269,20.8881236596098,23.8641358225167,19.743950697092295,24.611482915278305,16.6138495816422,18.3612922020953,7.29726773457373,20.081727980287095,43.4918509036102,LSOAs never ranked in top 50 most deprived,822,824,588,635,727,RLN1,Larger rural: Nearer to a major town or city,Rural,55,595
W01001008,Litchard,Bridgend,1816,1844,1711,1500,1675,894,1896,1736,1461,4.15001528110563,0.8934938567954461,2.59218082865381,5.57434448838746,3.07440092870822,17.2317536408696,0.262026788898669,2.26315653907452,6.17054123122068,LSOAs never ranked in top 50 most deprived,1728,1714,1707,1774,1797,UF1,Urban: Further from a major town or city,Urban,-922,80
W01001009,Llangeinor,Bridgend,712,813,892,740,546,392,615,1069,573,22.7408740632175,19.3560463120093,17.2819106113586,21.4546227486081,28.1908045538328,35.4328707014038,25.563166143647,13.2191053090711,27.126568279074,LSOAs never ranked in top 50 most deprived,606,496,562,501,488,RSF1,Smaller rural: Further from a major town or city,Rural,-320,-97
W01001010,Llangewydd and Brynhyfryd 1,Bridgend,512,402,435,274,669,1076,1139,1138,843,27.9787208494764,34.8866839068173,33.1711041585498,43.1028302149666,23.6976183287089,13.0722902058456,11.7914954508383,11.8112783366967,18.5462186401516,LSOAs never ranked in top 50 most deprived,489,533,844,747,761,UF1,Urban: Further from a major town or city,Urban,564,627
W01001011,Llangewydd and Brynhyfryd 2,Bridgend,1422,1143,1067,907,1077,1554,1583,1452,1459,11.0873288747786,11.71253362724,13.2612251902263,16.9083726246712,13.0513929137336,4.77355245062621,4.35473443330402,6.31034785089135,6.20153601025258,LSOAs never ranked in top 50 most deprived,1428,1434,1320,1459,1567,UF1,Urban: Further from a major town or city,Urban,132,161
W01001012,Llangynwyd 1,Bridgend,1316,1477,1267,1160,1158,326,1245,1702,612,12.7273062183154,5.92407528130231,9.3902054870884,11.3799376927195,11.4188179131678,39.4049064949531,9.78549030558674,2.71179133211939,25.6713810731147,LSOAs never ranked in top 50 most deprived,1367,1405,1467,1520,1342,UF1,Urban: Further from a major town or city,Urban,-990,-71
W01001013,Llangynwyd 2,Bridgend,681,652,640,569,586,340,1550,1312,1266,23.2814994765073,24.268766466652295,24.6806433005279,27.2811592342906,26.6312053182129,38.5031361804481,4.83192362954361,8.60223002237486,9.4080263644472,LSOAs never ranked in top 50 most deprived,721,670,675,730,757,RLF1,Larger rural: Further from a major town or city,Rural,-341,869
W01001014,Maesteg East 1,Bridgend,312,335,241,151,413,1654,1135,426,429,35.5632431858626,38.8211536237917,45.8010305504303,55.3393347887518,34.3004899781357,3.36043680267586,11.8707292942162,33.6264432092818,33.4736597215886,LSOAs never ranked in top 50 most deprived,380,409,319,377,442,UF1,Urban: Further from a major town or city,Urban,1342,823
W01001015,Maesteg East 2,Bridgend,481,583,506,360,268,408,1301,1009,1452,28.836659741442105,26.7445765676622,29.8639008533188,37.2732949847907,43.5704509047974,34.565091159079,8.79236787018381,14.5175146946677,6.31034785089135,LSOAs never ranked in top 50 most deprived,322,303,245,281,327,UF1,Urban: Further from a major town or city,Urban,-73,820
W01001016,Maesteg East 3,Bridgend,1056,1147,831,924,791,677,1238,1318,485,16.802376337032,11.6338419620532,18.8667362212317,16.4922361125709,19.9685834801836,23.4336727856376,9.91270089384097,8.49917718706529,30.7935507731975,LSOAs never ranked in top 50 most deprived,988,828,900,1048,1009,UF1,Urban: Further from a major town or city,Urban,-379,182
W01001017,Maesteg West 1,Bridgend,1313,1184,1008,1263,1096,1672,687,821,854,12.7622537221323,10.91843049278,14.5397881120751,9.46157199452266,12.6579098072461,3.11504605034776,23.1079441969628,19.1372890163735,18.2562837106548,LSOAs never ranked in top 50 most deprived,1150,1158,1363,1375,1360,UF1,Urban: Further from a major town or city,Urban,359,-626
W01001018,Maesteg West 2,Bridgend,374,494,265,485,195,1630,954,188,678,32.597849444568,30.3905196703142,43.8078755168361,30.7935507731975,50.1839593491089,3.69175097307364,15.7757574013147,50.930704953028,23.400891555994,LSOAs never ranked in top 50 most deprived,334,416,463,500,483,UF1,Urban: Further from a major town or city,Urban,1256,580
W01001019,Maesteg West 3,Bridgend,457,452,436,410,249,431,1494,1198,1878,29.6268308989114,32.3348650889989,33.1210629250296,34.4588851190028,45.1172732377935,33.3723650014289,5.66506716312915,10.6534334073098,0.478655159884881,LSOAs never ranked in top 50 most deprived,287,254,280,363,429,UF1,Urban: Further from a major town or city,Urban,-26,1037
W01001020,Maesteg West 4,Bridgend,387,397,351,315,344,754,1587,554,547,31.9661644164127,35.1581560377781,37.818601005911,40.139108347939,38.2518507350042,21.0370374611813,4.29756033697686,27.8703095176577,28.1504975899782,LSOAs never ranked in top 50 most deprived,427,319,339,420,401,UF1,Urban: Further from a major town or city,Urban,367,1200
W01001021,Morfa 1,Bridgend,432,440,545,464,537,931,847,44,534,30.2301036342671,32.9219796861378,28.2311822787271,31.7623653082104,28.5567816203031,16.323050374395,18.4403643954711,77.0557122139279,28.6800796153805,LSOAs never ranked in top 50 most deprived,397,401,325,374,541,UF1,Urban: Further from a major town or city,Urban,499,415
W01001022,Morfa 2,Bridgend,132,148,98,262,170,333,705,210,770,48.3955182152164,55.7367617071121,63.6300170576852,44.0477766042521,52.9702328737917,38.9496021115052,22.5330109932208,48.6610386249168,20.5689000671964,LSOAs never ranked in top 50 most deprived,118,136,140,181,129,UF1,Urban: Further from a major town or city,Urban,201,573
W01001023,Morfa 3,Bridgend,384,497,308,263,512,481,1357,438,742,32.0442227535211,30.2577302481351,40.6188332964369,43.9675312221797,29.605045135778,30.9749679312151,7.840358591204061,33.021305903343,21.394501516221695,LSOAs never ranked in top 50 most deprived,299,342,306,404,438,UF1,Urban: Further from a major town or city,Urban,97,973
W01001024,Nant-y-moel 1,Bridgend,247,376,202,295,419,576,233,355,883,38.5153481549201,36.3346792655497,49.460698013698,41.5372003261676,33.9869350882549,27.0113031486456,46.5057394473204,37.5746452807467,17.5089804663596,LSOAs never ranked in top 50 most deprived,336,347,460,327,315,RLF1,Larger rural: Further from a major town or city,Rural,329,-14
W01001025,Nant-y-moel 2,Bridgend,571,646,534,521,335,1914,336,882,940,26.1135053236931,24.4737829256576,28.6800796153805,29.2221433891795,38.8211536237917,0.0474197360314985,38.7571973878808,17.534349389692,16.1073386653515,LSOAs never ranked in top 50 most deprived,655,542,706,639,560,RLF1,Larger rural: Further from a major town or city,Rural,1343,-235
W01001026,Newcastle 1,Bridgend,597,462,526,318,657,1418,1060,960,1263,25.3216048340748,31.856797802148,29.012142734782895,39.9365359388287,24.0993044317539,6.84631115234875,13.4092551880126,15.6351015498729,9.46157199452266,LSOAs never ranked in top 50 most deprived,517,440,363,328,457,UF1,Urban: Further from a major town or city,Urban,821,463
W01001027,Newcastle 2,Bridgend,1456,1294,1036,1243,1377,1014,1636,1417,782,10.3902908827364,8.9141882397577,13.9241438787154,9.82176444997588,7.50968435406567,14.4064700101462,3.60847392894393,6.86226541397567,20.2239458372538,LSOAs never ranked in top 50 most deprived,1354,1371,1469,1499,1535,UF1,Urban: Further from a major town or city,Urban,-442,180
W01001028,Newcastle 3,Bridgend,1419,1321,973,1144,1560,1267,1345,1019,538,11.1384840765299,8.44782340412111,15.3332663906928,11.6928354558815,4.68627250626735,9.3902054870884,8.04106945396384,14.2959588776925,28.5158287354967,LSOAs never ranked in top 50 most deprived,1226,1221,1364,1554,1389,UF1,Urban: Further from a major town or city,Urban,-152,-74
W01001029,Newton 1,Bridgend,1590,1683,1221,1579,1730,366,1660,1688,1438,8.14532897975183,2.96636378830555,10.2246021356279,4.41205100898382,2.34169417118009,36.9168102920014,3.27834863975104,2.89909737535026,6.52952816681984,LSOAs never ranked in top 50 most deprived,1603,1536,1419,1389,1164,UF1,Urban: Further from a major town or city,Urban,-1224,70
W01001030,Newton 2,Bridgend,1626,1609,1249,1359,1647,1542,1708,336,1240,7.6379046911296,3.98561831106824,9.71311319484083,7.8070764088306,3.45657809102635,4.94911229271788,2.63198192210366,38.7571973878808,9.87628316005961,LSOAs never ranked in top 50 most deprived,1433,1408,1282,1262,1289,UF1,Urban: Further from a major town or city,Urban,-84,82
W01001031,Nottage 1,Bridgend,1784,1885,1749,1718,1866,381,1836,1916,1852,4.70297333542373,0.39416817703550894,2.0939061313037306,2.4995785858347,0.624215965358298,36.0490472780562,0.99220003951702,0.0236976471952762,0.795209469357828,LSOAs never ranked in top 50 most deprived,1767,1710,1609,1585,1643,UF1,Urban: Further from a major town or city,Urban,-1403,52
W01001032,Nottage 2,Bridgend,1760,1654,1661,1621,1629,796,1533,1722,1806,5.11440584402034,3.36043680267586,3.26469571800256,3.8172346418696894,3.70565984256498,19.8279311022189,5.08166721716738,2.44682993327569,1.36616746321682,LSOAs never ranked in top 50 most deprived,1669,1659,1497,1565,1644,UF1,Urban: Further from a major town or city,Urban,-964,-227
W01001033,Ogmore Vale 1,Bridgend,739,742,743,542,908,1657,574,1153,85,22.2529347917495,21.394501516221695,21.364499730599,28.3527425151014,16.8836844750737,3.3193560991323894,27.0880823494183,11.5163069863456,66.2187787521445,LSOAs never ranked in top 50 most deprived,912,833,941,928,1113,RLF1,Larger rural: Further from a major town or city,Rural,918,-165
W01001034,Ogmore Vale 2,Bridgend,545,541,468,361,951,862,888,941,202,27.0084109754092,28.3934057862217,31.5746555725766,37.2134958467942,15.8464092140213,18.0476941511772,17.3825538874175,16.0834951054554,49.460698013698,LSOAs never ranked in top 50 most deprived,401,485,469,590,598,RSF1,Smaller rural: Further from a major town or city,Rural,317,343
W01001035,Oldcastle 1,Bridgend,338,243,356,268,348,1231,1005,497,560,34.6102340450524,45.6281761294676,37.5140585258403,43.5704509047974,38.0032810529464,10.0406189854602,14.6067380762028,30.2577302481351,27.632835409167,LSOAs never ranked in top 50 most deprived,326,287,288,482,587,UF1,Urban: Further from a major town or city,Urban,893,667
W01001036,Oldcastle 2,Bridgend,1763,1717,1629,1490,1765,1257,1441,1011,1383,5.05156814241607,2.5127846729859,3.70565984256498,5.72574836504909,1.88729330452187,9.56903868608086,6.48238480299949,14.4730324649616,7.41140208659252,LSOAs never ranked in top 50 most deprived,1734,1783,1846,1795,1765,UF1,Urban: Further from a major town or city,Urban,-506,-322
W01001037,Oldcastle 3,Bridgend,1617,1767,1592,1095,1465,730,1609,1425,916,7.71736222428245,1.86159671694708,4.22629200219173,12.6784524717191,6.10867669802835,21.7576090736049,3.98561831106824,6.73494012330532,16.68712752224,LSOAs never ranked in top 50 most deprived,1635,1646,1543,1593,1595,UF1,Urban: Further from a major town or city,Urban,-887,-8
W01001038,Pendre,Bridgend,1268,1113,1156,790,1299,570,1532,1370,1122,13.4060646473606,12.3114628224399,11.4577639697738,19.9968174672526,8.82710790050632,27.2424139746021,5.0964428103536,7.62488033337581,12.130140784991,LSOAs never ranked in top 50 most deprived,924,839,1120,1293,1204,UF1,Urban: Further from a major town or city,Urban,-698,264
W01001039,Penprysg 1,Bridgend,1151,882,937,957,1194,350,1523,1661,1784,15.4553332438049,17.534349389692,16.1790180131088,15.7053219536497,10.7288358234862,37.8799964021223,5.22985203912699,3.26469571800256,1.64432714963132,LSOAs never ranked in top 50 most deprived,1439,1077,1232,1099,1110,RLN1,Larger rural: Nearer to a major town or city,Rural,-801,372
W01001040,Penprysg 2,Bridgend,1354,1322,1144,1240,1239,418,1308,1436,1290,12.0215501874444,8.43073092520504,11.6928354558815,9.87628316005961,9.89448481906336,34.0388982852619,8.67118932882823,6.56101084525749,8.98409067323127,LSOAs never ranked in top 50 most deprived,1312,1306,1210,1182,1130,RLN1,Larger rural: Nearer to a major town or city,Rural,-936,-46
W01001041,Pen-y-fai,Bridgend,1706,1751,1357,1516,1696,729,1786,1602,1190,6.28297161955512,2.06797779772392,7.840358591204061,5.33415242162353,2.79187864333048,21.7881283915832,1.61890043633505,4.08441443187066,10.8044862496646,LSOAs never ranked in top 50 most deprived,1721,1658,1613,1637,1415,UF1,Urban: Further from a major town or city,Urban,-977,80
W01001042,Pontycymmer 1,Bridgend,648,645,422,713,928,1505,348,539,1125,23.7932438969729,24.5081307123561,33.8317461988466,22.2820267909355,16.3954062121735,5.49901466399771,38.0032810529464,28.4749486401806,12.0700163793339,LSOAs never ranked in top 50 most deprived,526,551,611,609,590,RLF1,Larger rural: Further from a major town or city,Rural,857,-300
W01001043,Pontycymmer 2,Bridgend,520,659,521,452,484,1307,238,376,1185,27.6752969605794,24.0318676820537,29.2221433891795,32.3348650889989,30.838771086219,8.68846150955214,46.0627726217234,36.3346792655497,10.8994005416678,LSOAs never ranked in top 50 most deprived,406,425,604,734,649,RLF1,Larger rural: Further from a major town or city,Rural,787,-282
W01001044,Porthcawl East Central 1,Bridgend,510,446,266,437,706,825,1479,693,1338,28.021373306546305,32.6265490495701,43.7284613469552,33.0711303301886,22.501487779095,19.0286856939021,5.89345191451641,22.9146985373268,8.15896478170446,LSOAs never ranked in top 50 most deprived,671,484,521,419,408,UF1,Urban: Further from a major town or city,Urban,315,969
W01001045,Porthcawl East Central 2,Bridgend,684,864,478,666,812,1288,820,156,574,23.180498585246,17.9958410083264,31.1119760863556,23.7973840872252,19.3835378508761,9.01912172048089,19.1645201635088,54.6918465940365,27.0880823494183,LSOAs never ranked in top 50 most deprived,510,567,560,507,608,UF1,Urban: Further from a major town or city,Urban,604,136
W01001046,Porthcawl West Central 1,Bridgend,924,786,409,744,1160,1717,1387,570,1524,18.655278354825,20.1101012876508,34.5119268362533,21.334537029092495,11.3799376927195,2.5127846729859,7.34611312114682,27.2424139746021,5.21499052029399,LSOAs never ranked in top 50 most deprived,524,580,548,534,653,UF1,Urban: Further from a major town or city,Urban,793,463
W01001047,Porthcawl West Central 2,Bridgend,1457,1274,918,1091,1419,1501,1401,1173,1362,10.3774511439882,9.26584447784323,16.6382496306617,12.7608071014425,6.83036794994064,5.55925877290174,7.11905028081461,11.1288057758357,7.75724326334024,LSOAs never ranked in top 50 most deprived,1364,1504,1402,1450,1553,UF1,Urban: Further from a major town or city,Urban,44,-56
W01001048,Pyle 1,Bridgend,1480,1209,1119,1059,1020,1624,1613,1514,1729,9.86653809937279,10.4473423883424,12.1904227741629,13.4304803198105,14.2739202271162,3.7753306378583,3.92935333881622,5.36403961186012,2.35480988929415,LSOAs never ranked in top 50 most deprived,1529,1297,1570,1723,1287,UN1,Urban: Nearer to a major town or city,Urban,144,133
W01001049,Pyle 2,Bridgend,365,261,273,384,374,1519,638,771,908,33.4567650190639,44.1283029373219,43.1801097429359,35.8793553824041,36.4499327337625,5.28939432915953,24.750012276592,20.5399554523121,16.8836844750737,LSOAs never ranked in top 50 most deprived,267,248,175,218,338,UN1,Urban: Nearer to a major town or city,Urban,1154,273
W01001050,Pyle 3,Bridgend,557,417,425,353,490,1893,1158,797,1333,26.6292732737205,34.0909791470183,33.6775974081246,37.6962996970416,30.5687732863481,0.297990123411071,11.4188179131678,19.799903548978,8.24354726262967,LSOAs never ranked in top 50 most deprived,479,574,564,708,578,UN1,Urban: Nearer to a major town or city,Urban,1336,601
W01001051,Pyle 4,Bridgend,666,491,444,597,787,1379,850,913,1469,23.5452795204362,30.5240802001074,32.7246048931715,26.2202273434475,20.081727980287095,7.4768769123214,18.3612922020953,16.7606396725577,6.04697811944721,LSOAs never ranked in top 50 most deprived,771,565,702,857,696,UN1,Urban: Nearer to a major town or city,Urban,713,184
W01001052,Pyle 5,Bridgend,487,258,340,547,536,1474,1152,1038,1113,28.633492591011,44.3715874893872,38.5031361804481,28.1504975899782,28.5978075542744,5.97008691778702,11.535854485957,13.880793490484299,12.3114628224399,LSOAs never ranked in top 50 most deprived,466,465,485,387,363,UN1,Urban: Nearer to a major town or city,Urban,987,665
W01001053,Rest Bay 1,Bridgend,1791,1856,1519,1826,1761,558,1773,1903,1913,4.6045778623917,0.7462243253503089,5.28939432915953,1.11618146115725,1.93877276837315,27.7117213241246,1.7846787624585,0.17833038223269,0.0592899618307506,LSOAs never ranked in top 50 most deprived,1706,1713,1634,1668,1691,UF1,Urban: Further from a major town or city,Urban,-1233,-18
W01001054,Rest Bay 2,Bridgend,1775,1803,1740,1636,1764,478,1768,1832,1914,4.89038248818812,1.40390082075009,2.2109467124459,3.60847392894393,1.90015237233338,31.1119760863556,1.84875918114614,1.04171243850744,0.0474197360314985,LSOAs never ranked in top 50 most deprived,1779,1706,1716,1817,1693,UF1,Urban: Further from a major town or city,Urban,-1297,-7
W01001055,Sarn 1,Bridgend,203,253,214,30,190,1639,1089,669,1553,41.8918359373409,44.7828692046402,48.2713988064592,82.3471543725932,50.7148636882803,3.56694820635062,12.8020952616562,23.6976183287089,4.78813136320966,LSOAs never ranked in top 50 most deprived,188,141,172,191,174,UF1,Urban: Further from a major town or city,Urban,1436,886
W01001056,Sarn 2,Bridgend,940,940,829,633,350,1494,1539,1217,1223,18.4097965875231,16.1073386653515,18.9205927745562,24.9243556120482,37.8799964021223,5.66506716312915,4.99321243883806,10.2986094676654,10.1876875787723,LSOAs never ranked in top 50 most deprived,949,844,629,871,790,UF1,Urban: Further from a major town or city,Urban,554,599
W01001057,Ynysawdre 1,Bridgend,360,363,276,199,671,691,1153,496,556,33.7631407394202,37.0943619858733,42.9490457966271,49.7678864822923,23.6313474304328,22.978933520734895,11.5163069863456,30.3019082598622,27.7908787352101,LSOAs never ranked in top 50 most deprived,431,225,251,240,272,UF1,Urban: Further from a major town or city,Urban,331,793
W01001058,Ynysawdre 2,Bridgend,1388,1343,1074,591,1420,1078,1635,1662,1291,11.5597482975778,8.07469221342719,13.1141418369244,26.4434863026012,6.81443579142984,13.0305145912057,3.6223325139337694,3.25105089589296,8.96659513758763,LSOAs never ranked in top 50 most deprived,1381,1062,957,951,749,UF1,Urban: Further from a major town or city,Urban,-310,247
W01001059,Baruc 1,Vale of Glamorgan,1677,1496,1263,1642,1621,1016,1681,1071,1636,6.74010117290218,5.63478649276884,9.46157199452266,3.52549732194833,3.8172346418696894,14.3622018183192,2.9933255344798506,13.1770624210437,3.60847392894393,LSOAs never ranked in top 50 most deprived,1642,1551,1573,1525,1659,UF1,Urban: Further from a major town or city,Urban,-661,4
W01001060,Baruc 2,Vale of Glamorgan,1766,1889,1714,1765,1712,456,1554,1716,1907,5.00745618147118,0.34602887733601,2.55244849132853,1.88729330452187,2.57892908837866,32.1424441147939,4.77355245062621,2.52599834713437,0.130640254955792,LSOAs never ranked in top 50 most deprived,1844,1763,1818,1810,1800,UF1,Urban: Further from a major town or city,Urban,-1310,-212
W01001062,Baruc 4,Vale of Glamorgan,1476,1368,1315,1441,1541,1873,532,647,796,9.91808571284845,7.657899721566911,8.55064588799191,6.48238480299949,4.96380294814753,0.539193581804108,28.7626470242333,24.4394863568481,19.8279311022189,LSOAs never ranked in top 50 most deprived,1419,1206,1264,1313,1494,UF1,Urban: Further from a major town or city,Urban,397,-944
W01001063,Buttrills 1,Vale of Glamorgan,631,657,516,560,723,1898,201,796,1217,24.4004548441972,24.0993044317539,29.4340791286202,27.632835409167,21.9720996562206,0.238082435226713,49.5626389802718,19.8279311022189,10.2986094676654,LSOAs never ranked in top 50 most deprived,690,764,732,814,908,UF1,Urban: Further from a major town or city,Urban,1267,-430
W01001064,Buttrills 2,Vale of Glamorgan,164,177,149,25,370,1346,719,498,972,45.4864392976546,52.155457530604,55.603521574478,84.5766677674738,36.6821868883595,8.02427648818839,22.095569808014705,30.2136369301349,15.3563443697558,LSOAs never ranked in top 50 most deprived,186,198,290,200,317,UF1,Urban: Further from a major town or city,Urban,1182,555
W01001065,Buttrills 3,Vale of Glamorgan,753,656,766,760,612,1911,405,453,822,21.872757774775305,24.1330970993627,20.6850441646259,20.8603674538182,25.6713810731147,0.0830488078086016,34.7253254620083,32.2866087146138,19.1100900717838,LSOAs never ranked in top 50 most deprived,814,760,884,989,1104,UF1,Urban: Further from a major town or city,Urban,1158,-348
W01001066,Buttrills 4,Vale of Glamorgan,707,702,578,539,624,1203,995,398,1253,22.7981392659241,22.6278406970755,26.9347794016803,28.4749486401806,25.2415431290468,10.5595266834407,14.8313226661017,35.1036046685515,9.64096312834053,LSOAs never ranked in top 50 most deprived,733,546,785,729,561,UF1,Urban: Further from a major town or city,Urban,496,288
W01001067,Cadoc 1,Vale of Glamorgan,143,142,125,74,293,763,641,586,775,47.0318326399877,56.5528304302449,59.0358709096692,68.6626621027507,41.6817998039603,20.7725387538889,24.646037112484095,26.6312053182129,20.4245398801956,LSOAs never ranked in top 50 most deprived,195,236,186,208,390,UF1,Urban: Further from a major town or city,Urban,620,498
W01001068,Cadoc 2,Vale of Glamorgan,731,642,730,644,768,693,1036,1061,377,22.363102072564505,24.611482915278305,21.7576090736049,24.5425298701483,20.6268988037534,22.9146985373268,13.9241438787154,13.388049625384,36.2772683869671,LSOAs never ranked in top 50 most deprived,925,782,712,749,1014,UF1,Urban: Further from a major town or city,Urban,-38,305
W01001069,Cadoc 3,Vale of Glamorgan,356,450,358,533,238,1903,258,79,664,33.9510886322076,32.4316826446063,37.393361718261,28.7213262688648,46.0627726217234,0.17833038223269,44.3715874893872,67.5195259195412,23.8641358225167,LSOAs never ranked in top 50 most deprived,265,321,365,415,698,UF1,Urban: Further from a major town or city,Urban,1547,-98
W01001070,Cadoc 4,Vale of Glamorgan,236,373,178,235,391,1850,227,140,387,39.300949216634,36.5077767704368,52.0413819603454,46.3275276621096,35.4882095871764,0.819741219997647,47.0488127565457,56.8314171748687,35.7109062943083,LSOAs never ranked in top 50 most deprived,266,178,114,190,423,UF1,Urban: Further from a major town or city,Urban,1614,-9
W01001071,Cadoc 5,Vale of Glamorgan,635,726,852,534,496,1327,472,814,160,24.3548798441544,21.8799300818585,18.3087280282571,28.6800796153805,30.3019082598622,8.34545854747957,31.3884653978513,19.3285875941208,54.186668030915,LSOAs never ranked in top 50 most deprived,548,575,526,580,708,UF1,Urban: Further from a major town or city,Urban,692,-163
W01001072,Cadoc 6,Vale of Glamorgan,1782,1592,1638,1699,1447,1197,1720,1575,1466,4.77103526666712,4.22629200219173,3.58078178518821,2.75180012916962,6.38838697965858,10.6722608493273,2.4731891377088,4.4695107759153,6.09323652994722,LSOAs never ranked in top 50 most deprived,1770,1697,1510,1635,1661,UF1,Urban: Further from a major town or city,Urban,-585,-62
W01001073,Castleland 1,Vale of Glamorgan,120,129,113,214,178,535,479,378,219,49.4340651367507,58.427052259456,60.9654380577152,48.2713988064592,52.0413819603454,28.6389067984773,31.066215959085305,36.2200004563807,47.7934518745139,LSOAs never ranked in top 50 most deprived,216,181,187,238,82,UF1,Urban: Further from a major town or city,Urban,415,359
W01001075,Cornerswell 1,Vale of Glamorgan,1855,1636,1715,1746,1716,1908,1161,1679,1483,3.45222860593695,3.60847392894393,2.5392196170027,2.13285351949854,2.52599834713437,0.118733157869366,11.3605222015702,3.02031892365375,5.83232723068407,LSOAs never ranked in top 50 most deprived,1759,1771,1770,1663,1637,UN1,Urban: Nearer to a major town or city,Urban,53,-694
W01001076,Cornerswell 2,Vale of Glamorgan,1252,962,1329,1168,1032,1330,700,892,608,13.7636288077684,15.5884067692259,8.31143792104385,11.225070745121,14.0110905482459,8.29444645993786,22.6912784128934,17.2819106113586,25.816464241705,LSOAs never ranked in top 50 most deprived,1189,1050,923,1055,958,UN1,Urban: Nearer to a major town or city,Urban,78,-552
W01001077,Cornerswell 3,Vale of Glamorgan,1379,1185,1215,1024,1318,902,1353,1168,806,11.7363597998414,10.8994005416678,10.3357026259726,14.1859761945492,8.49917718706529,17.0322124471741,7.90706778843048,11.225070745121,19.5491807435255,LSOAs never ranked in top 50 most deprived,1202,1278,1237,1245,1255,UN1,Urban: Nearer to a major town or city,Urban,-477,-26
W01001078,Cornerswell 4,Vale of Glamorgan,1853,1624,1656,1744,1744,1791,1393,1780,1255,3.49617388844067,3.7753306378583,3.33304151582498,2.1588551333598094,2.1588551333598094,1.55545636077368,7.2485258617620705,1.69526506032076,9.60497279241023,LSOAs never ranked in top 50 most deprived,1671,1724,1751,1742,1708,UN1,Urban: Nearer to a major town or city,Urban,-62,-460
W01001079,Court 1,Vale of Glamorgan,346,334,352,551,270,1871,217,236,697,34.2087657487888,38.8852881992107,37.75736906021261,27.9899724127521,43.4135185948375,0.563453637325335,47.9834404914399,46.2389369258219,22.7867642695324,LSOAs never ranked in top 50 most deprived,388,359,442,567,582,UF1,Urban: Further from a major town or city,Urban,1525,-129
W01001080,Court 2,Vale of Glamorgan,388,348,374,403,363,1832,481,458,593,31.8815361739939,38.0032810529464,36.4499327337625,34.8327718802493,37.0943619858733,1.04171243850744,30.9749679312151,32.0468339619845,26.3688255954843,LSOAs never ranked in top 50 most deprived,442,454,405,469,554,UF1,Urban: Further from a major town or city,Urban,1444,93
W01001081,Court 3,Vale of Glamorgan,153,122,156,142,148,1497,752,232,654,46.3156031767979,59.5032997094976,54.6918465940365,56.5528304302449,55.7367617071121,5.61966109424539,21.0962303240394,46.5953658460321,24.2008317495807,LSOAs never ranked in top 50 most deprived,142,169,145,107,132,UF1,Urban: Further from a major town or city,Urban,1344,599
W01001082,Cowbridge 1,Vale of Glamorgan,1847,1645,1653,1580,1760,1534,1633,1689,1552,3.59384092131417,3.48412100647357,3.3741466922672494,4.39770846878359,1.95166065814167,5.06690110998117,3.65007476045286,2.88566766807736,4.80271952272831,LSOAs never ranked in top 50 most deprived,1768,1649,1790,1807,1679,RLF1,Larger rural: Further from a major town or city,Rural,-313,-214
W01001083,Cowbridge 2,Vale of Glamorgan,1756,1823,1832,1908,1878,288,1674,1879,1708,5.18451042422741,1.15350658605424,1.04171243850744,0.118733157869366,0.478655159884881,42.0473264765957,3.0879413233543,0.466566573261191,2.63198192210366,LSOAs never ranked in top 50 most deprived,1726,1770,1835,1840,1716,RSF1,Smaller rural: Further from a major town or city,Rural,-1468,-82
W01001084,Cowbridge 3,Vale of Glamorgan,1729,1795,1809,1803,1859,469,1451,1570,831,5.79922820265141,1.5048268045783,1.32849590892464,1.40390082075009,0.709553811319619,31.527966533529,6.3259345080427,4.54153794047331,18.8667362212317,LSOAs never ranked in top 50 most deprived,1786,1727,1772,1768,1698,RSF1,Smaller rural: Further from a major town or city,Rural,-1260,-278
W01001085,Cowbridge 4,Vale of Glamorgan,1693,1695,1697,1858,1877,256,1475,1865,1734,6.48556183039952,2.8052536827735,2.7785113772664,0.721770820884037,0.49075010349887294,44.5352187023314,5.95473947595861,0.636387717665115,2.2893059632188506,LSOAs never ranked in top 50 most deprived,1708,1704,1750,1761,1675,RSF1,Smaller rural: Further from a major town or city,Rural,-1437,-218
W01001086,Dinas Powys 1,Vale of Glamorgan,1864,1892,1855,1907,1851,1263,1452,1361,747,3.31755692796923,0.309990408692142,0.758460834073115,0.130640254955792,0.807472073988819,9.46157199452266,6.31034785089135,7.77384231790356,21.2448824142573,LSOAs never ranked in top 50 most deprived,1832,1881,1701,1785,1732,UN1,Urban: Nearer to a major town or city,Urban,-601,-412
W01001087,Dinas Powys 2,Vale of Glamorgan,1783,1700,1658,1874,1535,1757,1655,1526,331,4.76340365130962,2.73845612912346,3.30567882066851,0.52707314322933,5.05214447662267,1.99036771401793,3.34673508043685,5.1852962600852,39.0787719782363,LSOAs never ranked in top 50 most deprived,1735,1792,1771,1881,1824,UN1,Urban: Nearer to a major town or city,Urban,-26,-128
W01001088,Dinas Powys 3,Vale of Glamorgan,1024,635,748,942,1091,1183,1468,852,985,17.214165519649,24.8544596123281,21.2150750361765,16.059676238022,12.7608071014425,10.9374762021069,6.06238725453122,18.3087280282571,15.0581218652982,LSOAs never ranked in top 50 most deprived,874,887,1034,992,993,UN1,Urban: Nearer to a major town or city,Urban,159,444
W01001089,Dinas Powys 4,Vale of Glamorgan,1637,1462,1586,1781,1607,1000,1721,1861,158,7.480218169790191,6.15505949084693,4.31184054235171,1.68252000264156,4.01380249695598,14.7187562513825,2.46000575936387,0.685139243058358,54.4378703545907,LSOAs never ranked in top 50 most deprived,1724,1691,1673,1726,1688,UN1,Urban: Nearer to a major town or city,Urban,-637,84
W01001090,Dinas Powys 5,Vale of Glamorgan,1718,1802,1781,1849,1796,426,1348,1473,1037,6.05804594522557,1.41649237572638,1.68252000264156,0.832016914366915,1.4921868104588,33.6264432092818,7.990727295028449,5.98544460749622,13.9024584712527,LSOAs never ranked in top 50 most deprived,1695,1799,1597,1448,1262,UN1,Urban: Nearer to a major town or city,Urban,-1292,-370
W01001091,Dyfan 1,Vale of Glamorgan,1844,1812,1707,1684,1298,1680,1763,1636,1224,3.65595146956967,1.29088595575025,2.6452642735573506,2.95289475817678,8.84449761272578,3.0068182690504,1.91301863354183,3.60847392894393,10.1692524942803,LSOAs never ranked in top 50 most deprived,1740,1811,1712,1782,1697,UF1,Urban: Further from a major town or city,Urban,-164,-81
W01001092,Dyfan 2,Vale of Glamorgan,895,753,679,704,651,1243,1044,1170,1513,19.1434294668217,21.0666148502514,23.3681569819925,22.5645774715646,24.3028092202755,9.82176444997588,13.7512304210547,11.1865163946724,5.37899778336937,LSOAs never ranked in top 50 most deprived,878,727,839,918,854,UF1,Urban: Further from a major town or city,Urban,348,149
W01001093,Dyfan 3,Vale of Glamorgan,531,524,388,358,654,1154,782,572,1285,27.3109045985147,29.095913048907505,35.6550296427717,37.393361718261,24.2008317495807,11.4967760858774,20.2239458372538,27.1651187152393,9.07176853635428,LSOAs never ranked in top 50 most deprived,476,497,477,481,616,UF1,Urban: Further from a major town or city,Urban,623,251
W01001094,Gibbonsdown 1,Vale of Glamorgan,155,161,163,321,34,1145,497,354,1385,46.0572245790859,54.0620882804771,53.8149350485439,39.7357321198931,80.7071490620134,11.6731541404338,30.2577302481351,37.6353920553086,7.378734437306749,LSOAs never ranked in top 50 most deprived,291,312,337,524,472,UF1,Urban: Further from a major town or city,Urban,990,342
W01001095,Gibbonsdown 2,Vale of Glamorgan,32,18,22,37,67,1687,328,217,1401,64.954569517406,88.1126813503824,86.02608341267012,79.5495972703087,70.3649611810893,2.91253492881509,39.2738972266085,47.9834404914399,7.11905028081461,LSOAs sometimes in the top 50 most deprived,105,83,91,98,204,UF1,Urban: Further from a major town or city,Urban,1655,296
W01001096,Gibbonsdown 3,Vale of Glamorgan,844,683,603,556,884,1223,1187,1177,1179,20.0280431158523,23.2376825985408,25.9991147215854,27.7908787352101,17.483639494038002,10.1876875787723,10.8613878099329,11.0520828478352,11.0138171449293,LSOAs never ranked in top 50 most deprived,785,823,788,803,918,UF1,Urban: Further from a major town or city,Urban,379,343
W01001097,Gibbonsdown 4,Vale of Glamorgan,135,171,151,219,42,1294,342,207,1645,47.7155409309788,52.8520542938503,55.3393347887518,47.7934518745139,77.7410909205496,8.9141882397577,38.3771502834814,48.9576623742928,3.48412100647357,LSOAs never ranked in top 50 most deprived,253,235,308,367,295,UF1,Urban: Further from a major town or city,Urban,1159,207
W01001098,Illtyd 1,Vale of Glamorgan,1887,1811,1665,1880,1689,1655,1842,1639,979,2.75636739840963,1.30341577467567,3.21016493143694,0.45448433694896107,2.88566766807736,3.34673508043685,0.918130717938159,3.56694820635062,15.1952826928953,LSOAs never ranked in top 50 most deprived,1799,1818,1769,1797,1715,UF1,Urban: Further from a major town or city,Urban,-232,-45
W01001099,Illtyd 2,Vale of Glamorgan,656,400,625,531,583,1546,1371,672,1226,23.6652739718269,34.9948885570188,25.2060832851683,28.8040421482216,26.7445765676622,4.89044332434856,7.608388398587911,23.5982834499749,10.1324265947327,LSOAs never ranked in top 50 most deprived,699,809,861,1001,1070,UF1,Urban: Further from a major town or city,Urban,890,715
W01001100,Illtyd 3,Vale of Glamorgan,1808,1698,1268,1731,1743,1462,1794,1778,1471,4.27508930416562,2.76515187555098,9.37239840702551,2.32858592802372,2.17186697171214,6.15505949084693,1.51747374901552,1.72077638263589,6.01619078536322,LSOAs never ranked in top 50 most deprived,1795,1866,1855,1883,1813,UF1,Urban: Further from a major town or city,Urban,-346,-14
W01001101,Illtyd 4,Vale of Glamorgan,687,759,806,788,534,1797,315,490,229,23.1610255652579,20.889718375820905,19.5491807435255,20.053389631739705,28.6800796153805,1.4795537590219,40.139108347939,30.5687732863481,46.8663598284772,LSOAs never ranked in top 50 most deprived,803,880,605,869,964,UF1,Urban: Further from a major town or city,Urban,1110,-372
W01001102,Illtyd 5,Vale of Glamorgan,1068,766,898,1040,1019,1909,323,915,1624,16.6534107427291,20.6850441646259,17.1317666496571,13.8375246553555,14.2959588776925,0.106832221896123,39.6028303062084,16.7116054751692,3.7753306378583,LSOAs never ranked in top 50 most deprived,1151,929,823,914,985,UF1,Urban: Further from a major town or city,Urban,841,-745
W01001103,Illtyd 6,Vale of Glamorgan,1876,1712,1622,1760,1453,1786,1822,1564,1774,3.08886744768556,2.57892908837866,3.8032581559873706,1.95166065814167,6.2947717493645,1.61890043633505,1.16596176703063,4.62826933985109,1.77188407507363,LSOAs never ranked in top 50 most deprived,1863,1872,1762,1888,1826,UF1,Urban: Further from a major town or city,Urban,-90,-54
W01001104,Llandough,Vale of Glamorgan,1558,1585,1492,1704,1492,611,1203,914,805,8.62771866875598,4.32612961950757,5.69538775209347,2.68515741286009,5.69538775209347,25.7075661574323,10.5595266834407,16.7361095067327,19.5769042446795,LSOAs never ranked in top 50 most deprived,1543,1553,1629,1710,1660,UN1,Urban: Nearer to a major town or city,Urban,-947,-355
W01001105,Llandow and Ewenny,Vale of Glamorgan,1620,1756,1814,1888,1835,165,1172,1869,1323,7.69867249702185,2.00328455523517,1.26584677711153,0.358054259664359,1.00456815041415,53.5704094628783,11.1480265638227,0.587739309011696,8.41365113915402,LSOAs never ranked in top 50 most deprived,1575,1630,1657,1666,1526,RSF1,Smaller rural: Further from a major town or city,Rural,-1455,-448
W01001106,Llantwit Major 1,Vale of Glamorgan,1835,1781,1630,1640,1396,1492,1612,1749,1842,3.72450444487748,1.68252000264156,3.69175097307364,3.55312294285556,7.19988706490412,5.69538775209347,3.94340668328068,2.0939061313037306,0.918130717938159,LSOAs never ranked in top 50 most deprived,1822,1846,1829,1829,1818,UF1,Urban: Further from a major town or city,Urban,-343,-223
W01001107,Llantwit Major 2,Vale of Glamorgan,1686,1523,1355,1412,1482,1528,1398,1189,1482,6.57949098705145,5.22985203912699,7.8736890044073,6.94220314888323,5.84759317920274,5.1556402873674,7.16751824980493,10.8234377992372,5.84759317920274,LSOAs never ranked in top 50 most deprived,1655,1599,1720,1749,1666,UF1,Urban: Further from a major town or city,Urban,-158,-288
W01001108,Llantwit Major 3,Vale of Glamorgan,1301,1197,1284,1244,1212,280,1126,1435,1688,12.9138598881758,10.6722608493273,9.08934428866294,9.80362022662144,10.3914547711558,42.6445277405534,12.0500097871272,6.57676835943883,2.89909737535026,LSOAs never ranked in top 50 most deprived,1429,1298,1441,1535,1546,UF1,Urban: Further from a major town or city,Urban,-1021,-175
W01001109,Llantwit Major 4,Vale of Glamorgan,1458,1079,1034,1174,1488,1283,1240,1794,1398,10.3617488336437,13.0096552038537,13.9675761280521,11.1096010369892,5.75614910780116,9.10693348198552,9.87628316005961,1.51747374901552,7.16751824980493,LSOAs never ranked in top 50 most deprived,1363,1315,1477,1540,1347,UF1,Urban: Further from a major town or city,Urban,-175,-218
W01001110,Llantwit Major 5,Vale of Glamorgan,1556,1468,1601,1657,1767,292,1410,1427,1131,8.6477647550536,6.06238725453122,4.09856287032381,3.3193560991323894,1.86159671694708,41.7544418856589,6.9742561972193,6.70321863063254,11.9502370380452,LSOAs never ranked in top 50 most deprived,1686,1676,1802,1789,1669,UF1,Urban: Further from a major town or city,Urban,-1264,-146
W01001111,Llantwit Major 6,Vale of Glamorgan,455,290,457,465,400,685,1188,762,1905,29.6344895087594,41.9004179811054,32.0945893574396,31.7152940583482,34.9948885570188,23.172721919325,10.842404977394,20.801777737901695,0.154472958008197,LSOAs never ranked in top 50 most deprived,815,737,709,737,904,UF1,Urban: Further from a major town or city,Urban,230,733
W01001112,Llantwit Major 7,Vale of Glamorgan,1797,1565,1723,1611,1685,860,1827,1847,1847,4.50187046298586,4.61379137521831,2.4336616507964,3.95746861979922,2.93943361103069,18.0996644603327,1.10375320126433,0.856587976173153,0.856587976173153,LSOAs never ranked in top 50 most deprived,1873,1815,1841,1875,1880,UF1,Urban: Further from a major town or city,Urban,-937,30
W01001113,Peterston-super-Ely,Vale of Glamorgan,1595,1845,1782,1917,1857,156,892,1676,1535,8.06256050439314,0.881185315492533,1.66978200350748,0.0118457715408025,0.733994323259279,54.6918465940365,17.2819106113586,3.06086850077605,5.05214447662267,LSOAs never ranked in top 50 most deprived,1600,1672,1654,1597,1543,RSN1,Smaller rural: Nearer to a major town or city,Rural,-1439,-703
W01001114,Plymouth (The Vale of Glamorgan) 1,Vale of Glamorgan,1910,1909,1898,1909,1908,1104,1843,1718,1743,1.668284707169,0.106832221896123,0.238082435226713,0.106832221896123,0.118733157869366,12.4942256906992,0.905808988590183,2.4995785858347,2.17186697171214,LSOAs never ranked in top 50 most deprived,1899,1856,1860,1850,1842,UN1,Urban: Nearer to a major town or city,Urban,-806,-67
W01001115,Plymouth (The Vale of Glamorgan) 2,Vale of Glamorgan,1777,1620,1557,1696,1776,809,1764,1708,1699,4.83893240847657,3.8312196260537505,4.72987107744615,2.79187864333048,1.74631603322602,19.466210180306305,1.90015237233338,2.63198192210366,2.75180012916962,LSOAs never ranked in top 50 most deprived,1715,1635,1530,1551,1485,UN1,Urban: Nearer to a major town or city,Urban,-968,-13
W01001116,Plymouth (The Vale of Glamorgan) 3,Vale of Glamorgan,1903,1871,1876,1758,1915,1531,1415,1824,1148,2.29549148489573,0.563453637325335,0.502851410792549,1.97745812285042,0.0355556332575515,5.1112279017356,6.89420717633154,1.14105814627672,11.614211041696,LSOAs never ranked in top 50 most deprived,1857,1803,1775,1772,1667,UN1,Urban: Nearer to a major town or city,Urban,-372,-488
W01001117,Rhoose 1,Vale of Glamorgan,1433,1351,1038,1364,1182,556,1567,1397,1773,10.8557393594035,7.940495083874139,13.880793490484299,7.72408104955796,10.9565376957681,27.7908787352101,4.58486275792752,7.18369696311483,1.7846787624585,LSOAs never ranked in top 50 most deprived,1553,1385,1344,1546,1597,RLF1,Larger rural: Further from a major town or city,Rural,-877,134
W01001119,Rhoose 3,Vale of Glamorgan,1401,1509,1162,1818,1653,201,1050,1516,931,11.3846862268821,5.43892794088303,11.3411230862198,1.21585004920479,3.3741466922672494,49.5626389802718,13.6223931168635,5.33415242162353,16.323050374395,LSOAs never ranked in top 50 most deprived,1503,1650,1665,1695,1578,RSF1,Smaller rural: Further from a major town or city,Rural,-1200,-351
W01001120,Rhoose 4,Vale of Glamorgan,1694,1607,1371,1754,1246,840,1605,1886,1665,6.48250706704858,4.01380249695598,7.608388398587911,2.029140020424,9.76737466434169,18.625930266217,4.04202126210555,0.382123902923984,3.21016493143694,LSOAs never ranked in top 50 most deprived,1787,1736,1826,1846,1731,RLF1,Larger rural: Further from a major town or city,Rural,-854,-89
W01001121,St Athan 1,Vale of Glamorgan,894,756,673,727,582,1545,1043,889,1619,19.145342281985,20.9779965462669,23.5652669328937,21.8492887875923,26.7824915091031,4.90509654232021,13.7727736452391,17.3573517513344,3.8452131188805,LSOAs never ranked in top 50 most deprived,863,676,771,946,855,UF1,Urban: Further from a major town or city,Urban,651,149
W01001122,St Athan 2,Vale of Glamorgan,1076,1013,1453,1025,529,301,901,1585,1766,16.5580903840884,14.4286360982988,6.2947717493645,14.1640426279396,28.8870565762234,41.1087776906679,17.0570606286885,4.32612961950757,1.87444142206829,LSOAs never ranked in top 50 most deprived,1569,1403,1361,1405,1598,UF1,Urban: Further from a major town or city,Urban,-775,-175
W01001123,St Augustines 1,Vale of Glamorgan,1740,1504,1465,1563,1692,1382,1561,1149,1694,5.41349699722126,5.51406090412589,6.10867669802835,4.64275642376627,2.84542553191598,7.427753327324431,4.67175799544653,11.5945968624002,2.81863650464155,LSOAs never ranked in top 50 most deprived,1684,1669,1503,1545,1468,UN1,Urban: Nearer to a major town or city,Urban,-358,-179
W01001124,St Augustines 2,Vale of Glamorgan,1588,1392,1350,1427,1702,1878,612,1108,1134,8.14828630048081,7.264761678252661,7.957226967484101,6.70321863063254,2.71179133211939,0.478655159884881,25.6713810731147,12.4128184040452,11.8905804781145,LSOAs never ranked in top 50 most deprived,1420,1507,1328,1210,1406,UN1,Urban: Nearer to a major town or city,Urban,290,-976
W01001125,St Augustines 3,Vale of Glamorgan,1723,1668,1675,1440,1836,1905,864,1031,693,5.90821065085565,3.16935151898829,3.07440092870822,6.49808852335348,0.99220003951702,0.154472958008197,17.9958410083264,14.0328786696926,22.9146985373268,LSOAs never ranked in top 50 most deprived,1643,1477,1368,1306,1376,UN1,Urban: Nearer to a major town or city,Urban,182,-859
W01001127,St Brides Major 1,Vale of Glamorgan,1657,1828,1800,1887,1814,128,1771,1444,1787,7.18394174502318,1.09133165346827,1.44169618464421,0.370085932665366,1.26584677711153,58.5777527551779,1.81028950974476,6.43533787184727,1.60619761297425,LSOAs never ranked in top 50 most deprived,1650,1623,1655,1644,1534,RLF1,Larger rural: Further from a major town or city,Rural,-1529,114
W01001128,St Brides Major 2,Vale of Glamorgan,1604,1453,1468,1784,1830,322,1367,1619,1717,7.968804381661939,6.2947717493645,6.06238725453122,1.64432714963132,1.06650866519429,39.6691852192056,7.674427208996981,3.8452131188805,2.5127846729859,LSOAs never ranked in top 50 most deprived,1705,1595,1630,1696,1634,RSF1,Smaller rural: Further from a major town or city,Rural,-1282,-237
W01001129,Stanwell 1,Vale of Glamorgan,1198,849,874,992,1127,1249,1167,1109,1243,14.6060298448122,18.3876194065474,17.7383144633006,14.8991279100064,12.0300205825679,9.71311319484083,11.2443721828611,12.3925115242157,9.82176444997588,LSOAs never ranked in top 50 most deprived,993,982,982,1045,1050,UN1,Urban: Nearer to a major town or city,Urban,51,-31
W01001130,Stanwell 2,Vale of Glamorgan,1904,1888,1895,1904,1917,1917,1117,1760,847,2.28174051048435,0.358054259664359,0.27400832003257,0.166398576769003,0.0118457715408025,0.0118457715408025,12.2306987220655,1.95166065814167,18.4403643954711,LSOAs never ranked in top 50 most deprived,1843,1867,1868,1818,1787,UN1,Urban: Nearer to a major town or city,Urban,13,-787
W01001131,Stanwell 3,Vale of Glamorgan,791,622,662,609,1137,707,1080,615,1390,20.9373772441715,25.3126272482033,23.931081852016295,25.7801075613242,11.8310782529684,22.4700077107557,12.9888147173631,25.563166143647,7.29726773457373,LSOAs never ranked in top 50 most deprived,850,777,681,633,568,UN1,Urban: Nearer to a major town or city,Urban,-84,289
W01001132,Sully 1,Vale of Glamorgan,1779,1345,1732,1565,1479,1262,1894,1822,1880,4.80399106584474,8.04106945396384,2.31548515130958,4.61379137521831,5.89345191451641,9.47944827553843,0.285996096032325,1.16596176703063,0.45448433694896107,LSOAs never ranked in top 50 most deprived,1835,1655,1614,1669,1754,UF1,Urban: Further from a major town or city,Urban,-517,115
W01001133,Sully 2,Vale of Glamorgan,1865,1827,1634,1673,1777,1328,1744,1587,1374,3.29795336674731,1.10375320126433,3.63619945440964,3.1014896941000294,1.73354266296509,8.32844194402847,2.1588551333598094,4.29756033697686,7.558983428060871,LSOAs never ranked in top 50 most deprived,1868,1660,1625,1707,1744,UF1,Urban: Further from a major town or city,Urban,-537,-121
W01001134,Sully 3,Vale of Glamorgan,1717,1741,1663,1716,1671,445,1742,1449,1406,6.0819028821454,2.19791275290499,3.23741416381765,2.52599834713437,3.12861040151644,32.6755247162557,2.18488617544616,6.35713954651361,7.03849661437819,LSOAs never ranked in top 50 most deprived,1727,1645,1633,1576,1462,UN1,Urban: Nearer to a major town or city,Urban,-1272,25
W01001135,Wenvoe 1,Vale of Glamorgan,1672,1791,1743,1885,1642,277,1833,1201,1169,6.79930302642581,1.55545636077368,2.17186697171214,0.39416817703550894,3.52549732194833,42.8725374686119,1.02932434273908,10.5970433761167,11.2057854914306,LSOAs never ranked in top 50 most deprived,1644,1664,1667,1580,1256,RSN1,Smaller rural: Nearer to a major town or city,Rural,-1395,161
W01001136,Wenvoe 2,Vale of Glamorgan,1210,984,676,1494,1157,483,1703,1433,1327,14.5411824863794,15.0809252756635,23.466500804107,5.66506716312915,11.4382826980189,30.8840804820981,2.69847051724183,6.60831581168845,8.34545854747957,LSOAs never ranked in top 50 most deprived,1692,1689,1755,1658,1681,UN1,Urban: Nearer to a major town or city,Urban,-727,493
W01001137,Aberaman North 1,Rhondda Cynon Taf,542,505,447,576,530,941,1216,528,364,27.0202928051712,29.9073281353078,32.5776774489768,27.0113031486456,28.8455119090077,16.0834951054554,10.3171485690894,28.9286764209639,37.0350256647686,LSOAs never ranked in top 50 most deprived,444,472,327,355,371,UF1,Urban: Further from a major town or city,Urban,399,674
W01001138,Aberaman North 2,Rhondda Cynon Taf,363,303,243,371,367,1801,745,333,1043,33.488673497148,40.9677253706744,45.6281761294676,36.6239031076496,36.8579296788392,1.42909082783773,21.3046133100029,38.9496021115052,13.7727736452391,LSOAs never ranked in top 50 most deprived,243,322,440,365,347,UF1,Urban: Further from a major town or city,Urban,1438,382
W01001139,Aberaman North 3,Rhondda Cynon Taf,831,771,599,832,613,1813,573,1076,863,20.2868908088332,20.5399554523121,26.1462866970798,18.8398551620865,25.6352528280954,1.27836295903722,27.126568279074,13.0722902058456,18.021752966991695,LSOAs never ranked in top 50 most deprived,841,683,587,726,508,UF1,Urban: Further from a major town or city,Urban,982,-258
W01001140,Aberaman South 1,Rhondda Cynon Taf,498,511,367,635,454,721,889,552,752,28.3535443986463,29.647985947346,36.8579296788392,24.8544596123281,32.2384533751392,22.0337518796172,17.3573517513344,27.9500155661972,21.0962303240394,LSOAs never ranked in top 50 most deprived,413,398,356,376,374,UF1,Urban: Further from a major town or city,Urban,223,391
W01001141,Aberaman South 2,Rhondda Cynon Taf,314,364,339,351,172,1225,710,472,316,35.5185007922283,37.0350256647686,38.5663888674288,37.818601005911,52.7344798362068,10.1508321741438,22.375825203411505,31.3884653978513,40.0713857784766,LSOAs never ranked in top 50 most deprived,288,253,191,149,126,UF1,Urban: Further from a major town or city,Urban,911,396
W01001142,Aberaman South 3,Rhondda Cynon Taf,500,431,348,625,500,1671,943,563,255,28.3038020801296,33.3723650014289,38.0032810529464,25.2060832851683,30.125703080725305,3.12861040151644,16.0358820119611,27.5150115371531,44.6174729412671,LSOAs never ranked in top 50 most deprived,245,208,144,173,96,UF1,Urban: Further from a major town or city,Urban,1171,443
W01001143,Abercynon 1,Rhondda Cynon Taf,971,1048,962,869,781,973,506,1286,495,17.830491797853,13.6652587462547,15.5884067692259,17.8667173033409,20.2524952405081,15.3332663906928,29.8639008533188,9.05420620453297,30.346171291299,LSOAs never ranked in top 50 most deprived,992,900,873,824,666,UN1,Urban: Nearer to a major town or city,Urban,2,-465
W01001144,Abercynon 2,Rhondda Cynon Taf,98,143,77,157,46,623,240,413,1273,53.72137509115,56.4147923140819,67.9699857156566,54.5645079112566,76.3901675473683,25.2770577269403,45.8879473662721,34.3004899781357,9.28356922070674,LSOAs often in the top 50 most deprived,33,37,30,43,39,UN1,Urban: Nearer to a major town or city,Urban,525,142
W01001145,Abercynon 3,Rhondda Cynon Taf,397,488,500,340,284,929,362,758,788,31.5032197802751,30.658420845487,30.125703080725305,38.5031361804481,42.3439888513391,16.3712622991178,37.1538517812199,20.9191068011931,20.053389631739705,LSOAs never ranked in top 50 most deprived,506,463,309,352,399,UN1,Urban: Nearer to a major town or city,Urban,532,-35
W01001146,Abercynon 4,Rhondda Cynon Taf,1018,1049,995,976,906,912,649,1012,302,17.2745240386911,13.643815945353,14.8313226661017,15.2641710664011,16.9330873029528,16.7851960284496,24.3710462634956,14.4508235694722,41.0381434017266,LSOAs never ranked in top 50 most deprived,1069,1178,1072,1037,915,UN1,Urban: Nearer to a major town or city,Urban,-106,-369
W01001147,Aberdare East 1,Rhondda Cynon Taf,1102,1077,985,977,776,545,1470,1112,680,16.1738360144885,13.0513929137336,15.0581218652982,15.2411853419661,20.3957762549126,28.2311822787271,6.03157930099288,12.3316982382375,23.3354689310173,LSOAs never ranked in top 50 most deprived,923,1025,1133,1123,1010,UF1,Urban: Further from a major town or city,Urban,-557,368
W01001148,Aberdare East 2,Rhondda Cynon Taf,668,581,669,824,487,1810,920,253,356,23.5363621848174,26.8204690556212,23.6976183287089,19.055788486218,30.7033759993631,1.31595242325068,16.5894753905145,44.7828692046402,37.5140585258403,LSOAs never ranked in top 50 most deprived,586,686,672,703,657,UF1,Urban: Further from a major town or city,Urban,1142,252
W01001149,Aberdare East 3,Rhondda Cynon Taf,782,616,458,779,1046,1222,862,593,1675,21.1080236595174,25.5272073501539,32.0468339619845,20.3097005807366,13.7082044144994,10.2061374513068,18.0476941511772,26.3688255954843,3.07440092870822,LSOAs never ranked in top 50 most deprived,736,717,864,960,883,UF1,Urban: Further from a major town or city,Urban,440,80
W01001150,Aberdare East 4,Rhondda Cynon Taf,299,515,372,149,342,1607,460,65,388,36.114904771735,29.4767016366035,36.5657666493048,55.603521574478,38.3771502834814,4.01380249695598,31.9516196122874,70.8754061804421,35.6550296427717,LSOAs never ranked in top 50 most deprived,273,272,249,252,199,UF1,Urban: Further from a major town or city,Urban,1308,161
W01001151,Aberdare West and Llwydcoed 1,Rhondda Cynon Taf,1423,1356,980,949,1104,1250,1753,940,1567,11.0841559272812,7.85701776021684,15.172365676842,15.8936312832385,12.4942256906992,9.6950544485152,2.04207866073256,16.1073386653515,4.58486275792752,LSOAs never ranked in top 50 most deprived,1366,1310,1215,1171,938,UF1,Urban: Further from a major town or city,Urban,-173,330
W01001152,Aberdare West and Llwydcoed 2,Rhondda Cynon Taf,1261,1172,1042,1143,1220,328,1716,1490,1065,13.5085328428208,11.1480265638227,13.7943370670611,11.71253362724,10.2430816555367,39.2738972266085,2.52599834713437,5.72574836504909,13.3034223470218,LSOAs never ranked in top 50 most deprived,1166,706,786,595,925,UF1,Urban: Further from a major town or city,Urban,-933,455
W01001153,Aberdare West and Llwydcoed 3,Rhondda Cynon Taf,526,382,429,416,604,1833,1000,332,923,27.5734206379406,35.9923440910935,33.4736597215886,34.1431782076104,25.962468402336,1.02932434273908,14.7187562513825,39.014096366433,16.5165074178743,LSOAs never ranked in top 50 most deprived,432,520,549,521,426,UF1,Urban: Further from a major town or city,Urban,1307,474
W01001154,Aberdare West and Llwydcoed 4,Rhondda Cynon Taf,439,514,280,423,580,541,1351,257,1301,30.0666692544954,29.5194032772626,42.6445277405534,33.7802483917221,26.858509414305505,28.3934057862217,7.940495083874139,44.453257578917,8.79236787018381,LSOAs never ranked in top 50 most deprived,451,430,535,611,440,UF1,Urban: Further from a major town or city,Urban,102,912
W01001155,Aberdare West and Llwydcoed 5,Rhondda Cynon Taf,732,674,618,532,622,1470,846,1062,603,22.3598292228551,23.532297743117095,25.4554579816815,28.7626470242333,25.3126272482033,6.03157930099288,18.4667823186372,13.3668635958731,25.9991147215854,LSOAs never ranked in top 50 most deprived,576,757,657,775,505,UF1,Urban: Further from a major town or city,Urban,738,114
W01001156,Aberdare West and Llwydcoed 6,Rhondda Cynon Taf,1899,1865,1654,1660,1740,1339,1908,1866,1896,2.4825841708281,0.636387717665115,3.36043680267586,3.27834863975104,2.2109467124459,8.14208554780427,0.118733157869366,0.624215965358298,0.262026788898669,LSOAs never ranked in top 50 most deprived,1886,1791,1839,1863,1783,UF1,Urban: Further from a major town or city,Urban,-560,9
W01001157,Beddau 1,Rhondda Cynon Taf,1527,1547,1349,1015,976,1598,1582,1649,676,9.11420183274435,4.8757994359463,7.97397103195276,14.3843252638386,15.2641710664011,4.14106048118708,4.36905019206702,3.42906811927115,23.466500804107,LSOAs never ranked in top 50 most deprived,1460,1291,1342,1512,1549,UN1,Urban: Nearer to a major town or city,Urban,71,55
W01001158,Beddau 2,Rhondda Cynon Taf,499,561,539,429,404,790,834,162,1499,28.3224849024675,27.5934936819906,28.4749486401806,33.4736597215886,34.7789859280729,19.9968174672526,18.7861871116449,53.9381796839335,5.5894401050987,LSOAs never ranked in top 50 most deprived,658,648,691,873,752,UN1,Urban: Nearer to a major town or city,Urban,291,335
W01001159,Beddau 3,Rhondda Cynon Taf,1712,1586,1381,1502,1520,1331,1912,1766,660,6.13526976261491,4.31184054235171,7.44411620080828,5.54418294566162,5.27449429953024,8.27746754216379,0.0711663169787136,1.87444142206829,23.998223310090495,LSOAs never ranked in top 50 most deprived,1753,1695,1697,1745,1640,UN1,Urban: Nearer to a major town or city,Urban,-381,200
W01001160,Brynna 1,Rhondda Cynon Taf,1544,1563,1435,1285,1017,709,1455,1735,1503,8.89985279862965,4.64275642376627,6.57676835943883,9.07176853635428,14.3400996326493,22.4071765401366,6.263651156064,2.27622753488393,5.52911699371266,LSOAs never ranked in top 50 most deprived,1602,1586,1438,1615,1623,RLN1,Larger rural: Nearer to a major town or city,Rural,-835,-89
W01001162,Church Village 1,Rhondda Cynon Taf,891,676,675,647,963,1386,1408,423,1313,19.1926187625682,23.466500804107,23.4993757451571,24.4394863568481,15.5650948808948,7.362417995801901,7.00635397737562,33.7802483917221,8.5850224530122,LSOAs never ranked in top 50 most deprived,501,338,292,316,328,UN1,Urban: Nearer to a major town or city,Urban,495,517
W01001164,Cilfynydd 1,Rhondda Cynon Taf,938,1022,945,1032,675,1436,304,1078,411,18.4285310928714,14.2299061774188,15.988367280387,14.0110905482459,23.4993757451571,6.56101084525749,40.8975222773377,13.0305145912057,34.4059654431317,LSOAs never ranked in top 50 most deprived,813,789,734,892,753,UN1,Urban: Nearer to a major town or city,Urban,498,-634
W01001165,Cilfynydd 2,Rhondda Cynon Taf,810,889,777,733,717,708,931,801,447,20.570250860926,17.3573517513344,20.3670485562759,21.6662933513714,22.1575543345572,22.4385706702572,16.323050374395,19.6881336332693,32.5776774489768,LSOAs never ranked in top 50 most deprived,737,775,887,745,827,UN1,Urban: Nearer to a major town or city,Urban,-102,121
W01001166,Cwm Clydach 1,Rhondda Cynon Taf,224,481,312,447,20,493,401,628,968,40.1718490074289,30.9749679312151,40.3434807781602,32.5776774489768,87.045728040902,30.4349537266765,34.9407226002032,25.1000305957824,15.4488885476342,LSOAs never ranked in top 50 most deprived,191,184,181,212,179,UF1,Urban: Further from a major town or city,Urban,269,177
W01001167,Cwm Clydach 2,Rhondda Cynon Taf,618,720,655,601,244,1548,513,1145,710,24.8235709183616,22.0646400750381,24.1669394897914,26.0725829943683,45.5422336426806,4.86116486524089,29.5621843449785,11.6731541404338,22.375825203411505,LSOAs never ranked in top 50 most deprived,551,459,480,536,294,UF1,Urban: Further from a major town or city,Urban,930,-105
W01001168,Cwmbach 1,Rhondda Cynon Taf,817,641,548,911,493,1773,1227,592,1542,20.4830336984799,24.646037112484095,28.110261139583,16.8097786303928,30.4349537266765,1.7846787624585,10.1140357324734,26.4061256543757,4.94911229271788,LSOAs never ranked in top 50 most deprived,695,667,673,707,837,UF1,Urban: Further from a major town or city,Urban,956,410
W01001169,Cwmbach 2,Rhondda Cynon Taf,304,288,175,378,388,524,1577,312,1386,35.8467349944468,42.0473264765957,52.3853202108301,36.2200004563807,35.6550296427717,29.095913048907505,4.4407629488411,40.3434807781602,7.362417995801901,LSOAs sometimes in the top 50 most deprived,220,81,69,54,44,UF1,Urban: Further from a major town or city,Urban,220,1273
W01001170,Cwmbach 3,Rhondda Cynon Taf,1691,1780,1443,1351,1018,1609,1717,1213,1229,6.5059772275454,1.69526506032076,6.4510094918429,7.940495083874139,14.3180186660081,3.98561831106824,2.5127846729859,10.3728557027694,10.0772980653991,LSOAs never ranked in top 50 most deprived,1537,1612,1528,1413,1466,UF1,Urban: Further from a major town or city,Urban,-82,26
W01001171,Cymer (Rhondda Cynon Taf) 1,Rhondda Cynon Taf,639,898,784,612,415,480,1038,684,284,24.069240381832,17.1317666496571,20.1669531245814,25.6713810731147,34.1954960047694,31.0205466940788,13.880793490484299,23.2051793247566,42.3439888513391,LSOAs never ranked in top 50 most deprived,742,571,859,728,577,UN1,Urban: Nearer to a major town or city,Urban,-159,399
W01001172,Cymer (Rhondda Cynon Taf) 2,Rhondda Cynon Taf,948,1004,859,802,716,966,689,905,880,18.2495684257723,14.6290981082827,18.1256937179753,19.6602758162341,22.1886093532181,15.4953006495433,23.0433484037795,16.9578285669926,17.5851713365055,LSOAs never ranked in top 50 most deprived,853,792,831,853,768,UN1,Urban: Nearer to a major town or city,Urban,18,-259
W01001173,Cymer (Rhondda Cynon Taf) 3,Rhondda Cynon Taf,201,267,217,242,81,464,1017,345,1405,42.1766329731479,43.6493204342963,47.9834404914399,45.7144409563591,67.0777192700641,31.7623653082104,14.3400996326493,38.1894560124386,7.05458479341089,LSOAs never ranked in top 50 most deprived,96,94,86,108,118,UN1,Urban: Nearer to a major town or city,Urban,263,816
W01001174,Cymer (Rhondda Cynon Taf) 4,Rhondda Cynon Taf,116,137,120,79,85,369,1207,440,1351,50.6196808761279,57.2557282737189,59.8202812764146,67.5195259195412,66.2187787521445,36.7406187399848,10.484676387737,32.9219796861378,7.940495083874139,LSOAs never ranked in top 50 most deprived,83,71,70,95,78,UN1,Urban: Nearer to a major town or city,Urban,253,1091
W01001175,Ferndale 1,Rhondda Cynon Taf,1115,892,794,1005,840,1902,878,791,903,16.0325541500374,17.2819106113586,19.8840888794969,14.6067380762028,18.625930266217,0.190268380821594,17.636105830763,19.9685834801836,17.0073910815665,LSOAs never ranked in top 50 most deprived,680,697,698,608,618,UF1,Urban: Further from a major town or city,Urban,787,-237
W01001176,Ferndale 2,Rhondda Cynon Taf,654,625,564,971,479,1536,515,764,384,23.6844770103318,25.2060832851683,27.4758706625832,15.3794455283014,31.066215959085305,5.03739730494301,29.4767016366035,20.7433368930437,35.8793553824041,LSOAs never ranked in top 50 most deprived,652,540,665,756,549,UF1,Urban: Further from a major town or city,Urban,882,-139
W01001177,Ferndale 3,Rhondda Cynon Taf,695,885,541,655,438,1043,625,1244,699,23.039695739465,17.4583264112032,28.3934057862217,24.1669394897914,33.021305903343,13.7727736452391,25.2060832851683,9.80362022662144,22.7230630059823,LSOAs never ranked in top 50 most deprived,471,393,428,462,416,UF1,Urban: Further from a major town or city,Urban,348,-70
W01001178,Gilfach-goch 1,Rhondda Cynon Taf,709,760,597,714,467,568,1029,1115,1153,22.786205796567305,20.8603674538182,26.2202273434475,22.2508454674838,31.6214395812399,27.3199698734857,14.0765169308124,12.271045322054,11.5163069863456,LSOAs never ranked in top 50 most deprived,823,586,448,439,339,UF1,Urban: Further from a major town or city,Urban,-141,320
W01001179,Gilfach-goch 2,Rhondda Cynon Taf,190,218,171,289,54,454,1265,598,1643,43.305554482528,47.8882500113902,52.8520542938503,41.9737549349954,73.9053309675503,32.2384533751392,9.42586106049934,26.1832273071287,3.51169694460876,LSOAs never ranked in top 50 most deprived,175,75,98,117,87,UF1,Urban: Further from a major town or city,Urban,264,1075
W01001180,Glyn-coch 1,Rhondda Cynon Taf,34,101,49,6,9,661,451,244,1331,64.4466230325747,63.0718327251101,75.4266240198199,95.8250976903073,93.6413746078224,23.9646280811958,32.3832229231496,45.5422336426806,8.27746754216379,LSOAs often in the top 50 most deprived,51,28,39,30,43,UN1,Urban: Nearer to a major town or city,Urban,627,417
W01001181,Glyn-coch 2,Rhondda Cynon Taf,423,599,540,316,161,471,1337,536,1584,30.5446375311248,26.1462866970798,28.4341410760623,40.0713857784766,54.0620882804771,31.4348718274628,8.17585641203039,28.5978075542744,4.34042757947471,LSOAs never ranked in top 50 most deprived,463,460,376,360,330,UN1,Urban: Nearer to a major town or city,Urban,48,914
W01001184,Hawthorn 1,Rhondda Cynon Taf,1237,1206,1168,1063,1056,1162,1184,1374,113,13.989799674978,10.5033661375025,11.225070745121,13.3456970635279,13.4942734922363,11.3411230862198,10.91843049278,7.558983428060871,60.9654380577152,LSOAs never ranked in top 50 most deprived,1130,981,845,802,789,UN1,Urban: Nearer to a major town or city,Urban,-75,-53
W01001185,Hawthorn 2,Rhondda Cynon Taf,469,660,505,329,272,1556,547,514,518,29.149857129699505,23.998223310090495,29.9073281353078,39.2086713724364,43.2576498041656,4.74442231942631,28.1504975899782,29.5194032772626,29.3490703413121,LSOAs never ranked in top 50 most deprived,390,396,358,354,381,UN1,Urban: Nearer to a major town or city,Urban,1087,78
W01001186,Hirwaun 1,Rhondda Cynon Taf,1154,988,749,813,826,1093,1733,1412,1342,15.3293214175811,14.9898469722039,21.185306237659095,19.3560463120093,19.0016148014497,12.7195929263557,2.30239183253676,6.94220314888323,8.09152204304159,LSOAs never ranked in top 50 most deprived,996,889,981,974,592,UF1,Urban: Further from a major town or city,Urban,-61,579
W01001187,Hirwaun 2,Rhondda Cynon Taf,966,1106,645,618,569,1453,1339,1048,1143,17.9102285521018,12.4534860302914,24.5081307123561,25.4554579816815,27.2811592342906,6.2947717493645,8.14208554780427,13.6652587462547,11.71253362724,LSOAs never ranked in top 50 most deprived,691,776,876,1052,981,UF1,Urban: Further from a major town or city,Urban,487,373
W01001188,Hirwaun 3,Rhondda Cynon Taf,220,219,82,297,222,1762,1482,270,997,40.3760298501016,47.7934518745139,66.859958217564,41.3935042589961,47.5113795103644,1.9258920961997399,5.84759317920274,43.4135185948375,14.7862299681048,LSOAs never ranked in top 50 most deprived,176,180,152,185,351,UF1,Urban: Further from a major town or city,Urban,1542,1262
W01001189,Llanharan 1,Rhondda Cynon Taf,771,570,558,698,762,1473,1192,749,856,21.3981623620132,27.2424139746021,27.7117213241246,22.7548915842265,20.801777737901695,5.98544460749622,10.7666299333993,21.185306237659095,18.2039587039418,LSOAs never ranked in top 50 most deprived,657,611,555,748,615,RLN1,Larger rural: Nearer to a major town or city,Rural,702,421
W01001190,Llanharan 2,Rhondda Cynon Taf,1589,1612,1651,1481,1650,978,1785,1581,81,8.14716551623686,3.94340668328068,3.40159101249514,5.86286926702484,3.41532546266928,15.2182225660566,1.63161027929994,4.38337486685589,67.0777192700641,LSOAs never ranked in top 50 most deprived,1609,1473,1381,1435,1323,RLN1,Larger rural: Nearer to a major town or city,Rural,-611,196
W01001192,Llanharry 2,Rhondda Cynon Taf,242,254,272,73,250,1520,851,1130,723,38.999637182342,44.7000223997743,43.2576498041656,68.8982688558412,45.0332153132561,5.27449429953024,18.3349950989166,11.9701569931987,21.9720996562206,LSOAs never ranked in top 50 most deprived,257,210,291,261,481,RLN1,Larger rural: Nearer to a major town or city,Rural,1278,609
W01001193,Llantrisant Town 1,Rhondda Cynon Taf,1869,1757,1756,1740,1811,1389,1736,1711,966,3.19206998656589,1.99036771401793,2.00328455523517,2.2109467124459,1.30341577467567,7.313538006868619,2.26315653907452,2.59218082865381,15.4953006495433,LSOAs never ranked in top 50 most deprived,1744,1768,1804,1739,1779,UN1,Urban: Nearer to a major town or city,Urban,-480,-133
W01001194,Llantrisant Town 2,Rhondda Cynon Taf,1761,1835,1817,1623,1592,898,1895,1848,416,5.11395848866228,1.00456815041415,1.22833904598966,3.78929015808468,4.22629200219173,17.1317666496571,0.27400832003257,0.8442991640904172,34.1431782076104,LSOAs never ranked in top 50 most deprived,1812,1821,1761,1673,1557,UN1,Urban: Nearer to a major town or city,Urban,-863,134
W01001195,Llantrisant Town 3,Rhondda Cynon Taf,1118,867,885,844,1094,694,1264,1539,1136,15.9699092068215,17.9182798287869,17.4583264112032,18.5197093709096,12.6990135004679,22.8826481945157,9.44370959669208,4.99321243883806,11.8508952290006,LSOAs never ranked in top 50 most deprived,1139,990,1108,1140,932,UN1,Urban: Nearer to a major town or city,Urban,-424,146
W01001196,Llantwit Fardre 1,Rhondda Cynon Taf,1820,1769,1687,1497,1718,1088,1870,1712,1279,4.10119930871005,1.83592880666676,2.91253492881509,5.61966109424539,2.4995785858347,12.8227671692873,0.575593267767309,2.57892908837866,9.17742507759905,LSOAs never ranked in top 50 most deprived,1736,1641,1648,1586,1621,UN1,Urban: Nearer to a major town or city,Urban,-732,50
W01001197,Llantwit Fardre 2,Rhondda Cynon Taf,1846,1913,1893,1890,1798,620,1789,1892,1111,3.64187659088465,0.0592899618307506,0.297990123411071,0.334009779105695,1.46692764264507,25.3839317421943,1.58081299407966,0.309990408692142,12.3519514728459,LSOAs never ranked in top 50 most deprived,1879,1789,1645,1542,1420,RSN1,Smaller rural: Nearer to a major town or city,Rural,-1226,-57
W01001198,Llantwit Fardre 3,Rhondda Cynon Taf,1790,1743,1597,1478,1540,1321,1844,1779,1023,4.61315787341354,2.17186697171214,4.15524381913421,5.90875850122173,4.97850299285104,8.44782340412111,0.8934938567954461,1.70801718437217,14.2079306977063,LSOAs never ranked in top 50 most deprived,1712,1600,1534,1339,1221,UN1,Urban: Nearer to a major town or city,Urban,-469,54
W01001199,Llantwit Fardre 4,Rhondda Cynon Taf,1732,1596,1430,1479,1402,1423,1726,1681,1244,5.65884172507463,4.16943590887313,6.65571827258085,5.89345191451641,7.10291696165361,6.76670542654304,2.39420197875589,2.9933255344798506,9.80362022662144,LSOAs never ranked in top 50 most deprived,1670,1535,1478,1519,1472,UN1,Urban: Nearer to a major town or city,Urban,-309,-6
W01001202,Maerdy 1,Rhondda Cynon Taf,167,238,107,197,84,1705,840,204,540,45.1573709499542,46.0627726217234,61.9945302349517,49.9749820772766,66.4305253908396,2.6718520100532,18.625930266217,49.258161622155,28.4341410760623,LSOAs never ranked in top 50 most deprived,120,97,107,114,123,UF1,Urban: Further from a major town or city,Urban,1538,673
W01001203,Maerdy 2,Rhondda Cynon Taf,50,42,17,53,113,504,1012,206,1186,61.7940574279471,77.7410909205496,88.6653116596723,74.2016460757048,60.9654380577152,29.9508375693413,14.4508235694722,49.0573931946691,10.8803863227155,LSOAs often in the top 50 most deprived,52,60,31,33,48,UF1,Urban: Further from a major town or city,Urban,454,962
W01001204,Mountain Ash East 1,Rhondda Cynon Taf,1340,1225,1031,1052,935,1181,1342,1344,986,12.3289291780929,10.1508321741438,14.0328786696926,13.5796072285402,16.2269286511038,10.975614999948199,8.09152204304159,8.05787468972892,15.0353410410427,LSOAs never ranked in top 50 most deprived,1015,1038,898,1042,672,UF1,Urban: Further from a major town or city,Urban,-159,2
W01001205,Mountain Ash East 2,Rhondda Cynon Taf,521,633,452,392,728,386,1334,393,637,27.6450866454779,24.9243556120482,32.3348650889989,35.4328707014038,21.8186882602783,35.7669190243379,8.22660586398095,35.3776646435964,24.7847753801216,LSOAs never ranked in top 50 most deprived,468,559,414,388,348,UF1,Urban: Further from a major town or city,Urban,-135,813
W01001206,Mountain Ash West 1,Rhondda Cynon Taf,522,509,395,292,401,1779,973,680,1658,27.63275416547,29.7341088318915,35.2676484719636,41.7544418856589,34.9407226002032,1.70801718437217,15.3332663906928,23.3354689310173,3.30567882066851,LSOAs never ranked in top 50 most deprived,474,366,344,362,293,UF1,Urban: Further from a major town or city,Urban,1257,451
W01001207,Mountain Ash West 2,Rhondda Cynon Taf,94,56,48,224,110,507,1473,147,1112,53.91597580183,73.3239130760878,75.743341186437,47.3252349738796,61.4742290246894,29.8205554137292,5.98544460749622,55.8707782061083,12.3316982382375,LSOAs never ranked in top 50 most deprived,136,96,108,115,64,UF1,Urban: Further from a major town or city,Urban,413,1379
W01001208,Mountain Ash West 3,Rhondda Cynon Taf,535,628,362,476,576,1669,457,439,849,27.1869748689477,25.1000305957824,37.1538517812199,31.2037703789577,27.0113031486456,3.15576312637597,32.0945893574396,32.9715891768613,18.3876194065474,LSOAs never ranked in top 50 most deprived,359,421,382,320,256,UF1,Urban: Further from a major town or city,Urban,1134,-78
W01001209,Penrhiw-ceiber 1,Rhondda Cynon Taf,60,85,57,58,25,546,967,308,1381,58.5448297777917,66.2187787521445,73.0386244617208,72.7568312135891,84.5766677674738,28.1908045538328,15.4720828916168,40.6188332964369,7.44411620080828,LSOAs often in the top 50 most deprived,6,15,5,10,4,UF1,Urban: Further from a major town or city,Urban,486,907
W01001210,Penrhiw-ceiber 2,Rhondda Cynon Taf,343,356,375,205,191,1835,527,824,1052,34.3298111517253,37.5140585258403,36.3922338075472,49.1575583440995,50.6076979122489,1.00456815041415,28.9703717157988,19.055788486218,13.5796072285402,LSOAs never ranked in top 50 most deprived,275,258,205,251,258,UF1,Urban: Further from a major town or city,Urban,1492,184
W01001211,Penrhiw-ceiber 3,Rhondda Cynon Taf,411,404,441,448,271,1261,427,927,781,30.9772956323161,34.7789859280729,32.8724769695668,32.5289094731631,43.3354521612765,9.49733846133702,33.5754025298363,16.4195754965838,20.2524952405081,LSOAs never ranked in top 50 most deprived,429,456,432,409,322,UF1,Urban: Further from a major town or city,Urban,850,16
W01001212,Penrhiw-ceiber 4,Rhondda Cynon Taf,261,266,253,327,173,819,869,621,627,37.8955439629786,43.7284613469552,44.7828692046402,39.3393085814048,52.6175033557826,19.1917835895332,17.8667173033409,25.348251862976895,25.1353271859448,LSOAs never ranked in top 50 most deprived,356,297,225,211,211,UF1,Urban: Further from a major town or city,Urban,558,608
W01001214,Pentre 2,Rhondda Cynon Taf,1522,1506,1451,1272,1221,1892,945,1604,251,9.21853501476219,5.48397826044981,6.3259345080427,9.30130763351901,10.2246021356279,0.309990408692142,15.988367280387,4.05614363843974,44.9494634762579,LSOAs never ranked in top 50 most deprived,1451,1424,1601,1442,1192,UF1,Urban: Further from a major town or city,Urban,370,-577
W01001216,Pentre 4,Rhondda Cynon Taf,598,779,612,681,275,1373,866,997,114,25.273188251813,20.3097005807366,25.6713810731147,23.3028272710172,43.0258094753443,7.57543996283443,17.944104504669,14.7862299681048,60.7983118423662,LSOAs never ranked in top 50 most deprived,493,523,387,256,216,UF1,Urban: Further from a major town or city,Urban,775,268
W01001217,Pen-y-graig 1,Rhondda Cynon Taf,187,221,110,220,143,1393,723,175,1288,43.593441162614,47.6050197860128,61.4742290246894,47.6990428598684,56.4147923140819,7.2485258617620705,21.9720996562206,52.3853202108301,9.01912172048089,LSOAs never ranked in top 50 most deprived,262,270,247,265,220,UF1,Urban: Further from a major town or city,Urban,1206,536
W01001218,Pen-y-graig 2,Rhondda Cynon Taf,669,741,659,846,430,1875,473,742,174,23.5360747970368,21.424542488058705,24.0318676820537,18.4667823186372,33.4229565973129,0.514959088465857,31.3421524126318,21.394501516221695,52.5011188007851,LSOAs never ranked in top 50 most deprived,698,638,457,407,411,UF1,Urban: Further from a major town or city,Urban,1206,-196
W01001219,Pen-y-graig 3,Rhondda Cynon Taf,206,235,161,114,264,1681,839,571,265,41.7971232269454,46.3275276621096,54.0620882804771,60.7983118423662,43.8875648374803,2.9933255344798506,18.6525623174232,27.2037338745168,43.8078755168361,LSOAs never ranked in top 50 most deprived,110,109,121,119,120,UF1,Urban: Further from a major town or city,Urban,1475,633
W01001220,Pen-y-graig 4,Rhondda Cynon Taf,555,754,631,496,252,1380,586,530,436,26.6947558780038,21.0370374611813,24.9944646703117,30.3019082598622,44.8660155057172,7.460490723607631,26.6312053182129,28.8455119090077,33.1210629250296,LSOAs never ranked in top 50 most deprived,730,620,455,468,522,UF1,Urban: Further from a major town or city,Urban,825,31
W01001221,Pen-y-waun 1,Rhondda Cynon Taf,64,138,67,96,11,291,754,221,1311,58.0477035918473,57.1134197081889,70.3649611810893,64.0098107348773,92.2928508046826,41.8273141236828,21.0370374611813,47.6050197860128,8.61945047530935,LSOAs never ranked in top 50 most deprived,101,92,157,120,103,UF1,Urban: Further from a major town or city,Urban,227,690
W01001222,Pen-y-waun 2,Rhondda Cynon Taf,14,20,7,20,10,401,1049,247,1771,71.3125608828432,87.045728040902,95.073915980509,87.045728040902,92.9572308799948,34.9407226002032,13.643815945353,45.2863163563805,1.81028950974476,LSOAs in Deep-rooted deprivation,15,9,15,12,19,UF1,Urban: Further from a major town or city,Urban,387,1035
W01001223,Pontyclun 1,Rhondda Cynon Taf,1724,1830,1593,1581,1799,776,1875,1700,404,5.8999503256073,1.06650866519429,4.21206479701297,4.38337486685589,1.45430845371833,20.3957762549126,0.514959088465857,2.73845612912346,34.7789859280729,LSOAs never ranked in top 50 most deprived,1755,1750,1747,1743,1624,UN1,Urban: Nearer to a major town or city,Urban,-948,151
W01001224,Pontyclun 2,Rhondda Cynon Taf,1879,1915,1912,1911,1891,859,1913,1914,744,2.96659570467947,0.0355556332575515,0.0711663169787136,0.0830488078086016,0.321996958409088,18.1256937179753,0.0592899618307506,0.0474197360314985,21.334537029092495,LSOAs never ranked in top 50 most deprived,1904,1844,1740,1600,1439,UN1,Urban: Nearer to a major town or city,Urban,-1020,34
W01001225,Pontyclun 3,Rhondda Cynon Taf,1798,1891,1888,1762,1832,598,1595,1835,881,4.50023950163461,0.321996958409088,0.358054259664359,1.9258920961997399,1.04171243850744,26.1832273071287,4.18363676121106,1.00456815041415,17.5597463257632,LSOAs never ranked in top 50 most deprived,1884,1785,1726,1641,1600,UN1,Urban: Nearer to a major town or city,Urban,-1200,-203
W01001226,Pontyclun 4,Rhondda Cynon Taf,1247,1046,970,624,1290,1370,1472,1383,799,13.8006519201992,13.7082044144994,15.4025699129392,25.2415431290468,8.98409067323127,7.62488033337581,6.0008125587809,7.41140208659252,19.743950697092295,LSOAs never ranked in top 50 most deprived,1171,1024,950,1033,1091,UN1,Urban: Nearer to a major town or city,Urban,123,225
W01001227,Pontypridd Town 1,Rhondda Cynon Taf,1584,1696,1359,1601,1355,584,1462,1730,813,8.20224425532337,2.79187864333048,7.8070764088306,4.09856287032381,7.8736890044073,26.7067240252325,6.15505949084693,2.34169417118009,19.3560463120093,LSOAs never ranked in top 50 most deprived,1485,1605,1644,1515,1355,UN1,Urban: Nearer to a major town or city,Urban,-1000,-122
W01001228,Pontypridd Town 2,Rhondda Cynon Taf,1174,1270,1014,1099,1427,814,1002,365,268,15.0441279032282,9.33682555344581,14.4064700101462,12.5963916721678,6.70321863063254,19.3285875941208,14.6738834919112,36.9758420280645,43.5704509047974,LSOAs never ranked in top 50 most deprived,994,1202,1356,1328,1402,UN1,Urban: Nearer to a major town or city,Urban,-360,-172
W01001229,Porth 1,Rhondda Cynon Taf,935,1042,868,910,862,1539,569,509,230,18.4452009693058,13.7943370670611,17.8924841166429,16.8343875345513,18.0476941511772,4.99321243883806,27.2811592342906,29.7341088318915,46.775673266236,LSOAs never ranked in top 50 most deprived,752,794,835,711,600,UN1,Urban: Nearer to a major town or city,Urban,604,-366
W01001230,Porth 2,Rhondda Cynon Taf,1462,1555,1312,930,1255,1422,743,1204,1154,10.2671337587353,4.75898277326274,8.60223002237486,16.3471437042061,9.60497279241023,6.78260454497317,21.364499730599,10.5407912605816,11.4967760858774,LSOAs never ranked in top 50 most deprived,1280,1166,1172,1280,1227,UN1,Urban: Nearer to a major town or city,Urban,-40,-719
W01001231,Porth 3,Rhondda Cynon Taf,441,605,637,215,409,945,545,566,372,30.0563911258939,25.9258803794626,24.7847753801216,48.1750115662891,34.5119268362533,15.988367280387,28.2311822787271,27.3977881755914,36.5657666493048,LSOAs never ranked in top 50 most deprived,415,482,512,519,503,UN1,Urban: Nearer to a major town or city,Urban,504,104
W01001232,Porth 4,Rhondda Cynon Taf,413,479,250,494,511,766,1338,448,321,30.9665498832944,31.066215959085305,45.0332153132561,30.3905196703142,29.647985947346,20.6850441646259,8.15896478170446,32.5289094731631,39.7357321198931,LSOAs never ranked in top 50 most deprived,539,374,307,286,301,UN1,Urban: Nearer to a major town or city,Urban,353,925
W01001233,Rhigos,Rhondda Cynon Taf,764,1036,627,848,513,174,1346,1440,1434,21.6180074400081,13.9241438787154,25.1353271859448,18.4139767812634,29.5621843449785,52.5011188007851,8.02427648818839,6.49808852335348,6.59253667664155,LSOAs never ranked in top 50 most deprived,707,696,753,697,670,RSF1,Smaller rural: Further from a major town or city,Rural,-590,582
W01001234,Rhondda 1,Rhondda Cynon Taf,1051,1220,1009,1013,1059,416,765,1239,348,16.8750251625412,10.2430816555367,14.5175146946677,14.4286360982988,13.4304803198105,34.1431782076104,20.7141720612192,9.89448481906336,38.0032810529464,LSOAs never ranked in top 50 most deprived,709,746,795,682,479,UN1,Urban: Nearer to a major town or city,Urban,-635,-286
W01001235,Rhondda 2,Rhondda Cynon Taf,433,643,664,342,321,1038,302,595,233,30.2208574761167,24.5769805529271,23.8641358225167,38.3771502834814,39.7357321198931,13.880793490484299,41.0381434017266,26.2944064618458,46.5057394473204,LSOAs never ranked in top 50 most deprived,480,593,544,584,652,UN1,Urban: Nearer to a major town or city,Urban,605,-131
W01001236,Rhondda 3,Rhondda Cynon Taf,1374,1333,1145,1283,1037,1264,816,923,915,11.8010111862216,8.24354726262967,11.6731541404338,9.10693348198552,13.9024584712527,9.44370959669208,19.2737683084634,16.5165074178743,16.7116054751692,LSOAs never ranked in top 50 most deprived,1297,1063,1351,1359,1223,UN1,Urban: Nearer to a major town or city,Urban,-110,-558
W01001237,Rhydfelen Central and Llan 1,Rhondda Cynon Taf,268,337,316,237,86,1334,636,550,1158,37.7195516910874,38.6934185024077,40.0713857784766,46.1506861118912,66.0089637625679,8.22660586398095,24.8195911055164,28.0299987953257,11.4188179131678,LSOAs never ranked in top 50 most deprived,209,250,430,299,274,UN1,Urban: Nearer to a major town or city,Urban,1066,368
W01001238,Rhydfelen Central and Llan 2,Rhondda Cynon Taf,35,66,37,72,8,502,461,196,980,64.1627693632643,70.6187676549488,79.5495972703087,69.1363141117731,94.3464939726561,30.0381041409386,31.9041598421671,50.0792333688997,15.172365676842,LSOAs often in the top 50 most deprived,26,17,47,56,30,UN1,Urban: Nearer to a major town or city,Urban,467,426
W01001239,Rhydfelen Central and Llan 3,Rhondda Cynon Taf,125,180,157,76,44,603,1031,766,1034,48.9252691713487,51.8149142947811,54.5645079112566,68.1985677815391,77.0557122139279,25.9991147215854,14.0328786696926,20.6850441646259,13.9675761280521,LSOAs never ranked in top 50 most deprived,145,185,267,368,336,UN1,Urban: Nearer to a major town or city,Urban,478,906
W01001240,Taffs Well 1,Rhondda Cynon Taf,1286,1527,1173,1146,1163,465,1426,1656,192,13.164279807063,5.17046349396186,11.1288057758357,11.6534896520741,11.3217403190675,31.7152940583482,6.71907390820253,3.33304151582498,50.5010291475884,LSOAs never ranked in top 50 most deprived,1308,1117,1272,1474,1244,UN1,Urban: Nearer to a major town or city,Urban,-821,140
W01001241,Taffs Well 2,Rhondda Cynon Taf,1179,1034,1049,1081,1061,855,1144,1310,306,14.9662436489072,13.9675761280521,13.643815945353,12.9679930975123,13.388049625384,18.2301063273758,11.6928354558815,8.63668383112238,40.7577556832299,LSOAs never ranked in top 50 most deprived,1129,1046,990,835,914,UN1,Urban: Nearer to a major town or city,Urban,-324,-35
W01001242,Talbot Green 1,Rhondda Cynon Taf,1559,1443,1178,1310,1781,1144,1747,1091,516,8.62668146348389,6.4510094918429,11.0329420384266,8.63668383112238,1.68252000264156,11.6928354558815,2.11986372737402,12.7608071014425,29.4340791286202,LSOAs never ranked in top 50 most deprived,1497,1469,1560,1550,1551,UN1,Urban: Nearer to a major town or city,Urban,-415,188
W01001243,Talbot Green 2,Rhondda Cynon Taf,466,490,317,179,1069,1037,1261,775,458,29.2343326817987,30.5687732863481,40.0038620301026,51.9278693917135,13.2191053090711,13.9024584712527,9.49733846133702,20.4245398801956,32.0468339619845,LSOAs never ranked in top 50 most deprived,438,373,372,384,255,UN1,Urban: Nearer to a major town or city,Urban,571,795
W01001244,Ton-teg 1,Rhondda Cynon Taf,1656,1580,1389,1374,1045,1360,1714,1640,1205,7.19873541042242,4.39770846878359,7.313538006868619,7.558983428060871,13.7297073567066,7.79045336062413,2.55244849132853,3.55312294285556,10.5220710868698,LSOAs never ranked in top 50 most deprived,1518,1362,1569,1491,1412,UN1,Urban: Nearer to a major town or city,Urban,-296,58
W01001245,Ton-teg 2,Rhondda Cynon Taf,1721,1833,1739,1572,1507,1113,1772,1157,345,5.98811367261501,1.02932434273908,2.22398806244041,4.51270000163965,5.46895168062913,12.3114628224399,1.79748057137151,11.4382826980189,38.1894560124386,LSOAs never ranked in top 50 most deprived,1651,1723,1768,1351,1577,UN1,Urban: Nearer to a major town or city,Urban,-608,51
W01001246,Ton-teg 3,Rhondda Cynon Taf,1292,1102,1092,782,868,1623,1343,836,1610,13.0851465622664,12.5350376409081,12.7401907823339,20.2239458372538,17.8924841166429,3.78929015808468,8.07469221342719,18.732643998412,3.97153915888444,LSOAs never ranked in top 50 most deprived,1193,1233,1348,1301,1556,UN1,Urban: Nearer to a major town or city,Urban,331,51
W01001247,Tonypandy 1,Rhondda Cynon Taf,543,640,434,623,283,1860,679,716,338,27.0179666794726,24.6806433005279,33.221254504512,25.2770577269403,42.4187562091442,0.697343287672057,23.3681569819925,22.1886093532181,38.6298159865071,LSOAs never ranked in top 50 most deprived,481,512,481,533,410,UF1,Urban: Further from a major town or city,Urban,1317,136
W01001248,Tonypandy 2,Rhondda Cynon Taf,760,761,703,747,527,1734,1284,523,125,21.8003145084382,20.831053939588905,22.5961873330459,21.2448824142573,28.9703717157988,2.2893059632188506,9.08934428866294,29.1379128996805,59.0358709096692,LSOAs never ranked in top 50 most deprived,611,749,614,623,685,UF1,Urban: Further from a major town or city,Urban,974,524
W01001249,Tonyrefail East 1,Rhondda Cynon Taf,646,689,527,952,216,1544,1025,638,907,23.817758877427295,23.0433484037795,28.9703717157988,15.822834487172,48.0790265757632,4.9197591017565,14.1640426279396,24.750012276592,16.9083726246712,LSOAs never ranked in top 50 most deprived,637,436,467,425,403,UF1,Urban: Further from a major town or city,Urban,898,379
W01001250,Tonyrefail East 2,Rhondda Cynon Taf,1205,1445,1327,768,697,377,1551,1035,1298,14.5664051824027,6.4196769228278,8.34545854747957,20.6268988037534,22.7867642695324,36.2772683869671,4.81731694091967,13.9458497514272,8.84449761272578,LSOAs never ranked in top 50 most deprived,805,715,539,423,435,UF1,Urban: Further from a major town or city,Urban,-828,346
W01001251,Tonyrefail East 3,Rhondda Cynon Taf,101,114,95,78,70,425,1035,212,1782,53.2540282793585,60.7983118423662,64.2020855526035,67.7436530415939,69.619925768559,33.6775974081246,13.9458497514272,48.4653936212711,1.66978200350748,LSOAs never ranked in top 50 most deprived,87,66,66,142,95,UF1,Urban: Further from a major town or city,Urban,324,934
W01001252,Tonyrefail East 4,Rhondda Cynon Taf,1564,1465,1533,1414,847,741,1867,1705,1572,8.53518894652718,6.10867669802835,5.08166721716738,6.91019470786337,18.4403643954711,21.424542488058705,0.612050651016539,2.6718520100532,4.51270000163965,LSOAs never ranked in top 50 most deprived,1641,1386,1206,1175,1490,UF1,Urban: Further from a major town or city,Urban,-823,303
W01001253,Tonyrefail West 1,Rhondda Cynon Taf,589,757,670,608,277,446,884,1686,582,25.5377999575022,20.9485328258978,23.6644590109271,25.816464241705,42.8725374686119,32.6265490495701,17.483639494038002,2.92598033764537,26.7824915091031,LSOAs never ranked in top 50 most deprived,577,280,285,329,309,UF1,Urban: Further from a major town or city,Urban,-143,295
W01001255,Tonyrefail West 3,Rhondda Cynon Taf,480,470,419,308,469,632,1658,527,1371,28.8524166266092,31.481372079309,33.9869350882549,40.6188332964369,31.527966533529,24.9593834277118,3.30567882066851,28.9703717157988,7.608388398587911,LSOAs never ranked in top 50 most deprived,185,192,183,139,109,UF1,Urban: Further from a major town or city,Urban,152,1178
W01001256,Trallwng 1,Rhondda Cynon Taf,773,929,1148,555,378,1457,634,1043,168,21.382265565699,16.3712622991178,11.614211041696,27.830559837053105,36.2200004563807,6.23257261418999,24.8893810608355,13.7727736452391,53.2084274589305,LSOAs never ranked in top 50 most deprived,682,768,787,1150,952,UN1,Urban: Nearer to a major town or city,Urban,684,-139
W01001257,Trallwng 2,Rhondda Cynon Taf,1582,1625,1333,1219,1555,1108,1146,1330,872,8.27600466734936,3.76137958502368,8.24354726262967,10.2615760348921,4.75898277326274,12.4128184040452,11.6534896520741,8.29444645993786,17.7895896107903,LSOAs never ranked in top 50 most deprived,1423,1203,1140,1363,1435,UN1,Urban: Nearer to a major town or city,Urban,-474,-436
W01001258,Trallwng 3,Rhondda Cynon Taf,778,943,948,711,606,1478,651,480,97,21.2076488480636,16.0358820119611,15.9172787251356,22.3445165435773,25.889350467786105,5.90875850122173,24.3028092202755,31.0205466940788,63.8191299745504,LSOAs never ranked in top 50 most deprived,541,711,780,837,799,UN1,Urban: Nearer to a major town or city,Urban,700,-127
W01001259,Trealaw 1,Rhondda Cynon Taf,601,593,480,598,485,911,843,911,959,25.2173828732329,26.3688255954843,31.0205466940788,26.1832273071287,30.7935507731975,16.8097786303928,18.5462186401516,16.8097786303928,15.6584845384211,LSOAs never ranked in top 50 most deprived,554,643,659,557,534,UF1,Urban: Further from a major town or city,Urban,310,242
W01001260,Trealaw 2,Rhondda Cynon Taf,172,259,167,269,89,586,701,290,266,45.0719441499062,44.2902063742018,53.328456238315,43.4918509036102,65.3907641045194,26.6312053182129,22.6595376835578,41.9004179811054,43.7284613469552,LSOAs sometimes in the top 50 most deprived,100,106,81,62,34,UF1,Urban: Further from a major town or city,Urban,414,529
W01001261,Trealaw 3,Rhondda Cynon Taf,385,370,377,320,420,1248,677,559,489,32.0432571353393,36.6821868883595,36.2772683869671,39.8024721224689,33.9350890255224,9.73118613136615,23.4336727856376,27.6722445460777,30.613553388310095,LSOAs never ranked in top 50 most deprived,306,438,240,270,172,UF1,Urban: Further from a major town or city,Urban,863,292
W01001262,Treforest 1,Rhondda Cynon Taf,843,1339,1406,748,566,1015,178,622,210,20.0377499398728,8.14208554780427,7.03849661437819,21.2150750361765,27.3977881755914,14.3843252638386,52.0413819603454,25.3126272482033,48.6610386249168,LSOAs never ranked in top 50 most deprived,604,690,812,933,736,UN1,Urban: Nearer to a major town or city,Urban,172,-665
W01001263,Treforest 2,Rhondda Cynon Taf,1120,1242,1500,851,1022,927,239,786,689,15.9594855709716,9.83992299823346,5.57434448838746,18.3349950989166,14.2299061774188,16.4195754965838,45.9751938864088,20.1101012876508,23.0433484037795,LSOAs never ranked in top 50 most deprived,839,1099,711,1203,1132,UN1,Urban: Nearer to a major town or city,Urban,-193,-881
W01001264,Treforest 3,Rhondda Cynon Taf,1288,1766,1822,1028,691,792,358,1625,445,13.1586614121929,1.87444142206829,1.16596176703063,14.0983671490301,22.978933520734895,19.9403841096694,37.393361718261,3.76137958502368,32.6755247162557,LSOAs never ranked in top 50 most deprived,937,1305,1505,1514,1404,UN1,Urban: Nearer to a major town or city,Urban,-496,-930
W01001265,Treherbert 1,Rhondda Cynon Taf,606,706,672,462,329,1713,803,947,226,25.1152835831711,22.501487779095,23.5982834499749,31.856797802148,39.2086713724364,2.56568497886456,19.632451700035105,15.940950505167,47.1405848632799,LSOAs never ranked in top 50 most deprived,487,499,322,297,231,UF1,Urban: Further from a major town or city,Urban,1107,197
W01001266,Treherbert 2,Rhondda Cynon Taf,130,109,124,122,133,1006,1013,493,351,48.592265055111604,61.6463582731176,59.1906273993731,59.5032997094976,57.8339345511564,14.5843997608832,14.4286360982988,30.4349537266765,37.818601005911,LSOAs never ranked in top 50 most deprived,114,164,129,112,165,UF1,Urban: Further from a major town or city,Urban,876,883
W01001267,Treherbert 3,Rhondda Cynon Taf,294,358,283,373,140,370,981,865,1426,36.408978467125,37.393361718261,42.4187562091442,36.5077767704368,56.8314171748687,36.6821868883595,15.1494714723929,17.969958209404,6.71907390820253,LSOAs never ranked in top 50 most deprived,248,153,174,166,130,UF1,Urban: Further from a major town or city,Urban,76,687
W01001268,Treherbert 4,Rhondda Cynon Taf,241,338,237,270,166,1695,585,654,78,39.0015542243278,38.6298159865071,46.1506861118912,43.4135185948375,53.4491146924828,2.8052536827735,26.6689336767632,24.2008317495807,67.7436530415939,LSOAs never ranked in top 50 most deprived,286,414,464,489,406,UF1,Urban: Further from a major town or city,Urban,1454,344
W01001269,Treorchy 1,Rhondda Cynon Taf,1000,1028,906,1076,839,1812,738,715,82,17.5798734524348,14.0983671490301,16.9330873029528,13.0722902058456,18.6525623174232,1.29088595575025,21.5149015478539,22.2197063596296,66.859958217564,LSOAs never ranked in top 50 most deprived,869,952,1000,891,858,UF1,Urban: Further from a major town or city,Urban,812,-262
W01001270,Treorchy 2,Rhondda Cynon Taf,995,1039,851,709,885,1901,1232,995,74,17.6181815744235,13.8591488979644,18.3349950989166,22.4071765401366,17.4583264112032,0.202212578968056,10.0223013573301,14.8313226661017,68.6626621027507,LSOAs never ranked in top 50 most deprived,745,600,620,668,669,UF1,Urban: Further from a major town or city,Urban,906,237
W01001271,Treorchy 3,Rhondda Cynon Taf,478,496,336,487,364,1388,831,805,611,28.9034810474297,30.3019082598622,38.7571973878808,30.7033759993631,37.0350256647686,7.32981979695347,18.8667362212317,19.5769042446795,25.7075661574323,LSOAs never ranked in top 50 most deprived,410,367,369,272,333,UF1,Urban: Further from a major town or city,Urban,910,353
W01001272,Treorchy 4,Rhondda Cynon Taf,566,530,393,540,449,1201,1105,1045,719,26.2075153772897,28.8455119090077,35.3776646435964,28.4341410760623,32.4802446836176,10.5970433761167,12.4738468402795,13.7297073567066,22.095569808014705,LSOAs never ranked in top 50 most deprived,560,608,602,637,499,UF1,Urban: Further from a major town or city,Urban,635,539
W01001273,Treorchy 5,Rhondda Cynon Taf,920,865,821,858,682,1756,922,1455,124,18.7231587171627,17.969958209404,19.1372890163735,18.1517524664854,23.2702318705022,2.00328455523517,16.5408043631181,6.263651156064,59.1906273993731,LSOAs never ranked in top 50 most deprived,860,860,980,964,1174,UF1,Urban: Further from a major town or city,Urban,836,2
W01001274,Tylorstown 1,Rhondda Cynon Taf,23,62,14,43,4,440,693,133,970,68.1098490559572,71.6629642669723,90.4076387112208,77.3958487053242,97.4053272071611,32.9219796861378,22.9146985373268,57.8339345511564,15.4025699129392,LSOAs in Deep-rooted deprivation,4,5,10,14,22,UF1,Urban: Further from a major town or city,Urban,417,670
W01001275,Tylorstown 2,Rhondda Cynon Taf,298,433,330,380,164,1111,441,534,214,36.1225633784771,33.2715144397848,39.1436299697375,36.1058906041225,53.6923472965782,12.3519514728459,32.8724769695668,28.6800796153805,48.2713988064592,LSOAs never ranked in top 50 most deprived,198,214,237,300,229,UF1,Urban: Further from a major town or city,Urban,813,143
W01001276,Tylorstown 3,Rhondda Cynon Taf,145,269,152,153,59,808,368,285,1200,46.9241621285176,43.4918509036102,55.2083707065076,55.0781481254215,72.4784487166508,19.4938337914636,36.7991994167954,42.2694637565479,10.6158246958436,LSOAs never ranked in top 50 most deprived,107,131,97,94,83,UF1,Urban: Further from a major town or city,Urban,663,223
W01001277,Tyn-y-nant 1,Rhondda Cynon Taf,1600,1474,1603,1398,1051,1571,1571,1000,579,8.04766062697302,5.97008691778702,4.07027469147199,7.16751824980493,13.600990223615,4.52711445134636,4.52711445134636,14.7187562513825,26.8966127932738,LSOAs never ranked in top 50 most deprived,1625,1608,1527,1656,1465,UN1,Urban: Nearer to a major town or city,Urban,-29,-29
W01001278,Tyn-y-nant 2,Rhondda Cynon Taf,602,539,686,583,360,1789,563,617,704,25.1597249801749,28.4749486401806,23.1403102529704,26.7445765676622,37.2732949847907,1.58081299407966,27.5150115371531,25.491304687821,22.5645774715646,LSOAs never ranked in top 50 most deprived,668,548,530,700,690,UN1,Urban: Nearer to a major town or city,Urban,1187,-39
W01001279,Tyn-y-nant 3,Rhondda Cynon Taf,176,270,185,40,115,1732,925,223,1141,44.7304724183644,43.4135185948375,51.2583129262402,78.4475222318807,60.6323912704246,2.31548515130958,16.4679903931507,47.4181189285683,11.7519806533515,LSOAs never ranked in top 50 most deprived,149,137,199,264,266,UN1,Urban: Nearer to a major town or city,Urban,1556,749
W01001280,Ynyshir 1,Rhondda Cynon Taf,122,185,122,99,118,338,994,483,703,48.9875388917776,51.2583129262402,59.5032997094976,63.442446411698,60.141692542545,38.6298159865071,14.8539022109588,30.8840804820981,22.5961873330459,LSOAs never ranked in top 50 most deprived,121,127,72,72,86,UF1,Urban: Further from a major town or city,Urban,216,872
W01001281,Ynyshir 2,Rhondda Cynon Taf,1031,1082,1001,1026,707,1670,609,1023,152,17.1600072535481,12.9471903101728,14.696308928363,14.1421299579841,22.4700077107557,3.14218275704172,25.7801075613242,14.2079306977063,55.2083707065076,LSOAs never ranked in top 50 most deprived,791,691,577,761,605,UN1,Urban: Nearer to a major town or city,Urban,639,-422
W01001282,Ynysybwl 1,Rhondda Cynon Taf,453,546,494,408,253,1086,614,466,942,29.7111890502783,28.1908045538328,30.3905196703142,34.565091159079,44.7828692046402,12.864166806587,25.5991812440889,31.6683189466595,16.059676238022,LSOAs never ranked in top 50 most deprived,344,252,347,453,478,UF1,Urban: Further from a major town or city,Urban,633,161
W01001283,Ynysybwl 2,Rhondda Cynon Taf,674,825,779,815,422,393,717,1018,569,23.4917749289696,19.0286856939021,20.3097005807366,19.3011616189369,33.8317461988466,35.3776646435964,22.1575543345572,14.3180186660081,27.2811592342906,LSOAs never ranked in top 50 most deprived,705,750,840,897,880,UF1,Urban: Further from a major town or city,Urban,-281,43
W01001284,Ynysybwl 3,Rhondda Cynon Taf,1702,1688,1691,1576,1240,565,1803,1834,1696,6.32098905192843,2.89909737535026,2.85883175549365,4.45513237087,9.87628316005961,27.4367962839142,1.40390082075009,1.01694291576668,2.79187864333048,LSOAs never ranked in top 50 most deprived,1620,1679,1692,1750,1700,UF1,Urban: Further from a major town or city,Urban,-1137,101
W01001285,Ystrad 1,Rhondda Cynon Taf,680,768,714,751,315,1549,824,585,314,23.319917749422,20.6268988037534,22.2508454674838,21.125883980749695,40.139108347939,4.84653960038243,19.055788486218,26.6689336767632,40.2070309127906,LSOAs never ranked in top 50 most deprived,639,553,474,445,452,UF1,Urban: Further from a major town or city,Urban,869,144
W01001286,Ystrad 2,Rhondda Cynon Taf,629,727,764,603,392,1894,626,861,77,24.4121231674495,21.8492887875923,20.7433368930437,25.9991147215854,35.4328707014038,0.285996096032325,25.1706780267326,18.073664626882895,67.9699857156566,LSOAs never ranked in top 50 most deprived,598,547,568,607,572,UF1,Urban: Further from a major town or city,Urban,1265,-3
W01001287,Ystrad 3,Rhondda Cynon Taf,474,548,449,439,205,1213,1299,723,480,28.9894605309724,28.110261139583,32.4802446836176,32.9715891768613,49.1575583440995,10.3728557027694,8.82710790050632,21.9720996562206,31.0205466940788,LSOAs never ranked in top 50 most deprived,403,391,380,364,289,UF1,Urban: Further from a major town or city,Urban,739,825
W01001288,Ystrad 4,Rhondda Cynon Taf,228,275,176,250,207,845,1436,313,358,39.8519933139083,43.0258094753443,52.270101715109,45.0332153132561,48.9576623742928,18.4932306204677,6.56101084525749,40.2751546577664,37.393361718261,LSOAs never ranked in top 50 most deprived,131,215,166,147,106,UF1,Urban: Further from a major town or city,Urban,617,1208
W01001289,Bedlinog 1,Merthyr Tydfil,471,781,402,513,502,300,309,843,1534,29.0206386057711,20.2524952405081,34.8866839068173,29.5621843449785,30.0381041409386,41.1796295698724,40.5496855058199,18.5462186401516,5.06690110998117,LSOAs never ranked in top 50 most deprived,483,424,418,267,176,RLF1,Larger rural: Further from a major town or city,Rural,-171,-162
W01001290,Bedlinog 2,Merthyr Tydfil,859,871,776,715,553,511,1520,1116,1151,19.8687057232954,17.8152701147679,20.3957762549126,22.2197063596296,27.9101280144764,29.647985947346,5.27449429953024,12.2508631750602,11.5554186129504,LSOAs never ranked in top 50 most deprived,601,417,323,331,398,UF1,Urban: Further from a major town or city,Urban,-348,661
W01001291,Cyfarthfa 1,Merthyr Tydfil,1104,1080,1017,676,931,375,1664,1102,1790,16.1652838554325,12.9888147173631,14.3400996326493,23.466500804107,16.323050374395,36.3922338075472,3.22378551218913,12.5350376409081,1.56813118308526,LSOAs never ranked in top 50 most deprived,1080,851,674,769,665,UF1,Urban: Further from a major town or city,Urban,-729,560
W01001292,Cyfarthfa 2,Merthyr Tydfil,69,75,73,42,87,429,750,282,1512,57.3531960066147,68.4294443992908,68.8982688558412,77.7410909205496,65.801045497703,33.4736597215886,21.1555759189672,42.4937674101781,5.39396568933568,LSOAs often in the top 50 most deprived,65,30,21,16,27,UF1,Urban: Further from a major town or city,Urban,360,681
W01001293,Cyfarthfa 3,Merthyr Tydfil,713,621,489,663,666,1051,1453,812,653,22.7231416053463,25.348251862976895,30.613553388310095,23.8975844798247,23.7973840872252,13.600990223615,6.2947717493645,19.3835378508761,24.2347740259203,LSOAs never ranked in top 50 most deprived,567,477,366,424,263,UF1,Urban: Further from a major town or city,Urban,338,740
W01001294,Cyfarthfa 4,Merthyr Tydfil,1768,1868,1579,1520,1395,838,1791,1867,1711,4.98393810627717,0.599891767833017,4.41205100898382,5.27449429953024,7.2160885712172,18.6792252420405,1.55545636077368,0.612050651016539,2.59218082865381,LSOAs never ranked in top 50 most deprived,1746,1611,1579,1568,1410,UF1,Urban: Further from a major town or city,Urban,-930,23
W01001295,Dowlais 1,Merthyr Tydfil,218,223,320,155,169,775,1129,682,224,40.699263584171,47.4181189285683,39.8024721224689,54.8198942097118,53.0890218163239,20.4245398801956,11.9900942156827,23.2702318705022,47.3252349738796,LSOAs never ranked in top 50 most deprived,127,160,137,156,102,UF1,Urban: Further from a major town or city,Urban,557,911
W01001296,Dowlais 2,Merthyr Tydfil,1053,983,883,1089,599,740,1071,1395,1011,16.8212697544084,15.1037513169693,17.5089804663596,12.8020952616562,26.1462866970798,21.4546227486081,13.1770624210437,7.2160885712172,14.4730324649616,LSOAs never ranked in top 50 most deprived,935,867,729,710,562,UF1,Urban: Further from a major town or city,Urban,-313,18
W01001297,Dowlais 3,Merthyr Tydfil,638,724,824,586,259,1119,797,612,724,24.2152305976666,21.9413354067508,19.055788486218,26.6312053182129,44.2902063742018,12.1904227741629,19.799903548978,25.6713810731147,21.9413354067508,LSOAs never ranked in top 50 most deprived,629,581,595,582,445,UF1,Urban: Further from a major town or city,Urban,481,159
W01001298,Dowlais 4,Merthyr Tydfil,284,298,204,105,323,1754,1213,656,1003,36.9147746470285,41.3219914904767,49.258161622155,62.3480539106283,39.6028303062084,2.029140020424,10.3728557027694,24.1330970993627,14.651479899389,LSOAs never ranked in top 50 most deprived,352,305,207,155,140,UF1,Urban: Further from a major town or city,Urban,1470,929
W01001299,Gurnos 1,Merthyr Tydfil,87,98,62,63,96,492,509,589,1857,55.0888220926728,63.6300170576852,71.6629642669723,71.3974372375447,64.0098107348773,30.4794737920697,29.7341088318915,26.5183901566588,0.733994323259279,LSOAs often in the top 50 most deprived,56,32,22,26,26,UF1,Urban: Further from a major town or city,Urban,405,422
W01001300,Gurnos 2,Merthyr Tydfil,89,72,66,140,103,358,960,120,1875,54.800706036402,69.1363141117731,70.6187676549488,56.8314171748687,62.7070963930939,37.393361718261,15.6351015498729,59.8202812764146,0.514959088465857,LSOAs often in the top 50 most deprived,106,61,13,18,15,UF1,Urban: Further from a major town or city,Urban,269,871
W01001301,Gurnos 3,Merthyr Tydfil,161,144,219,160,97,822,695,153,1739,45.8351095105632,56.2775777153638,47.7934518745139,54.186668030915,63.8191299745504,19.1100900717838,22.850642451496,55.0781481254215,2.22398806244041,LSOAs sometimes in the top 50 most deprived,164,121,53,76,40,UF1,Urban: Further from a major town or city,Urban,661,534
W01001302,Merthyr Vale 1,Merthyr Tydfil,537,565,689,436,446,664,1147,745,205,27.1372091104529,27.4367962839142,23.0433484037795,33.1210629250296,32.6265490495701,23.8641358225167,11.6338419620532,21.3046133100029,49.1575583440995,LSOAs never ranked in top 50 most deprived,385,405,217,141,188,RLF1,Larger rural: Further from a major town or city,Rural,127,610
W01001305,Park 1,Merthyr Tydfil,875,1090,671,953,1249,997,713,468,105,19.4480560221271,12.7814419168105,23.6313474304328,15.7992838993976,9.71311319484083,14.7862299681048,22.2820267909355,31.5746555725766,62.3480539106283,LSOAs never ranked in top 50 most deprived,731,973,1085,1121,1037,UF1,Urban: Further from a major town or city,Urban,122,-162
W01001306,Park 2,Merthyr Tydfil,1239,1271,1123,1056,956,674,1104,1103,692,13.9491601398484,9.31905973738181,12.1100818478712,13.4942734922363,15.7287764774469,23.532297743117095,12.4942256906992,12.5146226135479,22.946793604401705,LSOAs never ranked in top 50 most deprived,1128,1401,1258,1230,1137,UF1,Urban: Further from a major town or city,Urban,-565,-135
W01001307,Park 3,Merthyr Tydfil,144,239,132,85,295,673,670,149,249,46.9810925043509,45.9751938864088,57.9807862298472,66.2187787521445,41.5372003261676,23.5652669328937,23.6644590109271,55.603521574478,45.1172732377935,LSOAs never ranked in top 50 most deprived,153,175,165,128,185,UF1,Urban: Further from a major town or city,Urban,529,526
W01001308,Penydarren 1,Merthyr Tydfil,16,17,11,29,17,625,733,159,1810,70.046466331806,88.6653116596723,92.2928508046826,82.7761020653964,88.6653116596723,25.2060832851683,21.6662933513714,54.311926245504,1.31595242325068,LSOAs in Deep-rooted deprivation,7,14,4,7,3,UF1,Urban: Further from a major town or city,Urban,609,717
W01001309,Penydarren 2,Merthyr Tydfil,295,248,271,188,301,781,1134,674,1856,36.315613611394,45.2016394953934,43.3354521612765,50.930704953028,41.1087776906679,20.2524952405081,11.8905804781145,23.532297743117095,0.7462243253503089,LSOAs never ranked in top 50 most deprived,258,203,109,73,80,UF1,Urban: Further from a major town or city,Urban,486,839
W01001310,Penydarren 3,Merthyr Tydfil,1281,1253,984,968,953,1174,1110,874,1230,13.280753389169,9.64096312834053,15.0809252756635,15.4488885476342,15.7992838993976,11.1096010369892,12.3722225576746,17.7383144633006,10.058951213719,LSOAs never ranked in top 50 most deprived,1012,948,987,973,1024,UF1,Urban: Further from a major town or city,Urban,-107,-171
W01001311,Penydarren 4,Merthyr Tydfil,611,553,651,475,476,1412,591,701,981,25.0213731915193,27.9101280144764,24.3028092202755,31.2498052753694,31.2037703789577,6.94220314888323,26.4434863026012,22.6595376835578,15.1494714723929,LSOAs never ranked in top 50 most deprived,688,495,435,578,512,UF1,Urban: Further from a major town or city,Urban,801,-20
W01001312,Plymouth (Merthyr Tydfil) 1,Merthyr Tydfil,300,468,297,80,509,494,1055,1084,418,36.0852154709093,31.5746555725766,41.3935042589961,67.2975617789624,29.7341088318915,30.3905196703142,13.5155772632306,12.9056410969755,34.0388982852619,LSOAs never ranked in top 50 most deprived,428,439,437,321,308,UF1,Urban: Further from a major town or city,Urban,194,755
W01001313,Plymouth (Merthyr Tydfil) 2,Merthyr Tydfil,762,913,635,777,947,1463,542,712,69,21.7196711246182,16.7606396725577,24.8544596123281,20.3670485562759,15.940950505167,6.13958816451955,28.3527425151014,22.3132504446043,69.8655990996753,LSOAs never ranked in top 50 most deprived,596,545,523,523,495,UF1,Urban: Further from a major town or city,Urban,701,-220
W01001314,Plymouth (Merthyr Tydfil) 3,Merthyr Tydfil,705,839,699,648,1063,313,942,1252,153,22.8871027332769,18.6525623174232,22.7230630059823,24.405240853407495,13.3456970635279,40.2751546577664,16.059676238022,9.65897943745234,55.0781481254215,LSOAs never ranked in top 50 most deprived,706,722,615,542,376,UF1,Urban: Further from a major town or city,Urban,-392,237
W01001315,Town 1,Merthyr Tydfil,368,421,289,638,460,1152,951,97,67,33.3237855152849,33.883359570169,41.9737549349954,24.750012276592,31.9516196122874,11.535854485957,15.8464092140213,63.8191299745504,70.3649611810893,LSOAs never ranked in top 50 most deprived,337,335,242,227,161,UF1,Urban: Further from a major town or city,Urban,784,583
W01001317,Town 3,Merthyr Tydfil,594,684,587,426,559,415,1079,1403,684,25.4469452012225,23.2051793247566,26.5935387465426,33.6264432092818,27.6722445460777,34.1954960047694,13.0096552038537,7.08679495125566,23.2051793247566,LSOAs never ranked in top 50 most deprived,457,408,395,324,206,UF1,Urban: Further from a major town or city,Urban,-179,485
W01001318,Town 4,Merthyr Tydfil,977,1233,951,1073,709,742,806,1033,159,17.7913695057231,10.0039983060913,15.8464092140213,13.1350962451782,22.4071765401366,21.394501516221695,19.5491807435255,13.9893230473638,54.311926245504,LSOAs never ranked in top 50 most deprived,948,1055,1047,1036,792,UF1,Urban: Further from a major town or city,Urban,-235,-171
W01001319,Treharris 1,Merthyr Tydfil,1627,1772,1439,1491,1405,461,1819,1738,1048,7.63626651555547,1.79748057137151,6.51380297306978,5.71056304896937,7.05458479341089,31.9041598421671,1.20336783026323,2.23703681127428,13.6652587462547,LSOAs never ranked in top 50 most deprived,1662,1596,1516,1388,1170,UN1,Urban: Nearer to a major town or city,Urban,-1166,192
W01001320,Treharris 2,Merthyr Tydfil,809,869,573,723,866,486,1445,681,1132,20.5782519636017,17.8667173033409,27.126568279074,21.9720996562206,17.944104504669,30.748419193429,6.4196769228278,23.3028272710172,11.9303343203381,LSOAs never ranked in top 50 most deprived,777,779,779,906,613,UN1,Urban: Nearer to a major town or city,Urban,-323,636
W01001321,Treharris 3,Merthyr Tydfil,670,595,543,527,579,1377,836,694,1359,23.5296737971646,26.2944064618458,28.312151008497,28.9703717157988,26.8966127932738,7.50968435406567,18.732643998412,22.8826481945157,7.8070764088306,LSOAs never ranked in top 50 most deprived,585,448,324,311,236,UN1,Urban: Nearer to a major town or city,Urban,707,166
W01001322,Treharris 4,Merthyr Tydfil,663,637,552,469,700,1446,940,810,468,23.5893545615396,24.7847753801216,27.9500155661972,31.527966533529,22.6912784128934,6.40402663026238,16.1073386653515,19.4386197060457,31.5746555725766,LSOAs never ranked in top 50 most deprived,552,452,340,242,230,UN1,Urban: Nearer to a major town or city,Urban,783,277
W01001324,Vaynor 2,Merthyr Tydfil,992,938,696,900,632,1295,1137,807,1192,17.643339932282,16.155100067689,22.818681184314105,17.081935684114,24.9593834277118,8.89674577633235,11.8310782529684,19.5214906192099,10.7666299333993,LSOAs never ranked in top 50 most deprived,1051,1081,972,834,676,UF1,Urban: Further from a major town or city,Urban,303,145
W01001325,Aberbargoed 1,Caerphilly,369,311,304,455,235,918,1149,317,1578,33.3134123381272,40.41201047995,40.8975222773377,32.1903986483829,46.3275276621096,16.6382496306617,11.5945968624002,40.0038620301026,4.42640249861117,LSOAs never ranked in top 50 most deprived,349,219,169,220,222,UF1,Urban: Further from a major town or city,Urban,549,780
W01001326,Aberbargoed 2,Caerphilly,221,249,207,193,243,1472,605,125,933,40.3634561665754,45.1172732377935,48.9576623742928,50.3948528055127,45.6281761294676,6.0008125587809,25.9258803794626,59.0358709096692,16.2749392987333,LSOAs never ranked in top 50 most deprived,177,190,151,133,158,UF1,Urban: Further from a major town or city,Urban,1251,384
W01001327,Abercarn 1,Caerphilly,1284,1129,1157,1048,1139,990,1424,783,513,13.2159740782591,11.9900942156827,11.4382826980189,13.6652587462547,11.7914954508383,14.9444427131545,6.75081729104151,20.1954318278281,29.5621843449785,LSOAs never ranked in top 50 most deprived,1032,1114,1009,859,917,UN1,Urban: Nearer to a major town or city,Urban,-294,140
W01001328,Abercarn 2,Caerphilly,925,739,760,834,988,1058,950,452,1316,18.6321137962816,21.4847424007712,20.8603674538182,18.7861871116449,14.9898469722039,13.4517250569291,15.8700081294809,32.3348650889989,8.53347685393684,LSOAs never ranked in top 50 most deprived,718,815,641,809,805,UN1,Urban: Nearer to a major town or city,Urban,133,25
W01001329,Abercarn 3,Caerphilly,697,685,710,719,380,1566,562,607,910,23.0164992935205,23.172721919325,22.375825203411505,22.095569808014705,36.1058906041225,4.59932251839442,27.5542191343324,25.8528784830079,16.8343875345513,LSOAs never ranked in top 50 most deprived,720,692,705,549,828,UN1,Urban: Nearer to a major town or city,Urban,869,-135
W01001330,Aber Valley 1,Caerphilly,675,681,652,451,554,1507,526,768,1168,23.4902885555358,23.3028272710172,24.268766466652295,32.3832229231496,27.8703095176577,5.46895168062913,29.012142734782895,20.6268988037534,11.225070745121,LSOAs never ranked in top 50 most deprived,713,713,608,514,576,RLN1,Larger rural: Nearer to a major town or city,Rural,832,-149
W01001331,Aber Valley 2,Caerphilly,517,636,520,596,237,1799,406,813,401,27.6936044488507,24.8195911055164,29.2643745927451,26.2572869975422,46.1506861118912,1.45430845371833,34.6717898978839,19.3560463120093,34.9407226002032,LSOAs never ranked in top 50 most deprived,633,521,406,487,343,RLN1,Larger rural: Nearer to a major town or city,Rural,1282,-111
W01001332,Aber Valley 3,Caerphilly,274,279,311,377,366,1256,161,395,414,37.3908743138186,42.7202801087006,40.41201047995,36.2772683869671,36.9168102920014,9.58699872152888,54.0620882804771,35.2676484719636,34.2479330799044,LSOAs never ranked in top 50 most deprived,340,341,281,282,267,RLN1,Larger rural: Nearer to a major town or city,Rural,982,-113
W01001333,Aber Valley 4,Caerphilly,292,231,357,480,203,1171,273,311,1742,36.4576536403454,46.6853428676421,37.4536309497537,31.0205466940788,49.3592068784843,11.167263427797,43.1801097429359,40.41201047995,2.18488617544616,LSOAs never ranked in top 50 most deprived,358,371,343,553,463,RLN1,Larger rural: Nearer to a major town or city,Rural,879,-19
W01001334,Argoed (Caerphilly) 1,Caerphilly,276,227,233,271,159,1636,863,518,1737,37.3186375198228,47.0488127565457,46.5057394473204,43.3354521612765,54.311926245504,3.60847392894393,18.021752966991695,29.3490703413121,2.25009296734753,LSOAs never ranked in top 50 most deprived,213,188,188,153,217,RLF1,Larger rural: Further from a major town or city,Rural,1360,587
W01001335,Argoed (Caerphilly) 2,Caerphilly,907,1132,974,1086,957,253,528,785,741,18.9751063586651,11.9303343203381,15.3102115446428,12.864166806587,15.7053219536497,44.7828692046402,28.9286764209639,20.1385096401892,21.424542488058705,LSOAs never ranked in top 50 most deprived,710,558,565,636,489,RSF1,Smaller rural: Further from a major town or city,Rural,-654,-379
W01001336,Bargoed 1,Caerphilly,580,607,483,529,326,1325,1067,329,1655,25.8734283052063,25.8528784830079,30.8840804820981,28.8870565762234,39.4049064949531,8.37952957033932,13.2612251902263,39.2086713724364,3.34673508043685,LSOAs never ranked in top 50 most deprived,538,527,453,343,389,UF1,Urban: Further from a major town or city,Urban,745,487
W01001337,Bargoed 2,Caerphilly,724,755,605,607,518,1904,659,302,1299,22.4663977832815,21.0074980590031,25.9258803794626,25.8528784830079,29.3490703413121,0.166398576769003,24.0318676820537,41.0381434017266,8.82710790050632,LSOAs never ranked in top 50 most deprived,704,681,744,790,808,UF1,Urban: Further from a major town or city,Urban,1180,-65
W01001338,Bargoed 3,Caerphilly,475,542,456,508,495,1896,378,111,628,28.9873230535005,28.3527425151014,32.1424441147939,29.7772915086413,30.346171291299,0.262026788898669,36.2200004563807,61.3033784077623,25.1000305957824,LSOAs never ranked in top 50 most deprived,456,562,411,454,377,UF1,Urban: Further from a major town or city,Urban,1421,-97
W01001339,Bargoed 4,Caerphilly,27,32,12,32,92,514,551,68,1738,66.6480741627562,81.5125373269623,91.6471244983198,81.5125373269623,64.7887465705303,29.5194032772626,27.9899724127521,70.1139249360847,2.23703681127428,LSOAs in Deep-rooted deprivation,29,23,18,22,17,UF1,Urban: Further from a major town or city,Urban,487,524
W01001340,Bedwas Trethomas and Machen 1,Caerphilly,1516,1411,1376,1284,1305,596,1759,1442,1167,9.30875026594489,6.95822408936744,7.526105640471979,9.08934428866294,8.72304483214816,26.2572869975422,1.96455577359849,6.46669179736645,11.2443721828611,LSOAs never ranked in top 50 most deprived,1652,1728,1603,1616,1427,UN1,Urban: Nearer to a major town or city,Urban,-920,243
W01001341,Bedwas Trethomas and Machen 2,Caerphilly,262,302,191,173,258,1822,629,477,1049,37.8670881566893,41.0381434017266,50.6076979122489,52.6175033557826,44.3715874893872,1.16596176703063,25.0647880899908,31.1578274381644,13.643815945353,LSOAs never ranked in top 50 most deprived,293,260,208,198,243,UN1,Urban: Nearer to a major town or city,Urban,1560,367
W01001342,Bedwas Trethomas and Machen 3,Caerphilly,1655,1483,1491,1122,1750,1700,1340,1378,605,7.21215013516677,5.83232723068407,5.71056304896937,12.130140784991,2.08093831082661,2.73845612912346,8.1252186921482,7.49327478358407,25.9258803794626,LSOAs never ranked in top 50 most deprived,1665,1643,1594,1624,1374,RLN1,Larger rural: Nearer to a major town or city,Rural,45,-315
W01001343,Bedwas Trethomas and Machen 4,Caerphilly,1734,1658,1623,1400,1618,1421,1347,1234,1174,5.5509683572907,3.30567882066851,3.78929015808468,7.13519492461482,3.85921513070978,6.79851466152666,8.0074957744983,9.98570980856246,11.1096010369892,LSOAs never ranked in top 50 most deprived,1638,1570,1538,1648,1575,RLN1,Larger rural: Nearer to a major town or city,Rural,-313,-387
W01001344,Bedwas Trethomas and Machen 5,Caerphilly,1043,795,832,705,896,1872,1120,1304,526,16.959764910355702,19.8559928512103,18.8398551620865,22.5330109932208,17.1817058116191,0.551320410921967,12.1703112175028,8.74035601311472,29.012142734782895,LSOAs never ranked in top 50 most deprived,1054,997,916,699,728,UN1,Urban: Nearer to a major town or city,Urban,829,77
W01001345,Bedwas Trethomas and Machen 6,Caerphilly,31,21,28,131,48,455,289,131,1700,65.0426813393557,86.5302557809162,83.2132018664165,58.1285815636282,75.743341186437,32.1903986483829,41.9737549349954,58.1285815636282,2.73845612912346,LSOAs in Deep-rooted deprivation,43,25,35,34,45,UN1,Urban: Nearer to a major town or city,Urban,424,258
W01001346,Bedwas Trethomas and Machen 7,Caerphilly,737,666,632,549,687,1575,769,481,978,22.2833475220465,23.7973840872252,24.9593834277118,28.0700949563639,23.1079441969628,4.4695107759153,20.5978811536676,30.9749679312151,15.2182225660566,LSOAs never ranked in top 50 most deprived,826,868,1028,1060,950,UN1,Urban: Nearer to a major town or city,Urban,838,32
W01001347,Blackwood 1,Caerphilly,975,846,613,817,1191,1387,1331,510,626,17.8093485020768,18.4667823186372,25.6352528280954,19.2464075849848,10.7855503029422,7.34611312114682,8.27746754216379,29.6910070790377,25.1706780267326,LSOAs never ranked in top 50 most deprived,1009,940,1134,1132,923,UF1,Urban: Further from a major town or city,Urban,412,356
W01001348,Blackwood 2,Caerphilly,332,281,353,473,168,1138,961,132,1489,34.8272190752891,42.5690240501672,37.6962996970416,31.3421524126318,53.2084274589305,11.8112783366967,15.6117423095376,57.9807862298472,5.74094371357136,LSOAs never ranked in top 50 most deprived,394,324,314,313,269,UF1,Urban: Further from a major town or city,Urban,806,629
W01001349,Blackwood 3,Caerphilly,1678,1426,1358,1443,1573,1619,1884,1040,803,6.73493103896513,6.71907390820253,7.823711479889251,6.4510094918429,4.49829458002998,3.8452131188805,0.406218761605603,13.8375246553555,19.632451700035105,LSOAs never ranked in top 50 most deprived,1731,1618,1476,1440,979,UF1,Urban: Further from a major town or city,Urban,-59,206
W01001350,Blackwood 4,Caerphilly,987,939,894,1109,882,1868,611,82,1074,17.6812770382109,16.1312069689596,17.2317536408696,12.3925115242157,17.534349389692,0.599891767833017,25.7075661574323,66.859958217564,13.1141418369244,LSOAs never ranked in top 50 most deprived,945,836,814,856,773,UF1,Urban: Further from a major town or city,Urban,881,-376
W01001351,Blackwood 5,Caerphilly,1608,1459,1285,1641,1527,865,1849,802,1126,7.890844039789431,6.20153601025258,9.07176853635428,3.53930598471235,5.17046349396186,17.969958209404,0.832016914366915,19.6602758162341,12.0500097871272,LSOAs never ranked in top 50 most deprived,1682,1693,1566,1493,1528,UF1,Urban: Further from a major town or city,Urban,-743,241
W01001352,Cefn Fforest 1,Caerphilly,296,296,307,267,132,1899,952,219,1178,36.3126856330575,41.4652400723311,40.6881896017888,43.6493204342963,57.9807862298472,0.226119599713166,15.822834487172,47.7934518745139,11.0329420384266,LSOAs never ranked in top 50 most deprived,367,333,311,397,407,UF1,Urban: Further from a major town or city,Urban,1603,656
W01001353,Cefn Fforest 2,Caerphilly,376,375,210,488,358,996,1501,435,633,32.4583157347426,36.3922338075472,48.6610386249168,30.658420845487,37.393361718261,14.8087652662821,5.55925877290174,33.1711041585498,24.9243556120482,LSOAs never ranked in top 50 most deprived,420,462,653,764,702,UF1,Urban: Further from a major town or city,Urban,620,1125
W01001354,Crosskeys 1,Caerphilly,1140,1252,941,1014,815,1146,480,760,1356,15.5978750538799,9.65897943745234,16.0834951054554,14.4064700101462,19.3011616189369,11.6534896520741,31.0205466940788,20.8603674538182,7.85701776021684,LSOAs never ranked in top 50 most deprived,1275,1219,1083,1115,1219,UN1,Urban: Nearer to a major town or city,Urban,6,-660
W01001355,Crosskeys 2,Caerphilly,591,743,609,405,623,726,946,441,442,25.513387439773,21.364499730599,25.7801075613242,34.7253254620083,25.2770577269403,21.8799300818585,15.9646466734826,32.8724769695668,32.8230805685168,LSOAs never ranked in top 50 most deprived,654,661,596,475,573,UN1,Urban: Nearer to a major town or city,Urban,135,355
W01001356,Crumlin 1,Caerphilly,1601,1528,1314,1266,1392,1348,1394,1856,623,8.02722096938417,5.1556402873674,8.56782774795796,9.4080263644472,7.264761678252661,7.990727295028449,7.2323014981324,0.7462243253503089,25.2770577269403,LSOAs never ranked in top 50 most deprived,1448,1661,1544,1353,1115,UN1,Urban: Nearer to a major town or city,Urban,-253,-207
W01001357,Crumlin 2,Caerphilly,1400,1188,1110,1309,1129,827,1653,1646,669,11.3960052765499,10.842404977394,12.3722225576746,8.65393010916411,11.9900942156827,18.9745757338571,3.3741466922672494,3.47034542585786,23.6976183287089,LSOAs never ranked in top 50 most deprived,1558,1170,1169,883,977,UN1,Urban: Nearer to a major town or city,Urban,-573,253
W01001358,Crumlin 3,Caerphilly,177,151,117,492,120,477,725,508,943,44.5606302922413,55.3393347887518,60.3040983434743,30.4794737920697,59.8202812764146,31.1578274381644,21.9106122518438,29.7772915086413,16.0358820119611,LSOAs never ranked in top 50 most deprived,251,276,235,246,234,RLN1,Larger rural: Nearer to a major town or city,Rural,300,548
W01001359,Crumlin 4,Caerphilly,901,912,919,765,809,1107,896,611,275,19.0742449045799,16.7851960284496,16.6138495816422,20.7141720612192,19.466210180306305,12.4331432288226,17.1817058116191,25.7075661574323,43.0258094753443,LSOAs never ranked in top 50 most deprived,929,935,882,698,629,UN1,Urban: Nearer to a major town or city,Urban,206,-5
W01001360,Darren Valley 1,Caerphilly,757,908,834,966,729,229,468,946,1073,21.829623209411,16.8836844750737,18.7861871116449,15.4953006495433,21.7881283915832,46.8663598284772,31.5746555725766,15.9646466734826,13.1350962451782,LSOAs never ranked in top 50 most deprived,832,785,719,677,480,RSF1,Smaller rural: Further from a major town or city,Rural,-528,-289
W01001361,Darren Valley 2,Caerphilly,168,293,153,298,26,411,833,381,1828,45.150549890839,41.6817998039603,55.0781481254215,41.3219914904767,84.1131400066213,34.4059654431317,18.8130054832843,36.0490472780562,1.09133165346827,LSOAs never ranked in top 50 most deprived,137,126,128,101,111,RSF1,Smaller rural: Further from a major town or city,Rural,243,665
W01001362,Gilfach,Caerphilly,828,856,571,683,670,1608,790,564,1235,20.3161438470344,18.2039587039418,27.2037338745168,23.2376825985408,23.6644590109271,3.9997060869018695,19.9968174672526,27.4758706625832,9.96743584161688,LSOAs never ranked in top 50 most deprived,482,557,592,618,444,UF1,Urban: Further from a major town or city,Urban,780,-38
W01001363,Hengoed (Caerphilly) 1,Caerphilly,973,973,780,841,672,680,1556,933,1006,17.8267055214444,15.3332663906928,20.2810801255674,18.599329017006905,23.5982834499749,23.3354689310173,4.74442231942631,16.2749392987333,14.5843997608832,LSOAs never ranked in top 50 most deprived,619,501,525,603,701,UN1,Urban: Nearer to a major town or city,Urban,-293,583
W01001364,Hengoed (Caerphilly) 2,Caerphilly,158,156,170,118,129,842,1026,172,1423,45.9324208323706,54.6918465940365,52.9702328737917,60.141692542545,58.427052259456,18.5727584986254,14.1421299579841,52.7344798362068,6.76670542654304,LSOAs often in the top 50 most deprived,123,88,48,50,28,UN1,Urban: Nearer to a major town or city,Urban,684,868
W01001365,Hengoed (Caerphilly) 3,Caerphilly,777,716,566,767,563,1415,1260,515,858,21.2387615289109,22.1886093532181,27.3977881755914,20.6559531098305,27.5150115371531,6.89420717633154,9.5152425735665,29.4767016366035,18.1517524664854,LSOAs never ranked in top 50 most deprived,677,698,628,643,465,UN1,Urban: Nearer to a major town or city,Urban,638,483
W01001366,Llanbradach 1,Caerphilly,959,1121,817,757,964,383,1505,1205,470,18.029123668769895,12.1502172313369,19.2464075849848,20.9485328258978,15.5418065966476,35.9357803539474,5.49901466399771,10.5220710868698,31.481372079309,LSOAs never ranked in top 50 most deprived,1138,974,949,1114,1211,UN1,Urban: Nearer to a major town or city,Urban,-576,546
W01001367,Llanbradach 2,Caerphilly,928,809,964,685,659,1656,964,596,604,18.5743518376579,19.466210180306305,15.5418065966476,23.172721919325,24.0318676820537,3.33304151582498,15.5418065966476,26.2572869975422,25.962468402336,LSOAs never ranked in top 50 most deprived,987,917,798,681,748,UN1,Urban: Nearer to a major town or city,Urban,728,36
W01001368,Llanbradach 3,Caerphilly,395,409,415,309,575,1095,794,192,425,31.5674730044206,34.5119268362533,34.1954960047694,40.5496855058199,27.0496607107552,12.6784524717191,19.8840888794969,50.5010291475884,33.6775974081246,LSOAs never ranked in top 50 most deprived,453,377,465,546,506,UN1,Urban: Nearer to a major town or city,Urban,700,399
W01001369,Maesycwmmer,Caerphilly,1185,1155,1127,1029,938,428,1699,1155,581,14.819189290949,11.4772617563852,12.0300205825679,14.0765169308124,16.155100067689,33.524474867068,2.75180012916962,11.4772617563852,26.8204690556212,LSOAs never ranked in top 50 most deprived,1101,976,918,851,594,UN1,Urban: Nearer to a major town or city,Urban,-757,514
W01001370,Morgan Jones 1,Caerphilly,1045,901,881,611,1230,1479,1364,392,567,16.9529890236419,17.0570606286885,17.5597463257632,25.7075661574323,10.058951213719,5.89345191451641,7.72408104955796,35.4328707014038,27.3588461132057,LSOAs never ranked in top 50 most deprived,1075,840,924,828,843,UN1,Urban: Nearer to a major town or city,Urban,434,319
W01001371,Morgan Jones 2,Caerphilly,468,464,544,394,498,549,1230,600,307,29.2225392084765,31.7623653082104,28.2716310135479,35.322590777636,30.2136369301349,28.0700949563639,10.058951213719,26.1094053227161,40.6881896017888,LSOAs never ranked in top 50 most deprived,237,220,255,325,341,UN1,Urban: Nearer to a major town or city,Urban,81,762
W01001372,Morgan Jones 3,Caerphilly,1244,1207,932,1320,940,1522,1769,687,129,13.8576476911495,10.484676387737,16.2989822568077,8.46492859478172,16.1073386653515,5.24472316698409,1.83592880666676,23.1079441969628,58.427052259456,LSOAs never ranked in top 50 most deprived,1169,1125,1059,1196,1033,UN1,Urban: Nearer to a major town or city,Urban,278,525
W01001373,Morgan Jones 4,Caerphilly,1008,880,880,955,954,1731,1199,757,91,17.4440010640219,17.5851713365055,17.5851713365055,15.7522549436915,15.7757574013147,2.32858592802372,10.6346213645385,20.9485328258978,64.9876733609214,LSOAs never ranked in top 50 most deprived,926,949,883,768,814,UN1,Urban: Nearer to a major town or city,Urban,723,191
W01001374,Moriah 1,Caerphilly,316,477,397,279,122,495,872,577,896,35.4682731767546,31.1578274381644,35.1581560377781,42.7202801087006,59.5032997094976,30.346171291299,17.7895896107903,26.973009449722,17.1817058116191,LSOAs never ranked in top 50 most deprived,391,428,434,441,454,RLF1,Larger rural: Further from a major town or city,Rural,179,556
W01001375,Moriah 2,Caerphilly,278,423,209,300,280,1788,1383,28,141,37.1523522805526,33.7802483917221,48.7594887676383,41.1796295698724,42.6445277405534,1.59350180146802,7.41140208659252,83.2132018664165,56.6917020085358,LSOAs never ranked in top 50 most deprived,228,229,252,271,271,RLF1,Larger rural: Further from a major town or city,Rural,1510,1105
W01001376,Moriah 3,Caerphilly,76,91,58,169,22,834,1086,115,491,56.4498766296268,64.9876733609214,72.7568312135891,53.0890218163239,86.02608341267012,18.7861871116449,12.864166806587,60.6323912704246,30.5240802001074,LSOAs never ranked in top 50 most deprived,67,62,64,63,141,RLF1,Larger rural: Further from a major town or city,Rural,758,1010
W01001377,Nelson 1,Caerphilly,1327,1283,1192,901,1090,1196,1336,599,888,12.4877131573109,9.10693348198552,10.7666299333993,17.0570606286885,12.7814419168105,10.6911037158229,8.19276045700378,26.1462866970798,17.3825538874175,LSOAs never ranked in top 50 most deprived,1134,1232,1137,1091,1031,UN1,Urban: Nearer to a major town or city,Urban,-131,9
W01001378,Nelson 2,Caerphilly,659,513,440,741,505,1371,1309,633,1419,23.616212533057695,29.5621843449785,32.9219796861378,21.424542488058705,29.9073281353078,7.608388398587911,8.65393010916411,24.9243556120482,6.83036794994064,LSOAs never ranked in top 50 most deprived,544,473,491,440,304,UN1,Urban: Nearer to a major town or city,Urban,712,650
W01001379,Nelson 3,Caerphilly,1229,955,864,829,1110,1168,1711,1355,1046,14.0697623835715,15.7522549436915,17.9958410083264,18.9205927745562,12.3722225576746,11.225070745121,2.59218082865381,7.8736890044073,13.7082044144994,LSOAs never ranked in top 50 most deprived,1390,1431,1280,1168,710,UN1,Urban: Nearer to a major town or city,Urban,-61,482
W01001380,Newbridge 1,Caerphilly,1217,1268,1121,894,934,820,1293,1282,374,14.3508865591874,9.37239840702551,12.1502172313369,17.2317536408696,16.2509214476258,19.1645201635088,8.93164394102851,9.12453613689573,36.4499327337625,LSOAs never ranked in top 50 most deprived,1242,1122,1117,1156,780,UN1,Urban: Nearer to a major town or city,Urban,-397,76
W01001381,Newbridge 2,Caerphilly,162,139,144,285,128,372,923,421,1102,45.7946396583529,56.9719862408186,56.2775777153638,42.2694637565479,58.5777527551779,36.5657666493048,16.5165074178743,33.883359570169,12.5350376409081,LSOAs never ranked in top 50 most deprived,214,146,112,187,151,UN1,Urban: Nearer to a major town or city,Urban,210,761
W01001382,Newbridge 3,Caerphilly,1019,932,889,756,1133,1385,1119,419,362,17.2634595990216,16.2989822568077,17.3573517513344,20.9779965462669,11.910448810271,7.378734437306749,12.1904227741629,33.9869350882549,37.1538517812199,LSOAs never ranked in top 50 most deprived,1110,1435,1182,1186,802,UN1,Urban: Nearer to a major town or city,Urban,366,100
W01001383,Newbridge 4,Caerphilly,658,728,685,605,676,1538,660,389,181,23.6345711798851,21.8186882602783,23.172721919325,25.9258803794626,23.466500804107,5.00793129814132,23.998223310090495,35.5992884101464,51.7025112206975,LSOAs never ranked in top 50 most deprived,798,850,984,806,739,UN1,Urban: Nearer to a major town or city,Urban,880,2
W01001384,New Tredegar 1,Caerphilly,472,591,509,652,305,1206,439,104,989,29.013038366099295,26.4434863026012,29.7341088318915,24.268766466652295,40.8275328135948,10.5033661375025,32.9715891768613,62.5268745529736,14.9671336386227,LSOAs never ranked in top 50 most deprived,578,632,488,540,467,RLF1,Larger rural: Further from a major town or city,Rural,734,-33
W01001385,New Tredegar 2,Caerphilly,252,415,326,217,394,424,308,194,731,38.1760654905172,34.1954960047694,39.4049064949531,47.9834404914399,35.322590777636,33.7288656324468,40.6188332964369,50.2891643604948,21.7271301988704,LSOAs never ranked in top 50 most deprived,246,245,312,231,241,RLF1,Larger rural: Further from a major town or city,Rural,172,56
W01001386,New Tredegar 3,Caerphilly,56,94,51,147,27,704,484,15,1000,59.4796453106776,64.3959813046485,74.8059807344962,55.8707782061083,83.6587696484863,22.5645774715646,30.838771086219,89.8120767513217,14.7187562513825,LSOAs never ranked in top 50 most deprived,59,70,60,68,51,RLF1,Larger rural: Further from a major town or city,Rural,648,428
W01001387,Pengam 1,Caerphilly,519,487,423,746,389,841,857,407,975,27.677118539722095,30.7033759993631,33.7802483917221,21.2747284720274,35.5992884101464,18.599329017006905,18.1778407727645,34.6183786555975,15.2871797852758,LSOAs never ranked in top 50 most deprived,472,353,231,341,448,UF1,Urban: Further from a major town or city,Urban,322,338
W01001388,Pengam 2,Caerphilly,494,458,418,575,356,1176,1116,303,759,28.4700742619669,32.0468339619845,34.0388982852619,27.0496607107552,37.5140585258403,11.071239599668,12.2508631750602,40.9677253706744,20.889718375820905,LSOAs never ranked in top 50 most deprived,405,422,439,399,232,UF1,Urban: Further from a major town or city,Urban,682,622
W01001389,Pengam 3,Caerphilly,1025,1010,975,552,755,1816,1003,1169,371,17.2141469457024,14.4952628261818,15.2871797852758,27.9500155661972,21.0074980590031,1.24083482798257,14.651479899389,11.2057854914306,36.6239031076496,LSOAs never ranked in top 50 most deprived,918,1068,946,943,803,UF1,Urban: Further from a major town or city,Urban,791,-22
W01001390,Penmaen 1,Caerphilly,1748,1675,1437,1458,1543,1836,1898,1424,651,5.28212748046352,3.07440092870822,6.54526411930516,6.21704907705438,4.93443101457545,0.99220003951702,0.238082435226713,6.75081729104151,24.3028092202755,LSOAs never ranked in top 50 most deprived,1733,1711,1734,1496,1220,UN1,Urban: Nearer to a major town or city,Urban,88,150
W01001391,Penmaen 2,Caerphilly,1029,767,840,909,731,1910,796,900,1028,17.1931700697617,20.6559531098305,18.625930266217,16.8590227972697,21.7271301988704,0.0949374406634471,19.8279311022189,17.081935684114,14.0983671490301,LSOAs never ranked in top 50 most deprived,947,885,767,693,675,UN1,Urban: Nearer to a major town or city,Urban,881,-233
W01001392,Penmaen 3,Caerphilly,1569,1551,1259,1175,1407,1180,1743,1200,765,8.4745811365911,4.81731694091967,9.53316063392553,11.0904123205042,7.02241968093653,10.9947081408968,2.17186697171214,10.6158246958436,20.7141720612192,LSOAs never ranked in top 50 most deprived,1519,1503,1535,1427,1345,UF1,Urban: Further from a major town or city,Urban,-389,174
W01001393,Penyrheol 1,Caerphilly,460,506,290,530,325,1026,1204,569,751,29.5861018251297,29.8639008533188,41.9004179811054,28.8455119090077,39.4706920344609,14.1421299579841,10.5407912605816,27.2811592342906,21.125883980749695,LSOAs never ranked in top 50 most deprived,407,382,499,539,352,UN1,Urban: Nearer to a major town or city,Urban,566,744
W01001394,Penyrheol 2,Caerphilly,1829,1760,1821,1650,1572,1131,1874,1547,1155,3.86924025003504,1.95166065814167,1.17842369651097,3.41532546266928,4.51270000163965,11.9502370380452,0.52707314322933,4.8757994359463,11.4772617563852,LSOAs never ranked in top 50 most deprived,1833,1842,1830,1746,1743,UN1,Urban: Nearer to a major town or city,Urban,-698,45
W01001395,Penyrheol 3,Caerphilly,508,454,420,479,636,1062,1449,513,167,28.0675136442084,32.2384533751392,33.9350890255224,31.066215959085305,24.8195911055164,13.3668635958731,6.35713954651361,29.5621843449785,53.328456238315,LSOAs never ranked in top 50 most deprived,536,639,757,562,593,UN1,Urban: Nearer to a major town or city,Urban,554,941
W01001396,Penyrheol 4,Caerphilly,197,222,177,236,247,566,669,416,366,42.5850837192911,47.5113795103644,52.155457530604,46.2389369258219,45.2863163563805,27.3977881755914,23.6976183287089,34.1431782076104,36.9168102920014,LSOAs never ranked in top 50 most deprived,242,139,138,171,75,UN1,Urban: Nearer to a major town or city,Urban,369,472
W01001397,Penyrheol 5,Caerphilly,1356,1044,1033,1129,1178,899,1729,1106,1488,11.9993597339423,13.7512304210547,13.9893230473638,11.9900942156827,11.0329420384266,17.1068376716429,2.35480988929415,12.4534860302914,5.75614910780116,LSOAs never ranked in top 50 most deprived,1374,1182,1012,1053,1008,UN1,Urban: Nearer to a major town or city,Urban,-457,373
W01001398,Penyrheol 6,Caerphilly,1643,1475,1418,1016,1575,1491,1732,1468,901,7.394789059232461,5.95473947595861,6.84631115234875,14.3622018183192,4.4695107759153,5.71056304896937,2.31548515130958,6.06238725453122,17.0570606286885,LSOAs never ranked in top 50 most deprived,1675,1561,1748,1727,1706,UN1,Urban: Nearer to a major town or city,Urban,-152,89
W01001399,Penyrheol 7,Caerphilly,1391,1183,1260,1299,923,1220,1443,1538,402,11.5453002828226,10.9374762021069,9.5152425735665,8.82710790050632,16.5165074178743,10.2430816555367,6.4510094918429,5.00793129814132,34.8866839068173,LSOAs never ranked in top 50 most deprived,1340,1282,1380,1553,1487,UN1,Urban: Nearer to a major town or city,Urban,-171,52
W01001400,Penyrheol 8,Caerphilly,99,80,108,88,145,423,541,293,961,53.6665424011965,67.2975617789624,61.8197854357871,65.5949899718188,56.1411768663389,33.7802483917221,28.3934057862217,41.6817998039603,15.6117423095376,LSOAs never ranked in top 50 most deprived,90,115,93,210,195,UN1,Urban: Nearer to a major town or city,Urban,324,442
W01001401,Pontllanfraith 1,Caerphilly,643,665,437,631,694,799,1427,806,437,24.0184286764621,23.8307357386068,33.0711303301886,24.9944646703117,22.8826481945157,19.743950697092295,6.70321863063254,19.5491807435255,33.0711303301886,LSOAs never ranked in top 50 most deprived,664,588,590,602,496,UN1,Urban: Nearer to a major town or city,Urban,156,784
W01001402,Pontllanfraith 2,Caerphilly,378,329,347,406,439,910,898,289,818,32.3406725543419,39.2086713724364,38.0651720786778,34.6717898978839,32.9715891768613,16.8343875345513,17.1317666496571,41.9737549349954,19.2190793710624,LSOAs never ranked in top 50 most deprived,423,309,316,309,201,UN1,Urban: Nearer to a major town or city,Urban,532,520
W01001403,Pontllanfraith 3,Caerphilly,1110,842,771,1139,937,1404,1403,876,451,16.076183583372,18.5727584986254,20.5399554523121,11.7914954508383,16.1790180131088,7.07068423377793,7.08679495125566,17.6871533720537,32.3832229231496,LSOAs never ranked in top 50 most deprived,1007,942,871,755,826,UN1,Urban: Nearer to a major town or city,Urban,294,293
W01001404,Pontllanfraith 4,Caerphilly,1795,1809,1575,1604,1494,1650,1712,1616,658,4.55897867267049,1.32849590892464,4.4695107759153,4.05614363843974,5.66506716312915,3.41532546266928,2.57892908837866,3.8872447529099694,24.0655613410692,LSOAs never ranked in top 50 most deprived,1713,1752,1660,1654,1599,UN1,Urban: Nearer to a major town or city,Urban,-145,-83
W01001405,Pontllanfraith 5,Caerphilly,688,617,593,915,501,913,1198,640,423,23.157971197149905,25.491304687821,26.3688255954843,16.7116054751692,30.0818619066493,16.7606396725577,10.6534334073098,24.6806433005279,33.7802483917221,LSOAs never ranked in top 50 most deprived,715,621,589,627,548,UN1,Urban: Nearer to a major town or city,Urban,225,510
W01001406,Pontlottyn,Caerphilly,370,507,269,442,183,748,1294,279,955,33.2368732186636,29.8205554137292,43.4918509036102,32.8230805685168,51.4793397416298,21.2150750361765,8.9141882397577,42.7202801087006,15.7522549436915,LSOAs never ranked in top 50 most deprived,315,307,243,248,227,RLF1,Larger rural: Further from a major town or city,Rural,378,924
W01001407,Risca East 1,Caerphilly,1117,1133,1058,892,886,589,1121,574,1165,16.0074699731863,11.910448810271,13.4517250569291,17.2819106113586,17.4330411565341,26.5183901566588,12.1502172313369,27.0880823494183,11.283023719303,LSOAs never ranked in top 50 most deprived,1225,1152,1294,1255,1413,UN1,Urban: Nearer to a major town or city,Urban,-528,4
W01001408,Risca East 2,Caerphilly,389,455,592,563,138,567,683,347,1094,31.8517286473853,32.1903986483829,26.4061256543757,27.5150115371531,57.1134197081889,27.3588461132057,23.2376825985408,38.0651720786778,12.6990135004679,LSOAs never ranked in top 50 most deprived,447,426,410,426,439,UN1,Urban: Nearer to a major town or city,Urban,178,294
W01001409,Risca East 3,Caerphilly,1263,1112,1039,999,754,1368,1382,1228,865,13.4787411224089,12.3316982382375,13.8591488979644,14.7412255037326,21.0370374611813,7.657899721566911,7.427753327324431,10.0956595638491,17.969958209404,LSOAs never ranked in top 50 most deprived,1387,1320,1407,1477,1232,UN1,Urban: Nearer to a major town or city,Urban,105,119
W01001410,Risca East 4,Caerphilly,550,610,549,445,535,1158,1008,91,767,26.921076512678,25.7438082601766,28.0700949563639,32.6755247162557,28.6389067984773,11.4188179131678,14.5397881120751,64.9876733609214,20.6559531098305,LSOAs never ranked in top 50 most deprived,566,589,623,647,732,UN1,Urban: Nearer to a major town or city,Urban,608,458
W01001411,Risca West 1,Caerphilly,832,764,561,732,827,1488,1357,635,400,20.266891797113505,20.7433368930437,27.5934936819906,21.6966916603332,18.9745757338571,5.75614910780116,7.840358591204061,24.8544596123281,34.9948885570188,LSOAs never ranked in top 50 most deprived,844,761,640,558,697,UN1,Urban: Nearer to a major town or city,Urban,656,525
W01001412,Risca West 2,Caerphilly,781,894,875,778,712,1900,395,427,156,21.1170054228891,17.2317536408696,17.7127196923689,20.3383566946506,22.3132504446043,0.214162983114442,35.2676484719636,33.5754025298363,54.6918465940365,LSOAs never ranked in top 50 most deprived,922,870,816,762,764,UN1,Urban: Nearer to a major town or city,Urban,1119,-386
W01001413,Risca West 3,Caerphilly,630,649,626,506,508,1306,1106,818,215,24.405264679198705,24.3710462634956,25.1706780267326,29.8639008533188,29.7772915086413,8.70574667081706,12.4534860302914,19.2190793710624,48.1750115662891,LSOAs never ranked in top 50 most deprived,635,613,607,436,493,UN1,Urban: Nearer to a major town or city,Urban,676,476
W01001414,St Cattwg 1,Caerphilly,205,224,109,174,334,1275,1225,72,1264,41.827320936368,47.3252349738796,61.6463582731176,52.5011188007851,38.8852881992107,9.24813338387546,10.1508321741438,69.1363141117731,9.44370959669208,LSOAs never ranked in top 50 most deprived,280,213,185,263,237,UF1,Urban: Further from a major town or city,Urban,1070,1020
W01001415,St Cattwg 2,Caerphilly,944,861,629,687,939,1240,1321,1131,617,18.3337339497813,18.073664626882895,25.0647880899908,23.1079441969628,16.1312069689596,9.87628316005961,8.44782340412111,11.9502370380452,25.491304687821,LSOAs never ranked in top 50 most deprived,729,616,558,525,556,UN1,Urban: Nearer to a major town or city,Urban,296,377
W01001416,St Cattwg 3,Caerphilly,1006,942,774,818,742,848,1281,1013,1146,17.470186465020898,16.059676238022,20.4533395220968,19.2190793710624,21.394501516221695,18.4139767812634,9.14215227401453,14.4286360982988,11.6534896520741,LSOAs never ranked in top 50 most deprived,1008,963,894,981,899,UF1,Urban: Further from a major town or city,Urban,-158,275
W01001417,St Cattwg 4,Caerphilly,1618,1648,1480,1282,1470,852,1782,1356,668,7.706698149697301,3.44281899211342,5.87815550762791,9.12453613689573,6.03157930099288,18.3087280282571,1.66978200350748,7.85701776021684,23.7308255216234,LSOAs never ranked in top 50 most deprived,1565,1404,1395,1451,1253,UF1,Urban: Further from a major town or city,Urban,-766,164
W01001418,St Cattwg 5,Caerphilly,454,499,405,364,369,686,998,603,1274,29.6873372125154,30.1696279817499,34.7253254620083,37.0350256647686,36.7406187399848,23.1403102529704,14.7637167283019,25.9991147215854,9.26584447784323,LSOAs never ranked in top 50 most deprived,325,368,269,287,239,UN1,Urban: Nearer to a major town or city,Urban,232,544
W01001419,St James 1,Caerphilly,1165,1323,1141,1527,1360,198,730,808,646,15.2113181473897,8.41365113915402,11.7519806533515,5.17046349396186,7.79045336062413,49.8712011904335,21.7576090736049,19.4938337914636,24.4737829256576,LSOAs never ranked in top 50 most deprived,1172,1086,951,1082,1030,RSN1,Smaller rural: Nearer to a major town or city,Rural,-967,-435
W01001420,St James 2,Caerphilly,1535,1450,1308,1378,1292,1179,1575,1125,553,9.00888677508428,6.34153173513494,8.67118932882823,7.49327478358407,8.94911290025359,11.0138171449293,4.4695107759153,12.0700163793339,27.9101280144764,LSOAs never ranked in top 50 most deprived,1496,1308,1324,1057,1515,UN1,Urban: Nearer to a major town or city,Urban,-356,40
W01001421,St James 3,Caerphilly,2,8,4,13,21,793,307,32,151,78.5001374751545,94.3464939726561,97.4053272071611,91.0190330224667,86.5302557809162,19.9122192709302,40.6881896017888,81.5125373269623,55.3393347887518,LSOAs in Deep-rooted deprivation,3,1,2,9,18,UN1,Urban: Nearer to a major town or city,Urban,791,305
W01001422,St James 4,Caerphilly,183,201,102,708,144,870,588,61,610,43.7840773804295,49.5626389802718,62.888741563461,22.4385706702572,56.2775777153638,17.840979324203,26.5559337597091,71.9315925517014,25.7438082601766,LSOAs never ranked in top 50 most deprived,113,107,79,150,189,UN1,Urban: Nearer to a major town or city,Urban,687,405
W01001423,St Martins 1,Caerphilly,1650,1716,1525,1388,1548,1268,1689,1504,207,7.296319501411821,2.52599834713437,5.20013859807531,7.32981979695347,4.86116486524089,9.37239840702551,2.88566766807736,5.51406090412589,48.9576623742928,LSOAs never ranked in top 50 most deprived,1552,1470,1556,1626,1718,UN1,Urban: Nearer to a major town or city,Urban,-382,39
W01001424,St Martins 2,Caerphilly,758,632,641,602,1048,1396,909,286,635,21.828563636415,24.9593834277118,24.646037112484095,26.0358195232768,13.6652587462547,7.19988706490412,16.8590227972697,42.1951793598668,24.8544596123281,LSOAs never ranked in top 50 most deprived,739,758,836,686,872,UN1,Urban: Nearer to a major town or city,Urban,638,151
W01001425,St Martins 3,Caerphilly,1429,1251,1280,1071,1484,1274,1233,632,713,10.9408627207732,9.6770098701235,9.15978191401032,13.1770624210437,5.81707140801809,9.26584447784323,10.0039983060913,24.9593834277118,22.2820267909355,LSOAs never ranked in top 50 most deprived,1393,1271,1452,1517,1488,UN1,Urban: Nearer to a major town or city,Urban,-155,-196
W01001426,St Martins 4,Caerphilly,1719,1790,1600,1867,1539,871,1513,606,1211,6.03899798284314,1.56813118308526,4.11272001753924,0.612050651016539,4.99321243883806,17.8152701147679,5.37899778336937,25.889350467786105,10.4100688919477,LSOAs never ranked in top 50 most deprived,1697,1753,1617,1682,1596,UN1,Urban: Nearer to a major town or city,Urban,-848,-206
W01001427,St Martins 5,Caerphilly,1871,1721,1802,1739,1775,1530,1710,1652,926,3.14304507910437,2.46000575936387,1.41649237572638,2.22398806244041,1.75909650129803,5.12602250353269,2.60544020848821,3.38786475895365,16.4437702057272,LSOAs never ranked in top 50 most deprived,1878,1878,1797,1869,1789,UN1,Urban: Nearer to a major town or city,Urban,-341,-161
W01001428,Twyn Carno 1,Caerphilly,12,23,6,60,5,779,702,19,879,71.6636165867005,85.5327261252308,95.8250976903073,72.203395391669,96.6016437838926,20.3097005807366,22.6278406970755,87.57301835159141,17.6106244840572,LSOAs in Deep-rooted deprivation,8,7,3,8,6,RLF1,Larger rural: Further from a major town or city,Rural,767,690
W01001429,Twyn Carno 2,Caerphilly,458,876,323,424,589,604,533,456,250,29.6235934457267,17.6871533720537,39.6028303062084,33.7288656324468,26.5183901566588,25.962468402336,28.7213262688648,32.1424441147939,45.0332153132561,LSOAs never ranked in top 50 most deprived,473,605,484,447,393,RLF1,Larger rural: Further from a major town or city,Rural,146,75
W01001430,Ynysddu 1,Caerphilly,768,800,835,726,784,499,716,652,739,21.4963815791378,19.7160252328773,18.7593999742441,21.8799300818585,20.1669531245814,30.1696279817499,22.1886093532181,24.268766466652295,21.4847424007712,LSOAs never ranked in top 50 most deprived,887,532,384,318,364,UN1,Urban: Nearer to a major town or city,Urban,-269,-52
W01001431,Ynysddu 2,Caerphilly,981,993,1002,795,968,371,789,1326,1197,17.7652363852653,14.8765039443765,14.6738834919112,19.8559928512103,15.4488885476342,36.6239031076496,20.025086155969,8.36248775002633,10.6722608493273,LSOAs never ranked in top 50 most deprived,1083,955,764,793,709,RSN1,Smaller rural: Nearer to a major town or city,Rural,-610,-192
W01001432,Ystrad Mynach 1,Caerphilly,1063,925,498,1069,1222,718,1650,1212,1109,16.736642037514,16.4679903931507,30.2136369301349,13.2191053090711,10.2061374513068,22.1265411904144,3.41532546266928,10.3914547711558,12.3925115242157,LSOAs never ranked in top 50 most deprived,1292,905,825,787,896,UN1,Urban: Nearer to a major town or city,Urban,-345,587
W01001433,Ystrad Mynach 2,Caerphilly,801,879,677,781,1132,1912,603,722,34,20.7517326998016,17.6106244840572,23.4336727856376,20.2524952405081,11.9303343203381,0.0711663169787136,25.9991147215854,22.0029051103346,80.7071490620134,LSOAs never ranked in top 50 most deprived,659,725,993,1010,851,UN1,Urban: Nearer to a major town or city,Urban,1111,-198
W01001434,Ystrad Mynach 3,Caerphilly,1622,1663,1428,1510,1665,824,1781,982,476,7.6862428443692306,3.23741416381765,6.68737427552595,5.4239307553771,3.21016493143694,19.055788486218,1.68252000264156,15.1266000341796,31.2037703789577,LSOAs never ranked in top 50 most deprived,1576,1549,1596,1628,1093,UN1,Urban: Nearer to a major town or city,Urban,-798,159
W01001435,Abertillery 1,Blaenau Gwent,386,556,410,656,240,1443,495,119,186,31.9827547289176,27.7908787352101,34.4588851190028,24.1330970993627,45.8879473662721,6.4510094918429,30.346171291299,59.9804254727329,51.1485909630094,LSOAs never ranked in top 50 most deprived,497,457,468,464,434,UF1,Urban: Further from a major town or city,Urban,1057,109
W01001436,Abertillery 2,Blaenau Gwent,400,589,359,561,248,1777,630,60,455,31.4136573404302,26.5183901566588,37.3332500036774,27.5934936819906,45.2016394953934,1.73354266296509,25.029599503078295,72.203395391669,32.1903986483829,LSOAs never ranked in top 50 most deprived,274,344,438,378,384,UF1,Urban: Further from a major town or city,Urban,1377,230
W01001437,Abertillery 3,Blaenau Gwent,1191,1166,888,1227,568,1854,868,909,882,14.7034862481281,11.263689831837,17.3825538874175,10.1140357324734,27.3199698734857,0.770703856354722,17.8924841166429,16.8590227972697,17.534349389692,LSOAs never ranked in top 50 most deprived,963,798,885,1090,944,UF1,Urban: Further from a major town or city,Urban,663,-323
W01001438,Badminton 1,Blaenau Gwent,745,520,622,348,985,1205,1641,678,1439,22.1757964528926,29.2643745927451,25.3126272482033,38.0032810529464,15.0581218652982,10.5220710868698,3.53930598471235,23.400891555994,6.51380297306978,LSOAs never ranked in top 50 most deprived,597,603,862,532,519,UF1,Urban: Further from a major town or city,Urban,460,896
W01001439,Badminton 2,Blaenau Gwent,1406,1288,1023,990,1108,1419,1320,970,1457,11.3318913964674,9.01912172048089,14.2079306977063,14.9444427131545,12.4128184040452,6.83036794994064,8.46492859478172,15.4025699129392,6.23257261418999,LSOAs never ranked in top 50 most deprived,1176,978,1118,1071,1081,UF1,Urban: Further from a major town or city,Urban,13,-86
W01001440,Beaufort 1,Blaenau Gwent,657,543,517,774,615,533,1527,506,1814,23.647786225272,28.312151008497,29.391535460565,20.4533395220968,25.563166143647,28.7213262688648,5.17046349396186,29.8639008533188,1.26584677711153,LSOAs never ranked in top 50 most deprived,595,577,519,566,567,UF1,Urban: Further from a major town or city,Urban,-124,870
W01001441,Beaufort 2,Blaenau Gwent,105,125,150,46,74,314,1072,330,1877,52.3398675730832,59.0358709096692,55.471048864908,76.3901675473683,68.6626621027507,40.2070309127906,13.156069761591,39.1436299697375,0.49075010349887294,LSOAs never ranked in top 50 most deprived,235,134,118,100,73,UF1,Urban: Further from a major town or city,Urban,209,967
W01001442,Beaufort 3,Blaenau Gwent,1455,1628,1163,1150,1285,1622,1061,548,590,10.4037612622042,3.7195771283049,11.3217403190675,11.574999395637,9.07176853635428,3.8032581559873706,13.388049625384,28.110261139583,26.4809077373209,LSOAs never ranked in top 50 most deprived,1462,1257,1141,1246,1141,UF1,Urban: Further from a major town or city,Urban,167,-394
W01001443,Blaina 1,Blaenau Gwent,240,350,192,203,162,1667,778,107,1296,39.081470460745,37.8799964021223,50.5010291475884,49.3592068784843,53.9381796839335,3.18294794436459,20.3383566946506,61.9945302349517,8.87931653068936,LSOAs never ranked in top 50 most deprived,303,308,295,369,369,UF1,Urban: Further from a major town or city,Urban,1427,538
W01001444,Blaina 2,Blaenau Gwent,547,501,600,519,282,1035,1209,405,1020,26.969828718182505,30.0818619066493,26.1094053227161,29.3066834813451,42.4937674101781,13.9458497514272,10.4473423883424,34.7253254620083,14.2739202271162,LSOAs never ranked in top 50 most deprived,495,480,427,403,388,UF1,Urban: Further from a major town or city,Urban,488,662
W01001445,Blaina 3,Blaenau Gwent,677,673,586,661,517,1192,616,495,1448,23.4301670827841,23.5652669328937,26.6312053182129,23.9646280811958,29.391535460565,10.7666299333993,25.5272073501539,30.346171291299,6.37275795655347,LSOAs never ranked in top 50 most deprived,716,606,458,510,540,UF1,Urban: Further from a major town or city,Urban,515,-61
W01001446,Brynmawr 1,Blaenau Gwent,1016,1045,787,431,1054,1156,1446,924,904,17.3337824977013,13.7297073567066,20.081727980287095,33.3723650014289,13.536900785158,11.4577639697738,6.40402663026238,16.4922361125709,16.9825964740492,LSOAs never ranked in top 50 most deprived,942,945,818,912,595,UF1,Urban: Further from a major town or city,Urban,140,430
W01001447,Brynmawr 2,Blaenau Gwent,248,184,365,259,171,965,633,382,1639,38.5120811523824,51.3685608303201,36.9758420280645,44.2902063742018,52.8520542938503,15.5185418687327,24.9243556120482,35.9923440910935,3.56694820635062,LSOAs never ranked in top 50 most deprived,282,241,189,259,300,UF1,Urban: Further from a major town or city,Urban,717,385
W01001448,Brynmawr 3,Blaenau Gwent,747,770,644,640,1010,1865,448,108,870,22.1393761419082,20.5689000671964,24.5425298701483,24.6806433005279,14.4952628261818,0.636387717665115,32.5289094731631,61.8197854357871,17.840979324203,LSOAs never ranked in top 50 most deprived,565,541,793,630,763,UF1,Urban: Further from a major town or city,Urban,1118,-299
W01001449,Brynmawr 4,Blaenau Gwent,726,630,569,587,620,1643,1073,307,1389,22.4389397303837,25.029599503078295,27.2811592342906,26.5935387465426,25.3839317421943,3.51169694460876,13.1350962451782,40.6881896017888,7.313538006868619,LSOAs never ranked in top 50 most deprived,537,530,515,565,530,UF1,Urban: Further from a major town or city,Urban,917,347
W01001450,Cwm 1,Blaenau Gwent,774,670,555,985,605,1273,692,1188,671,21.3778904495923,23.6644590109271,27.830559837053105,15.0581218652982,25.9258803794626,9.28356922070674,22.946793604401705,10.842404977394,23.6313474304328,LSOAs never ranked in top 50 most deprived,687,568,550,401,367,RLF1,Larger rural: Further from a major town or city,Rural,499,-82
W01001451,Cwm 2,Blaenau Gwent,341,352,350,449,433,1621,455,143,128,34.4411557937881,37.75736906021261,37.8799964021223,32.4802446836176,33.2715144397848,3.8172346418696894,32.1903986483829,56.4147923140819,58.5777527551779,LSOAs never ranked in top 50 most deprived,312,237,248,221,286,RLF1,Larger rural: Further from a major town or city,Rural,1280,114
W01001452,Cwm 3,Blaenau Gwent,1254,1349,1248,1101,861,397,1205,838,1585,13.7272142664821,7.97397103195276,9.73118613136615,12.5554708049479,18.073664626882895,35.1581560377781,10.5220710868698,18.6792252420405,4.32612961950757,LSOAs never ranked in top 50 most deprived,1156,994,1219,1273,1136,UF1,Urban: Further from a major town or city,Urban,-857,-49
W01001453,Cwmtillery 1,Blaenau Gwent,100,102,131,213,15,384,580,281,1819,53.4839799337106,62.888741563461,58.1285815636282,48.368191681927,89.8120767513217,35.8793553824041,26.858509414305505,42.5690240501672,1.20336783026323,LSOAs never ranked in top 50 most deprived,160,170,173,144,89,UF1,Urban: Further from a major town or city,Urban,284,480
W01001454,Cwmtillery 2,Blaenau Gwent,402,512,370,504,278,332,818,741,1480,31.3299142145023,29.605045135778,36.6821868883595,29.9508375693413,42.7962827981056,39.014096366433,19.2190793710624,21.424542488058705,5.87815550762791,LSOAs never ranked in top 50 most deprived,387,515,452,381,404,UF1,Urban: Further from a major town or city,Urban,-70,416
W01001455,Cwmtillery 3,Blaenau Gwent,507,602,455,359,312,1692,856,292,1069,28.0856110305744,26.0358195232768,32.1903986483829,37.3332500036774,40.3434807781602,2.84542553191598,18.2039587039418,41.7544418856589,13.2191053090711,LSOAs never ranked in top 50 most deprived,520,453,407,511,379,UF1,Urban: Further from a major town or city,Urban,1185,349
W01001456,Ebbw Vale North 1,Blaenau Gwent,461,395,335,456,442,1703,785,265,1418,29.5547335382022,35.2676484719636,38.8211536237917,32.1424441147939,32.8230805685168,2.69847051724183,20.1385096401892,43.8078755168361,6.84631115234875,LSOAs never ranked in top 50 most deprived,365,330,385,410,414,UF1,Urban: Further from a major town or city,Urban,1242,324
W01001457,Ebbw Vale North 2,Blaenau Gwent,52,68,47,61,37,434,829,100,1826,60.8082496367643,70.1139249360847,76.0644806138891,71.9315925517014,79.5495972703087,33.221254504512,18.9205927745562,63.2563930846068,1.11618146115725,LSOAs never ranked in top 50 most deprived,86,68,54,75,67,UF1,Urban: Further from a major town or city,Urban,382,777
W01001458,Ebbw Vale North 3,Blaenau Gwent,1351,1238,1243,1088,915,1604,1095,826,663,12.0998219789194,9.91270089384097,9.82176444997588,12.8227671692873,16.7116054751692,4.05614363843974,12.6784524717191,19.0016148014497,23.8975844798247,LSOAs never ranked in top 50 most deprived,951,1034,1026,1278,1011,UF1,Urban: Further from a major town or city,Urban,253,-256
W01001459,Ebbw Vale South 1,Blaenau Gwent,110,117,103,195,127,414,388,261,1171,50.9565617166911,60.3040983434743,62.7070963930939,50.1839593491089,58.7294471860413,34.2479330799044,35.6550296427717,44.1283029373219,11.167263427797,LSOAs never ranked in top 50 most deprived,130,76,76,106,114,UF1,Urban: Further from a major town or city,Urban,304,278
W01001460,Ebbw Vale South 2,Blaenau Gwent,717,847,825,580,799,462,1101,258,539,22.6135457746613,18.4403643954711,19.0286856939021,26.858509414305505,19.743950697092295,31.856797802148,12.5554708049479,44.3715874893872,28.4749486401806,LSOAs never ranked in top 50 most deprived,532,556,621,551,436,UF1,Urban: Further from a major town or city,Urban,-255,384
W01001461,Ebbw Vale South 3,Blaenau Gwent,425,623,507,278,594,1011,722,75,305,30.5213417996206,25.2770577269403,29.8205554137292,42.7962827981056,26.3315859297246,14.4730324649616,22.0029051103346,68.4294443992908,40.8275328135948,LSOAs never ranked in top 50 most deprived,440,555,393,513,631,UF1,Urban: Further from a major town or city,Urban,586,297
W01001462,Georgetown 1,Blaenau Gwent,1106,974,869,879,958,634,1578,726,1380,16.1329838296226,15.3102115446428,17.8667173033409,17.6106244840572,15.6818913235186,24.8893810608355,4.42640249861117,21.8799300818585,7.460490723607631,LSOAs never ranked in top 50 most deprived,825,630,700,661,662,UF1,Urban: Further from a major town or city,Urban,-472,472
W01001463,Georgetown 2,Blaenau Gwent,1101,1019,828,800,1153,1432,849,920,486,16.188502453119,14.2959588776925,18.9475684163847,19.7160252328773,11.5163069863456,6.62410577943288,18.3876194065474,16.5894753905145,30.748419193429,LSOAs never ranked in top 50 most deprived,1183,1133,1025,950,1078,UF1,Urban: Further from a major town or city,Urban,331,-252
W01001464,Llanhilleth 1,Blaenau Gwent,200,193,119,218,333,645,880,280,1321,42.3072305578335,50.3948528055127,59.9804254727329,47.8882500113902,38.9496021115052,24.5081307123561,17.5851713365055,42.6445277405534,8.44782340412111,LSOAs never ranked in top 50 most deprived,215,165,163,170,116,UN1,Urban: Nearer to a major town or city,Urban,445,680
W01001465,Llanhilleth 2,Blaenau Gwent,222,327,215,334,224,352,624,396,381,40.3585463339066,39.3393085814048,48.1750115662891,38.8852881992107,47.3252349738796,37.75736906021261,25.2415431290468,35.2128370995348,36.0490472780562,LSOAs never ranked in top 50 most deprived,239,263,274,237,156,RLN1,Larger rural: Nearer to a major town or city,Rural,130,402
W01001466,Llanhilleth 3,Blaenau Gwent,251,528,334,357,82,954,691,190,122,38.2763931722627,28.9286764209639,38.8852881992107,37.4536309497537,66.859958217564,15.7757574013147,22.978933520734895,50.7148636882803,59.5032997094976,LSOAs never ranked in top 50 most deprived,250,365,400,417,285,RLN1,Larger rural: Nearer to a major town or city,Rural,703,440
W01001467,Nantyglo 1,Blaenau Gwent,313,273,328,341,319,658,1175,86,1674,35.5616675204529,43.1801097429359,39.2738972266085,38.4400569687778,39.8694063508585,24.0655613410692,11.0904123205042,66.0089637625679,3.0879413233543,LSOAs never ranked in top 50 most deprived,249,221,265,233,122,UF1,Urban: Further from a major town or city,Urban,345,862
W01001468,Nantyglo 2,Blaenau Gwent,484,687,461,613,219,705,601,388,1486,28.672865433694,23.1079441969628,31.9041598421671,25.6352528280954,47.7934518745139,22.5330109932208,26.0725829943683,35.6550296427717,5.78659008657496,LSOAs never ranked in top 50 most deprived,376,255,375,274,194,UF1,Urban: Further from a major town or city,Urban,221,117
W01001469,Nantyglo 3,Blaenau Gwent,128,127,162,261,35,342,1066,297,1829,48.7281746603446,58.7294471860413,53.9381796839335,44.1283029373219,80.3147896569701,38.3771502834814,13.2823140914513,41.3935042589961,1.07891681052304,LSOAs never ranked in top 50 most deprived,138,111,130,148,143,UF1,Urban: Further from a major town or city,Urban,214,938
W01001470,Rassau 1,Blaenau Gwent,1320,1358,897,1180,819,806,1757,1439,1017,12.6653632834906,7.823711479889251,17.1567226767283,10.9947081408968,19.1917835895332,19.5491807435255,1.99036771401793,6.51380297306978,14.3400996326493,LSOAs never ranked in top 50 most deprived,1103,1049,802,965,625,UF1,Urban: Further from a major town or city,Urban,-514,437
W01001471,Rassau 2,Blaenau Gwent,148,121,130,115,201,1025,917,256,939,46.7639348226983,59.6612444249203,58.2773327586552,60.6323912704246,49.5626389802718,14.1640426279396,16.6626755924952,44.5352187023314,16.1312069689596,LSOAs never ranked in top 50 most deprived,211,132,134,131,252,UF1,Urban: Further from a major town or city,Urban,877,769
W01001472,Sirhowy 1,Blaenau Gwent,1357,1461,1138,959,1367,679,1439,1180,566,11.9856500098306,6.17054123122068,11.8112783366967,15.6584845384211,7.674427208996981,23.3681569819925,6.51380297306978,10.9947081408968,27.3977881755914,LSOAs never ranked in top 50 most deprived,1089,995,1070,994,887,UF1,Urban: Further from a major town or city,Urban,-678,82
W01001473,Sirhowy 2,Blaenau Gwent,25,31,32,38,14,320,1420,58,1086,67.7343575650889,81.9260602660985,81.5125373269623,79.1763405806634,90.4076387112208,39.8024721224689,6.81443579142984,72.7568312135891,12.864166806587,LSOAs often in the top 50 most deprived,53,16,11,24,32,UF1,Urban: Further from a major town or city,Urban,295,1395
W01001474,Sirhowy 3,Blaenau Gwent,383,480,278,498,462,230,1537,473,772,32.0980407347148,31.0205466940788,42.7962827981056,30.2136369301349,31.856797802148,46.775673266236,5.02265958281663,31.3421524126318,20.5110472173339,LSOAs never ranked in top 50 most deprived,437,375,328,351,278,UF1,Urban: Further from a major town or city,Urban,-153,1154
W01001475,Sirhowy 4,Blaenau Gwent,1096,1212,1005,821,925,1128,1154,432,325,16.2589232176084,10.3914547711558,14.6067380762028,19.1372890163735,16.4679903931507,12.0100487354592,11.4967760858774,33.3218844443697,39.4706920344609,LSOAs never ranked in top 50 most deprived,799,787,606,763,464,UF1,Urban: Further from a major town or city,Urban,32,58
W01001478,Tredegar Central and West 1,Blaenau Gwent,945,1221,943,849,641,919,793,176,1139,18.3217415298055,10.2246021356279,16.0358820119611,18.3876194065474,24.646037112484095,16.6138495816422,19.9122192709302,52.270101715109,11.7914954508383,LSOAs never ranked in top 50 most deprived,867,795,742,830,642,UF1,Urban: Further from a major town or city,Urban,-26,-152
W01001479,Tredegar Central and West 2,Blaenau Gwent,44,43,29,71,41,889,819,33,1563,62.6721071112969,77.3958487053242,82.7761020653964,69.3768488753494,78.09159448065671,17.3573517513344,19.1917835895332,81.106318101445,4.64275642376627,LSOAs in Deep-rooted deprivation,35,18,16,19,37,UF1,Urban: Further from a major town or city,Urban,845,775
W01001480,Tredegar Central and West 3,Blaenau Gwent,188,116,139,189,306,676,1406,268,1343,43.5891196404887,60.467659071455,56.9719862408186,50.8225311289116,40.7577556832299,23.466500804107,7.03849661437819,43.5704509047974,8.07469221342719,LSOAs never ranked in top 50 most deprived,217,167,94,105,77,UF1,Urban: Further from a major town or city,Urban,488,1218
W01001481,Tredegar Central and West 4,Blaenau Gwent,196,362,135,95,260,1532,1487,20,347,42.7866509276861,37.1538517812199,57.543014490177,64.2020855526035,44.2091121956056,5.0964428103536,5.77136456102979,87.045728040902,38.0651720786778,LSOAs never ranked in top 50 most deprived,203,186,238,290,248,UF1,Urban: Further from a major town or city,Urban,1336,1291
W01001482,Abersychan 1,Torfaen,317,336,391,187,347,512,779,433,1430,35.393997127208,38.7571973878808,35.4882095871764,51.0393899464109,38.0651720786778,29.605045135778,20.3097005807366,33.2715144397848,6.65571827258085,LSOAs never ranked in top 50 most deprived,311,282,270,279,259,UN1,Urban: Nearer to a major town or city,Urban,195,462
W01001483,Abersychan 2,Torfaen,175,174,154,209,263,1455,429,229,143,44.8124076593375,52.5011188007851,54.9486586961829,48.7594887676383,43.9675312221797,6.263651156064,33.4736597215886,46.8663598284772,56.4147923140819,LSOAs never ranked in top 50 most deprived,197,199,386,305,402,UN1,Urban: Nearer to a major town or city,Urban,1280,254
W01001484,Abersychan 3,Torfaen,1134,1001,912,837,852,1083,1278,776,1123,15.7048278586146,14.696308928363,16.7851960284496,18.7059191117323,18.3087280282571,12.9264063213085,9.19508178554439,20.3957762549126,12.1100818478712,LSOAs never ranked in top 50 most deprived,1048,1304,978,1089,1046,UN1,Urban: Nearer to a major town or city,Urban,-51,144
W01001485,Abersychan 4,Torfaen,267,280,270,116,474,956,1214,150,840,37.7256902860037,42.6445277405534,43.4135185948375,60.467659071455,31.295932496239505,15.7287764774469,10.3542716624636,55.471048864908,18.625930266217,LSOAs never ranked in top 50 most deprived,285,413,496,493,509,UN1,Urban: Nearer to a major town or city,Urban,689,947
W01001486,Abersychan 5,Torfaen,783,844,709,670,696,1450,768,218,853,21.0991666995712,18.5197093709096,22.4071765401366,23.6644590109271,22.818681184314105,6.34153173513494,20.6268988037534,47.8882500113902,18.282490921598,LSOAs never ranked in top 50 most deprived,837,853,758,841,720,UN1,Urban: Nearer to a major town or city,Urban,667,-15
W01001487,Blaenavon 1,Torfaen,779,568,700,773,856,1238,1378,321,570,21.1841016885677,27.3199698734857,22.6912784128934,20.4821752709261,18.2039587039418,9.91270089384097,7.49327478358407,39.7357321198931,27.2424139746021,LSOAs never ranked in top 50 most deprived,626,685,851,498,706,RLN1,Larger rural: Nearer to a major town or city,Rural,459,599
W01001488,Blaenavon 2,Torfaen,235,186,218,369,153,1313,741,245,1464,39.4181215486367,51.1485909630094,47.8882500113902,36.7406187399848,55.0781481254215,8.5850224530122,21.424542488058705,45.456611096029,6.12412723823759,LSOAs never ranked in top 50 most deprived,252,196,150,225,146,RLN1,Larger rural: Nearer to a major town or city,Rural,1078,506
W01001489,Blaenavon 3,Torfaen,379,436,386,567,292,810,534,351,524,32.2602612680769,33.1210629250296,35.7669190243379,27.3588461132057,41.7544418856589,19.4386197060457,28.6800796153805,37.818601005911,29.095913048907505,LSOAs never ranked in top 50 most deprived,462,573,678,664,491,RLN1,Larger rural: Nearer to a major town or city,Rural,431,155
W01001490,Blaenavon 4,Torfaen,652,694,719,922,549,1778,265,267,469,23.7378812959252,22.8826481945157,22.095569808014705,16.5408043631181,28.0700949563639,1.72077638263589,43.8078755168361,43.6493204342963,31.527966533529,LSOAs never ranked in top 50 most deprived,898,1336,1269,1383,1453,RLN1,Larger rural: Nearer to a major town or city,Rural,1126,-387
W01001491,Brynwern,Torfaen,511,471,412,370,453,1585,596,631,1671,28.0106810503285,31.4348718274628,34.3531672483296,36.6821868883595,32.2866087146138,4.32612961950757,26.2572869975422,24.9944646703117,3.12861040151644,LSOAs never ranked in top 50 most deprived,375,441,507,463,490,UN1,Urban: Nearer to a major town or city,Urban,1074,85
W01001492,Coed Eva,Torfaen,1163,808,805,1177,944,926,1531,957,1546,15.2377082385497,19.4938337914636,19.5769042446795,11.0520828478352,16.0121123763408,16.4437702057272,5.1112279017356,15.7053219536497,4.89044332434856,LSOAs never ranked in top 50 most deprived,1238,1101,1265,1298,1322,UN1,Urban: Nearer to a major town or city,Urban,-237,368
W01001493,Croesyceiliog North 1,Torfaen,848,798,742,737,790,1214,1263,699,238,19.9863004436483,19.7719101082479,21.394501516221695,21.5451002935689,19.9968174672526,10.3542716624636,9.46157199452266,22.7230630059823,46.0627726217234,LSOAs never ranked in top 50 most deprived,795,886,853,742,902,UN1,Urban: Nearer to a major town or city,Urban,366,415
W01001494,Croesyceiliog North 2,Torfaen,1630,1454,1208,1645,1204,1480,1434,1488,1056,7.616619633311541,6.27920618917483,10.466001812891,3.48412100647357,10.5407912605816,5.87815550762791,6.59253667664155,5.75614910780116,13.4942734922363,LSOAs never ranked in top 50 most deprived,1551,1580,1658,1712,1703,UN1,Urban: Nearer to a major town or city,Urban,-150,-196
W01001495,Croesyceiliog South,Torfaen,1424,1214,1016,1153,1227,1260,1669,858,1089,11.0770265050415,10.3542716624636,14.3622018183192,11.5163069863456,10.1140357324734,9.5152425735665,3.15576312637597,18.1517524664854,12.8020952616562,LSOAs never ranked in top 50 most deprived,1376,1414,1662,1612,1444,UN1,Urban: Nearer to a major town or city,Urban,-164,245
W01001496,Cwmyniscoy,Torfaen,210,216,193,319,343,341,552,437,677,41.1855327397003,48.0790265757632,50.3948528055127,39.8694063508585,38.3144151833871,38.4400569687778,27.9500155661972,33.0711303301886,23.4336727856376,LSOAs never ranked in top 50 most deprived,208,242,262,323,245,UN1,Urban: Nearer to a major town or city,Urban,131,342
W01001497,Fairwater (Torfaen) 1,Torfaen,538,340,469,568,481,1684,1173,299,1214,27.087904855766695,38.5031361804481,31.527966533529,27.3199698734857,30.9749679312151,2.95289475817678,11.1288057758357,41.2507003840654,10.3542716624636,LSOAs never ranked in top 50 most deprived,511,517,594,673,711,UN1,Urban: Nearer to a major town or city,Urban,1146,635
W01001498,Fairwater (Torfaen) 2,Torfaen,366,282,432,472,185,1440,682,233,1294,33.4125654434989,42.4937674101781,33.3218844443697,31.3884653978513,51.2583129262402,6.49808852335348,23.2702318705022,46.5057394473204,8.9141882397577,LSOAs never ranked in top 50 most deprived,371,406,540,594,539,UN1,Urban: Nearer to a major town or city,Urban,1074,316
W01001499,Fairwater (Torfaen) 3,Torfaen,1089,833,878,537,946,1281,1413,1263,1653,16.3640087139689,18.8130054832843,17.636105830763,28.5567816203031,15.9646466734826,9.14215227401453,6.92619336021997,9.46157199452266,3.3741466922672494,LSOAs never ranked in top 50 most deprived,1306,1345,1114,1365,1215,UN1,Urban: Nearer to a major town or city,Urban,192,324
W01001500,Fairwater (Torfaen) 4,Torfaen,1728,1824,1494,1222,1626,1002,1883,1611,1057,5.81616408266146,1.14105814627672,5.66506716312915,10.2061374513068,3.74743698931493,14.6738834919112,0.418275663250316,3.95746861979922,13.4729894356203,LSOAs never ranked in top 50 most deprived,1743,1454,1641,1509,1418,UN1,Urban: Nearer to a major town or city,Urban,-726,155
W01001501,Greenmeadow 1,Torfaen,260,230,292,367,194,1010,729,96,1772,37.911531361172,46.775673266236,41.7544418856589,36.8579296788392,50.2891643604948,14.4952628261818,21.7881283915832,64.0098107348773,1.79748057137151,LSOAs never ranked in top 50 most deprived,264,350,403,461,501,UN1,Urban: Nearer to a major town or city,Urban,750,469
W01001502,Greenmeadow 2,Torfaen,1660,1486,1555,1476,1261,980,1639,978,1777,7.13123426624462,5.78659008657496,4.75898277326274,5.9394022683437,9.49733846133702,15.172365676842,3.56694820635062,15.2182225660566,1.73354266296509,LSOAs never ranked in top 50 most deprived,1597,1627,1567,1534,1492,UN1,Urban: Nearer to a major town or city,Urban,-680,-21
W01001503,Greenmeadow 3,Torfaen,229,198,267,212,220,1329,736,144,1292,39.6834622019955,49.8712011904335,43.6493204342963,48.4653936212711,47.6990428598684,8.31143792104385,21.5753387420382,56.2775777153638,8.94911290025359,LSOAs never ranked in top 50 most deprived,271,257,482,554,557,UN1,Urban: Nearer to a major town or city,Urban,1100,507
W01001504,Llantarnam 1,Torfaen,884,815,768,753,983,617,1220,993,542,19.2786228695845,19.3011616189369,20.6268988037534,21.0666148502514,15.1037513169693,25.491304687821,10.2430816555367,14.8765039443765,28.3527425151014,LSOAs never ranked in top 50 most deprived,970,771,763,685,846,UN1,Urban: Nearer to a major town or city,Urban,-267,336
W01001505,Llantarnam 2,Torfaen,1474,1350,1360,1382,1432,420,1807,1677,801,10.0023255068442,7.957226967484101,7.79045336062413,7.427753327324431,6.62410577943288,33.9350890255224,1.35360342142781,3.04734403018861,19.6881336332693,LSOAs never ranked in top 50 most deprived,1383,1358,1393,1205,1285,UN1,Urban: Nearer to a major town or city,Urban,-1054,333
W01001506,Llantarnam 3,Torfaen,225,252,145,141,573,1159,1033,112,607,40.1485429803306,44.8660155057172,56.1411768663389,56.6917020085358,27.126568279074,11.3993695873384,13.9893230473638,61.1337875661468,25.8528784830079,LSOAs never ranked in top 50 most deprived,206,273,389,391,359,UN1,Urban: Nearer to a major town or city,Urban,934,808
W01001507,Llanyrafon North,Torfaen,1260,960,936,1209,974,1499,1437,1123,563,13.5201179373619,15.6351015498729,16.2029608569497,10.4473423883424,15.3102115446428,5.5894401050987,6.54526411930516,12.1100818478712,27.5150115371531,LSOAs never ranked in top 50 most deprived,1282,1286,1449,1511,1424,UN1,Urban: Nearer to a major town or city,Urban,239,177
W01001508,Llanyrafon South 1,Torfaen,1560,1516,1213,1438,1745,896,1735,1199,443,8.62138461851611,5.33415242162353,10.3728557027694,6.52952816681984,2.14585065206022,17.1817058116191,2.27622753488393,10.6346213645385,32.7737900273049,LSOAs never ranked in top 50 most deprived,1534,1499,1589,1559,1707,UN1,Urban: Nearer to a major town or city,Urban,-664,175
W01001509,Llanyrafon South 2,Torfaen,1823,1855,1751,1753,1789,1381,1872,1788,297,4.05146332140892,0.758460834073115,2.06797779772392,2.04207866073256,1.58081299407966,7.44411620080828,0.551320410921967,1.59350180146802,41.3935042589961,LSOAs never ranked in top 50 most deprived,1821,1841,1731,1684,1704,RSN1,Smaller rural: Nearer to a major town or city,Rural,-442,49
W01001510,New Inn 1,Torfaen,1238,1161,837,1230,970,1116,1194,736,949,13.9698312194448,11.3605222015702,18.7059191117323,10.058951213719,15.4025699129392,12.2508631750602,10.7288358234862,21.5753387420382,15.8936312832385,LSOAs never ranked in top 50 most deprived,1175,1008,1170,1256,1117,UN1,Urban: Nearer to a major town or city,Urban,-122,-44
W01001511,New Inn 2,Torfaen,1092,935,803,764,872,1349,1057,1099,1176,16.29180543871,16.2269286511038,19.632451700035105,20.7433368930437,17.7895896107903,7.97397103195276,13.4729894356203,12.5963916721678,11.071239599668,LSOAs never ranked in top 50 most deprived,1081,1006,1003,1074,1120,UN1,Urban: Nearer to a major town or city,Urban,257,-35
W01001512,New Inn 3,Torfaen,1863,1839,1628,1656,1637,1269,1846,1897,1408,3.33372907935952,0.9551355620861289,3.7195771283049,3.33304151582498,3.59462368937705,9.35460510291074,0.868883357631362,0.250051496127652,7.00635397737562,LSOAs never ranked in top 50 most deprived,1848,1836,1799,1769,1792,UN1,Urban: Nearer to a major town or city,Urban,-594,-17
W01001513,New Inn 4,Torfaen,1801,1807,1744,1834,1754,683,1787,1586,1181,4.39888364174721,1.35360342142781,2.1588551333598094,1.01694291576668,2.029140020424,23.2376825985408,1.60619761297425,4.31184054235171,10.975614999948199,LSOAs never ranked in top 50 most deprived,1748,1754,1664,1665,1701,UN1,Urban: Nearer to a major town or city,Urban,-1118,-14
W01001514,Panteg 1,Torfaen,1710,1709,1632,1120,1556,1577,1206,1221,1259,6.17594047358767,2.6187072366952706,3.6639584421629694,12.1703112175028,4.74442231942631,4.4407629488411,10.5033661375025,10.2246021356279,9.53316063392553,LSOAs never ranked in top 50 most deprived,1562,1529,1586,1579,1550,UN1,Urban: Nearer to a major town or city,Urban,-133,-504
W01001515,Panteg 2,Torfaen,1169,1146,1183,822,1039,1743,383,863,657,15.115517119324,11.6534896520741,10.9374762021069,19.1100900717838,13.8591488979644,2.17186697171214,35.9357803539474,18.021752966991695,24.0993044317539,LSOAs never ranked in top 50 most deprived,1239,1223,1339,1285,1152,UN1,Urban: Nearer to a major town or city,Urban,574,-786
W01001516,Panteg 3,Torfaen,416,389,385,434,480,365,1295,450,1289,30.8924772938129,35.5992884101464,35.823068497273,33.221254504512,31.0205466940788,36.9758420280645,8.89674577633235,32.4316826446063,9.00159952743134,LSOAs never ranked in top 50 most deprived,504,399,559,492,584,UN1,Urban: Nearer to a major town or city,Urban,-51,879
W01001517,Panteg 4,Torfaen,1625,1386,1370,1185,1512,1483,1793,1182,906,7.65019876514084,7.362417995801901,7.62488033337581,10.8994005416678,5.39396568933568,5.83232723068407,1.53012765141815,10.9565376957681,16.9330873029528,LSOAs never ranked in top 50 most deprived,1658,1467,1507,1274,1272,UN1,Urban: Nearer to a major town or city,Urban,-142,168
W01001518,Panteg 5,Torfaen,1623,1407,1362,1335,1379,1251,1485,1284,1427,7.654088736209461,7.02241968093653,7.75724326334024,8.20967693488654,7.4768769123214,9.6770098701235,5.80182569778082,9.08934428866294,6.70321863063254,LSOAs never ranked in top 50 most deprived,1659,1604,1631,1629,1604,UN1,Urban: Nearer to a major town or city,Urban,-372,-138
W01001519,Pontnewydd 1,Torfaen,74,90,92,64,157,1150,390,142,52,56.5176196384869,65.1883356888716,64.7887465705303,71.1349406732581,54.5645079112566,11.574999395637,35.5436819416347,56.5528304302449,74.5018285688279,LSOAs never ranked in top 50 most deprived,93,138,182,273,296,UN1,Urban: Nearer to a major town or city,Urban,1076,316
W01001520,Pontnewydd 2,Torfaen,1271,1101,1305,912,1106,1030,1535,854,369,13.3780868625353,12.5554708049479,8.72304483214816,16.7851960284496,12.4534860302914,14.0546874508093,5.05214447662267,18.2562837106548,36.7406187399848,LSOAs never ranked in top 50 most deprived,975,983,1008,870,1028,UN1,Urban: Nearer to a major town or city,Urban,-241,264
W01001521,Pontnewydd 3,Torfaen,727,619,584,677,628,1790,865,446,745,22.433394234104,25.4196670575853,26.7067240252325,23.4336727856376,25.1000305957824,1.56813118308526,17.969958209404,32.6265490495701,21.3046133100029,LSOAs never ranked in top 50 most deprived,788,682,807,911,1005,UN1,Urban: Nearer to a major town or city,Urban,1063,138
W01001522,Pontnewydd 4,Torfaen,467,445,390,325,648,1506,988,479,278,29.2252983419522,32.6755247162557,35.5436819416347,39.4706920344609,24.405240853407495,5.48397826044981,14.9898469722039,31.066215959085305,42.7962827981056,LSOAs never ranked in top 50 most deprived,603,645,666,512,528,UN1,Urban: Nearer to a major town or city,Urban,1039,521
W01001523,Pontnewynydd,Torfaen,833,751,704,877,779,856,647,717,1265,20.2523307795206,21.125883980749695,22.5645774715646,17.661615439175,20.3097005807366,18.2039587039418,24.4394863568481,22.1575543345572,9.42586106049934,LSOAs never ranked in top 50 most deprived,661,753,637,680,922,UN1,Urban: Nearer to a major town or city,Urban,23,-186
W01001524,Pontypool,Torfaen,563,518,327,654,984,1354,1024,76,953,26.3317791680852,29.3490703413121,39.3393085814048,24.2008317495807,15.0809252756635,7.89037234129321,14.1859761945492,68.1985677815391,15.7992838993976,LSOAs never ranked in top 50 most deprived,505,641,867,765,783,UN1,Urban: Nearer to a major town or city,Urban,791,461
W01001525,St Cadocs and Penygarn,Torfaen,430,317,389,415,297,1209,1064,637,1867,30.3589073653425,40.0038620301026,35.5992884101464,34.1954960047694,41.3935042589961,10.4473423883424,13.3245499924955,24.7847753801216,0.612050651016539,LSOAs never ranked in top 50 most deprived,343,314,362,266,358,UN1,Urban: Nearer to a major town or city,Urban,779,634
W01001526,St Dials 1,Torfaen,234,194,231,365,160,1053,989,178,1116,39.4506732550889,50.2891643604948,46.6853428676421,36.9758420280645,54.186668030915,13.5582440946749,14.9671336386227,52.0413819603454,12.2508631750602,LSOAs never ranked in top 50 most deprived,302,226,263,244,419,UN1,Urban: Nearer to a major town or city,Urban,819,755
W01001527,St Dials 2,Torfaen,505,427,366,393,541,1741,1391,185,1080,28.1391155857861,33.5754025298363,36.9168102920014,35.3776646435964,28.3934057862217,2.19791275290499,7.28100896378488,51.2583129262402,12.9888147173631,LSOAs never ranked in top 50 most deprived,584,491,454,398,517,UN1,Urban: Nearer to a major town or city,Urban,1236,886
W01001528,St Dials 3,Torfaen,1044,863,925,1008,708,946,1141,664,1203,16.9560778934634,18.021752966991695,16.4679903931507,14.5397881120751,22.4385706702572,15.9646466734826,11.7519806533515,23.8641358225167,10.5595266834407,LSOAs never ranked in top 50 most deprived,674,688,704,724,586,UN1,Urban: Nearer to a major town or city,Urban,-98,97
W01001529,Snatchwood,Torfaen,382,379,325,407,600,934,1208,87,431,32.223747231306,36.1628747637026,39.4706920344609,34.6183786555975,26.1094053227161,16.2509214476258,10.466001812891,65.801045497703,33.3723650014289,LSOAs never ranked in top 50 most deprived,381,364,518,496,525,UN1,Urban: Nearer to a major town or city,Urban,552,826
W01001530,Trevethin 1,Torfaen,33,27,52,27,79,613,339,90,1884,64.6210721158433,83.6587696484863,74.5018285688279,83.6587696484863,67.5195259195412,25.6352528280954,38.5663888674288,65.1883356888716,0.406218761605603,LSOAs often in the top 50 most deprived,40,35,37,44,91,UN1,Urban: Nearer to a major town or city,Urban,580,306
W01001531,Trevethin 2,Torfaen,362,361,368,253,435,547,987,343,1042,33.679813752305,37.2134958467942,36.7991994167954,44.7828692046402,33.1711041585498,28.1504975899782,15.0125827581996,38.3144151833871,13.7943370670611,LSOAs never ranked in top 50 most deprived,319,402,399,386,447,UN1,Urban: Nearer to a major town or city,Urban,185,625
W01001532,Two Locks 1,Torfaen,321,318,427,232,232,1405,724,139,1070,35.2024561987741,39.9365359388287,33.5754025298363,46.5953658460321,46.5953658460321,7.05458479341089,21.9413354067508,56.9719862408186,13.1980742585129,LSOAs never ranked in top 50 most deprived,283,274,378,373,451,UN1,Urban: Nearer to a major town or city,Urban,1084,403
W01001533,Two Locks 2,Torfaen,1788,1840,1709,1626,1747,732,1880,1132,1520,4.66086678439199,0.9427939975962821,2.6187072366952706,3.74743698931493,2.11986372737402,21.6966916603332,0.45448433694896107,11.9303343203381,5.27449429953024,LSOAs never ranked in top 50 most deprived,1814,1741,1753,1729,1726,UN1,Urban: Nearer to a major town or city,Urban,-1056,92
W01001534,Two Locks 3,Torfaen,880,747,902,867,661,588,1189,896,1010,19.3366577360492,21.2448824142573,17.0322124471741,17.9182798287869,23.9646280811958,26.5559337597091,10.8234377992372,17.1817058116191,14.4952628261818,LSOAs never ranked in top 50 most deprived,1060,986,1055,1100,1280,UN1,Urban: Nearer to a major town or city,Urban,-292,309
W01001535,Two Locks 4,Torfaen,1253,980,916,1261,1114,497,1756,1070,1821,13.7456145822674,15.172365676842,16.68712752224,9.49733846133702,12.2912451941267,30.2577302481351,2.00328455523517,13.1980742585129,1.17842369651097,LSOAs never ranked in top 50 most deprived,1401,1136,1208,1241,1531,UN1,Urban: Nearer to a major town or city,Urban,-756,503
W01001536,Upper Cwmbran 1,Torfaen,85,65,91,44,163,1185,488,39,1770,55.5633772153011,70.8754061804421,64.9876733609214,77.0557122139279,53.8149350485439,10.8994005416678,30.658420845487,78.8090446999479,1.82310558552363,LSOAs never ranked in top 50 most deprived,174,78,115,145,193,UN1,Urban: Nearer to a major town or city,Urban,1100,403
W01001537,Upper Cwmbran 2,Torfaen,1334,1300,1367,1027,1016,482,1686,705,1463,12.3916864294052,8.8097313262712,7.674427208996981,14.120238144903,14.3622018183192,30.9294793125097,2.92598033764537,22.5330109932208,6.13958816451955,LSOAs never ranked in top 50 most deprived,1467,1523,1366,1294,1274,UN1,Urban: Nearer to a major town or city,Urban,-852,352
W01001538,Upper Cwmbran 3,Torfaen,170,159,184,98,204,938,673,249,1276,45.1167506143383,54.311926245504,51.3685608303201,63.6300170576852,49.258161622155,16.155100067689,23.5652669328937,45.1172732377935,9.23043591779899,LSOAs never ranked in top 50 most deprived,259,243,352,312,392,UN1,Urban: Nearer to a major town or city,Urban,768,503
W01001539,Upper Cwmbran 4,Torfaen,428,438,464,323,236,1230,795,567,1492,30.476682247169695,33.021305903343,31.7623653082104,39.6028303062084,46.2389369258219,10.058951213719,19.8559928512103,27.3588461132057,5.69538775209347,LSOAs never ranked in top 50 most deprived,449,526,593,545,695,UN1,Urban: Nearer to a major town or city,Urban,802,367
W01001540,Wainfelin 1,Torfaen,1256,1060,1094,1116,1152,1738,592,375,1478,13.657792551209,13.4092551880126,12.6990135004679,12.2508631750602,11.535854485957,2.23703681127428,26.4061256543757,36.3922338075472,5.90875850122173,LSOAs never ranked in top 50 most deprived,1117,1377,1312,1243,1240,UN1,Urban: Nearer to a major town or city,Urban,482,-664
W01001541,Wainfelin 2,Torfaen,641,785,793,619,516,311,671,704,1329,24.058460198036695,20.1385096401892,19.9122192709302,25.4196670575853,29.4340791286202,40.41201047995,23.6313474304328,22.5645774715646,8.31143792104385,LSOAs never ranked in top 50 most deprived,530,665,715,612,550,UN1,Urban: Nearer to a major town or city,Urban,-330,30
W01001542,Caerwent,Monmouthshire,1511,1569,1676,1508,1600,210,1649,1411,893,9.39383036542745,4.555970480365,3.06086850077605,5.45393491170779,4.11272001753924,48.6610386249168,3.42906811927115,6.95822408936744,17.2568184537163,LSOAs never ranked in top 50 most deprived,1505,1481,1635,1567,1273,RSN1,Smaller rural: Nearer to a major town or city,Rural,-1301,138
W01001543,Caldicot Castle,Monmouthshire,1806,1706,1760,1724,1563,964,1818,1290,1576,4.32384342872927,2.65855429991564,1.95166065814167,2.420500903293,4.64275642376627,15.5418065966476,1.21585004920479,8.98409067323127,4.45513237087,LSOAs never ranked in top 50 most deprived,1613,1813,1805,1715,1859,UN1,Urban: Nearer to a major town or city,Urban,-842,12
W01001545,Cantref 1,Monmouthshire,1705,1783,1457,1523,1821,844,1244,1580,969,6.28599093778861,1.65705105510444,6.23257261418999,5.22985203912699,1.17842369651097,18.5197093709096,9.80362022662144,4.39770846878359,15.4257175704195,LSOAs never ranked in top 50 most deprived,1622,1686,1606,1536,1470,UF1,Urban: Further from a major town or city,Urban,-861,-461
W01001546,Cantref 2,Monmouthshire,324,242,378,330,290,1054,635,304,1400,35.0310074182135,45.7144409563591,36.2200004563807,39.1436299697375,41.9004179811054,13.536900785158,24.8544596123281,40.8975222773377,7.13519492461482,LSOAs never ranked in top 50 most deprived,377,404,459,451,471,UF1,Urban: Further from a major town or city,Urban,730,311
W01001548,Crucorney,Monmouthshire,1119,1604,1635,1741,1476,33,215,1590,1199,15.9688738951619,4.05614363843974,3.6223325139337694,2.19791275290499,5.9394022683437,81.106318101445,48.1750115662891,4.25477284154304,10.6346213645385,LSOAs never ranked in top 50 most deprived,1231,1217,1319,1302,1378,RSF1,Smaller rural: Further from a major town or city,Rural,-1086,-904
W01001549,Devauden,Monmouthshire,1493,1792,1806,1897,1865,124,471,1775,1724,9.69643004645239,1.54278851944654,1.36616746321682,0.250051496127652,0.636387717665115,59.1906273993731,31.4348718274628,1.75909650129803,2.420500903293,LSOAs never ranked in top 50 most deprived,1499,1638,1683,1687,1480,RSF1,Smaller rural: Further from a major town or city,Rural,-1369,-1022
W01001551,Dewstow 2,Monmouthshire,763,700,901,507,384,1780,654,925,1144,21.6553290981162,22.6912784128934,17.0570606286885,29.8205554137292,35.8793553824041,1.69526506032076,24.2008317495807,16.4679903931507,11.6928354558815,LSOAs never ranked in top 50 most deprived,797,810,805,986,1023,UN1,Urban: Nearer to a major town or city,Urban,1017,-109
W01001552,Dixton with Osbaston,Monmouthshire,1747,1908,1874,1889,1910,325,1878,1915,722,5.28880270168575,0.118733157869366,0.52707314322933,0.34602887733601,0.0949374406634471,39.4706920344609,0.478655159884881,0.0355556332575515,22.0029051103346,LSOAs never ranked in top 50 most deprived,1817,1861,1814,1814,1769,UF1,Urban: Further from a major town or city,Urban,-1422,131
W01001554,Monmouth Town,Monmouthshire,1616,1488,1444,1573,1738,1177,1396,864,483,7.73854391381473,5.75614910780116,6.43533787184727,4.49829458002998,2.23703681127428,11.0520828478352,7.19988706490412,17.9958410083264,30.8840804820981,LSOAs never ranked in top 50 most deprived,1427,1550,1632,1569,1631,UF1,Urban: Further from a major town or city,Urban,-439,-220
W01001555,Goetre Fawr 1,Monmouthshire,1575,1866,1805,1786,1679,228,643,1746,1485,8.3831576495851,0.624215965358298,1.37873837202441,1.61890043633505,3.02031892365375,46.9574053741219,24.5769805529271,2.13285351949854,5.80182569778082,LSOAs never ranked in top 50 most deprived,1587,1712,1764,1767,1735,RLN1,Larger rural: Nearer to a major town or city,Rural,-1347,-932
W01001556,Goetre Fawr 2,Monmouthshire,1273,1334,1188,1083,1322,316,996,1328,1222,13.3642539848594,8.22660586398095,10.842404977394,12.9264063213085,8.43073092520504,40.0713857784766,14.8087652662821,8.32844194402847,10.2061374513068,LSOAs never ranked in top 50 most deprived,1301,1065,1354,1466,1423,RSN1,Smaller rural: Nearer to a major town or city,Rural,-957,-277
W01001557,Grofield,Monmouthshire,1222,1098,939,863,1361,1518,709,873,756,14.2777287452793,12.6168794401143,16.1312069689596,18.021752966991695,7.77384231790356,5.30430401769355,22.4071765401366,17.76393774824,20.9779965462669,LSOAs never ranked in top 50 most deprived,851,803,934,860,779,UF1,Urban: Further from a major town or city,Urban,296,-513
W01001558,Lansdown,Monmouthshire,854,582,623,668,1164,1039,1092,642,1854,19.8911572465839,26.7824915091031,25.2770577269403,23.7308255216234,11.3023738725825,13.8591488979644,12.7401907823339,24.611482915278305,0.770703856354722,LSOAs never ranked in top 50 most deprived,676,739,545,740,721,UF1,Urban: Further from a major town or city,Urban,185,238
W01001559,Larkfield,Monmouthshire,1698,1424,1473,1408,1359,1808,1276,1196,1754,6.42706856270117,6.75081729104151,5.98544460749622,7.00635397737562,7.8070764088306,1.34104623915909,9.23043591779899,10.6911037158229,2.029140020424,LSOAs never ranked in top 50 most deprived,1490,1449,1261,1531,1481,UN1,Urban: Nearer to a major town or city,Urban,110,-422
W01001560,Llanbadoc,Monmouthshire,1491,1862,1878,1861,1729,157,556,1588,892,9.71211232795151,0.67294167060648,0.478655159884881,0.685139243058358,2.35480988929415,54.5645079112566,27.7908787352101,4.28328899237325,17.2819106113586,LSOAs never ranked in top 50 most deprived,1391,1546,1493,1523,1477,RSN1,Smaller rural: Nearer to a major town or city,Rural,-1334,-935
W01001561,Llanelly Hill 1,Monmouthshire,1799,1846,1768,1557,1710,755,1558,1709,1613,4.48768091359991,0.868883357631362,1.84875918114614,4.72987107744615,2.60544020848821,21.0074980590031,4.71532903567362,2.6187072366952706,3.92935333881622,LSOAs never ranked in top 50 most deprived,1803,1855,1744,1760,1613,RSF1,Smaller rural: Further from a major town or city,Rural,-1044,-241
W01001562,Llanelly Hill 2,Monmouthshire,871,1258,1091,1093,1296,186,94,1303,1250,19.6375792074659,9.55109266416355,12.7608071014425,12.7195929263557,8.87931653068936,51.1485909630094,64.3959813046485,8.75768023333021,9.6950544485152,LSOAs never ranked in top 50 most deprived,959,914,790,797,953,RSF1,Smaller rural: Further from a major town or city,Rural,-685,-777
W01001563,Llanelly Hill 3,Monmouthshire,1330,1061,1025,982,1258,916,1122,1481,1906,12.4450189834836,13.388049625384,14.1640426279396,15.1266000341796,9.55109266416355,16.68712752224,12.130140784991,5.86286926702484,0.142553519537921,LSOAs never ranked in top 50 most deprived,1488,1463,1423,1492,1407,RLF1,Larger rural: Further from a major town or city,Rural,-414,-208
W01001565,Llangybi Fawr,Monmouthshire,1445,1678,1688,1812,1824,161,483,1391,1277,10.6111066831405,3.03382750759324,2.89909737535026,1.29088595575025,1.14105814627672,54.0620882804771,30.8840804820981,7.28100896378488,9.21275205865786,LSOAs never ranked in top 50 most deprived,1348,1524,1490,1422,1496,RSN1,Smaller rural: Nearer to a major town or city,Rural,-1284,-962
W01001568,Llantilio Crossenny,Monmouthshire,1153,1719,1702,1853,1674,26,231,1789,787,15.3352385859658,2.48638007697319,2.71179133211939,0.78295339913323,3.0879413233543,84.1131400066213,46.6853428676421,1.58081299407966,20.081727980287095,LSOAs never ranked in top 50 most deprived,1269,1328,1230,1283,1242,RSF1,Smaller rural: Further from a major town or city,Rural,-1127,-922
W01001569,Llanwenarth Ultra,Monmouthshire,1209,1210,1086,1349,1107,245,1047,1272,1237,14.5429606495989,10.4286980895289,12.864166806587,7.97397103195276,12.4331432288226,45.456611096029,13.6867215568436,9.30130763351901,9.93093140724523,LSOAs never ranked in top 50 most deprived,1370,1350,1279,1396,1371,RLF1,Larger rural: Further from a major town or city,Rural,-964,-162
W01001571,Mardy 2,Monmouthshire,1399,1573,1311,1248,1569,213,1428,969,1366,11.4055457502053,4.49829458002998,8.61945047530935,9.73118613136615,4.555970480365,48.368191681927,6.68737427552595,15.4257175704195,7.690966581395791,LSOAs never ranked in top 50 most deprived,1261,1253,1102,1105,1121,RSF1,Smaller rural: Further from a major town or city,Rural,-1186,29
W01001572,Magor with Undy 1,Monmouthshire,1639,1267,1648,1392,1323,1666,1828,1287,474,7.4565389952624495,9.3902054870884,3.44281899211342,7.264761678252661,8.41365113915402,3.1965524120076,1.09133165346827,9.03665727271942,31.295932496239505,LSOAs never ranked in top 50 most deprived,1580,1562,1600,1552,1752,RLN1,Larger rural: Nearer to a major town or city,Rural,27,189
W01001573,Magor with Undy 2,Monmouthshire,1548,1829,1530,1848,1559,572,1521,1392,93,8.8300131247592,1.07891681052304,5.12602250353269,0.8442991640904172,4.7007961824822,27.1651187152393,5.25960391629917,7.264761678252661,64.5915255534606,LSOAs never ranked in top 50 most deprived,1614,1767,1704,1588,1720,RLN1,Larger rural: Nearer to a major town or city,Rural,-976,-27
W01001574,Magor with Undy 3,Monmouthshire,1696,1643,1811,1777,1585,738,1731,1710,298,6.45638050218067,3.51169694460876,1.30341577467567,1.73354266296509,4.32612961950757,21.5149015478539,2.32858592802372,2.60544020848821,41.3219914904767,LSOAs never ranked in top 50 most deprived,1720,1757,1666,1748,1796,RLN1,Larger rural: Nearer to a major town or city,Rural,-958,35
W01001575,Mitchel Troy,Monmouthshire,1309,1571,1753,1764,1515,147,232,1294,1642,12.840921554833299,4.52711445134636,2.04207866073256,1.90015237233338,5.34909116215445,55.8707782061083,46.5953658460321,8.9141882397577,3.52549732194833,LSOAs never ranked in top 50 most deprived,1291,1528,1480,1465,1548,RSN1,Smaller rural: Nearer to a major town or city,Rural,-1162,-1077
W01001576,Overmonnow 1,Monmouthshire,1050,819,978,1205,695,1620,970,316,748,16.8769138046511,19.1917835895332,15.2182225660566,10.5220710868698,22.850642451496,3.8312196260537505,15.4025699129392,40.0713857784766,21.2150750361765,LSOAs never ranked in top 50 most deprived,995,1230,1187,1147,1207,UF1,Urban: Further from a major town or city,Urban,570,-80
W01001577,Overmonnow 2,Monmouthshire,275,345,319,190,174,901,763,520,825,37.3228353433114,38.1894560124386,39.8694063508585,50.7148636882803,52.5011188007851,17.0570606286885,20.7725387538889,29.2643745927451,19.0286856939021,LSOAs never ranked in top 50 most deprived,425,410,520,543,486,UF1,Urban: Further from a major town or city,Urban,626,488
W01001578,Portskewett,Monmouthshire,1638,1630,1670,1314,1213,853,1623,1568,871,7.46656504231115,3.69175097307364,3.14218275704172,8.56782774795796,10.3728557027694,18.282490921598,3.78929015808468,4.5704120823873,17.8152701147679,LSOAs never ranked in top 50 most deprived,1560,1675,1676,1527,1668,UN1,Urban: Nearer to a major town or city,Urban,-785,-15
W01001579,Priory 1,Monmouthshire,1494,1441,1224,1606,1673,952,1311,460,640,9.68801698259888,6.48238480299949,10.1692524942803,4.02790755182067,3.1014896941000294,15.822834487172,8.61945047530935,31.9516196122874,24.6806433005279,LSOAs never ranked in top 50 most deprived,1425,1281,1577,1623,1734,UF1,Urban: Further from a major town or city,Urban,-542,-183
W01001580,Priory 2,Monmouthshire,1105,899,604,984,1408,1319,1185,366,1504,16.1497205765781,17.1068376716429,25.962468402336,15.0809252756635,7.00635397737562,8.48204651610847,10.8994005416678,36.9168102920014,5.51406090412589,LSOAs never ranked in top 50 most deprived,1071,932,1145,1172,1056,UF1,Urban: Further from a major town or city,Urban,214,80
W01001581,Raglan,Monmouthshire,1525,1597,1524,1594,1670,254,1377,1373,1138,9.14194403512035,4.15524381913421,5.21499052029399,4.19784638697523,3.14218275704172,44.7000223997743,7.50968435406567,7.57543996283443,11.8112783366967,LSOAs never ranked in top 50 most deprived,1463,1603,1585,1574,1658,RLN1,Larger rural: Nearer to a major town or city,Rural,-1271,-148
W01001582,Rogiet,Monmouthshire,1250,1248,1386,1136,1024,557,1228,973,335,13.7684724587088,9.73118613136615,7.362417995801901,11.8508952290006,14.1859761945492,27.751265975903,10.0956595638491,15.3332663906928,38.8211536237917,LSOAs never ranked in top 50 most deprived,1295,1451,1571,1646,1603,RLN1,Larger rural: Nearer to a major town or city,Rural,-693,-22
W01001583,St Arvans,Monmouthshire,1384,1752,1727,1873,1839,152,474,1413,392,11.5983403796904,2.05502458376486,2.38106378453009,0.539193581804108,0.9551355620861289,55.2083707065076,31.295932496239505,6.92619336021997,35.4328707014038,LSOAs never ranked in top 50 most deprived,1382,1437,1515,1436,1554,RSF1,Smaller rural: Further from a major town or city,Rural,-1232,-910
W01001584,Bulwark,Monmouthshire,1166,906,1037,738,792,1601,1083,1004,1421,15.1692734028725,16.9330873029528,13.9024584712527,21.5149015478539,19.9403841096694,4.09856287032381,12.9264063213085,14.6290981082827,6.79851466152666,LSOAs never ranked in top 50 most deprived,1252,1193,1054,1234,1300,UN1,Urban: Nearer to a major town or city,Urban,435,-83
W01001585,St Kingsmark 1,Monmouthshire,1917,1916,1892,1827,1892,1676,1885,1871,1823,0.703583198707719,0.0236976471952762,0.309990408692142,1.10375320126433,0.309990408692142,3.06086850077605,0.39416817703550894,0.563453637325335,1.15350658605424,LSOAs never ranked in top 50 most deprived,1903,1909,1892,1892,1871,UN1,Urban: Nearer to a major town or city,Urban,-241,-32
W01001586,St Kingsmark 2,Monmouthshire,1909,1794,1746,1835,1887,1516,1865,1523,1785,1.89667543449196,1.51747374901552,2.13285351949854,1.00456815041415,0.370085932665366,5.33415242162353,0.636387717665115,5.22985203912699,1.63161027929994,LSOAs never ranked in top 50 most deprived,1834,1892,1881,1874,1761,UN1,Urban: Nearer to a major town or city,Urban,-393,-44
W01001587,Chepstow Castle,Monmouthshire,1197,987,1012,865,1530,1190,918,331,1241,14.6308042879429,15.0125827581996,14.4508235694722,17.969958209404,5.12602250353269,10.8044862496646,16.6382496306617,39.0787719782363,9.85809589403115,LSOAs never ranked in top 50 most deprived,1004,989,1092,1268,1437,UN1,Urban: Nearer to a major town or city,Urban,-7,-279
W01001588,Severn 1,Monmouthshire,1603,1646,1614,1343,973,1490,1779,1380,323,7.98386127017152,3.47034542585786,3.9153085759125,8.07469221342719,15.3332663906928,5.72574836504909,1.70801718437217,7.460490723607631,39.6028303062084,LSOAs never ranked in top 50 most deprived,1590,1556,1626,1720,1626,UN1,Urban: Nearer to a major town or city,Urban,-113,176
W01001589,Severn 2,Monmouthshire,818,799,783,864,619,1611,773,227,632,20.480437503813,19.743950697092295,20.1954318278281,17.9958410083264,25.4196670575853,3.95746861979922,20.4821752709261,47.0488127565457,24.9593834277118,LSOAs never ranked in top 50 most deprived,932,765,750,872,895,UN1,Urban: Nearer to a major town or city,Urban,793,-45
W01001590,Shirenewton,Monmouthshire,1688,1875,1831,1896,1802,224,1464,1610,1206,6.56916560609956,0.514959088465857,1.05410721025941,0.262026788898669,1.41649237572638,47.3252349738796,6.12412723823759,3.97153915888444,10.5033661375025,LSOAs never ranked in top 50 most deprived,1608,1682,1742,1730,1677,RSN1,Smaller rural: Nearer to a major town or city,Rural,-1464,-224
W01001591,Magor with Undy 4,Monmouthshire,1720,1793,1818,1843,1558,530,1839,1600,529,5.99631772761245,1.53012765141815,1.21585004920479,0.905808988590183,4.71532903567362,28.8455119090077,0.9551355620861289,4.11272001753924,28.8870565762234,LSOAs never ranked in top 50 most deprived,1804,1848,1743,1692,1810,RLN1,Larger rural: Nearer to a major town or city,Rural,-1190,119
W01001592,Thornwell 1,Monmouthshire,417,385,533,395,475,782,299,502,1446,30.8475244893706,35.823068497273,28.7213262688648,35.2676484719636,31.2498052753694,20.2239458372538,41.2507003840654,30.0381041409386,6.40402663026238,LSOAs never ranked in top 50 most deprived,450,450,563,738,744,UN1,Urban: Nearer to a major town or city,Urban,365,-118
W01001593,Thornwell 2,Monmouthshire,1225,1068,1090,828,765,974,1315,1283,1571,14.1935236491758,13.240155607887,12.7814419168105,18.9475684163847,20.7141720612192,15.3102115446428,8.55064588799191,9.10693348198552,4.52711445134636,LSOAs never ranked in top 50 most deprived,1028,1139,1122,1195,1451,UN1,Urban: Nearer to a major town or city,Urban,-251,90
W01001594,Trellech United 1,Monmouthshire,1291,1608,1647,1439,1759,75,397,1507,1892,13.1194847993831,3.9997060869018695,3.45657809102635,6.51380297306978,1.96455577359849,68.4294443992908,35.1581560377781,5.46895168062913,0.309990408692142,LSOAs never ranked in top 50 most deprived,1248,1194,1332,1291,1328,RSF1,Smaller rural: Further from a major town or city,Rural,-1216,-894
W01001595,Trellech United 2,Monmouthshire,1453,1879,1904,1899,1819,63,539,1882,1369,10.4443890485674,0.466566573261191,0.166398576769003,0.226119599713166,1.20336783026323,71.3974372375447,28.4749486401806,0.430338888596109,7.641384102037111,LSOAs never ranked in top 50 most deprived,1512,1616,1713,1694,1523,RSF1,Smaller rural: Further from a major town or city,Rural,-1390,-914
W01001596,Usk 1,Monmouthshire,1821,1725,1902,1513,1694,1701,1607,1799,454,4.08752124720379,2.4073476821473,0.190268380821594,5.37899778336937,2.81863650464155,2.72511986642925,4.01380249695598,1.45430845371833,32.2384533751392,LSOAs never ranked in top 50 most deprived,1517,1571,1738,1775,1574,RLN1,Larger rural: Nearer to a major town or city,Rural,-120,-214
W01001597,Usk 2,Monmouthshire,1824,1530,1640,1788,1800,1439,1739,1513,1108,4.02034230771604,5.12602250353269,3.55312294285556,1.59350180146802,1.44169618464421,6.51380297306978,2.22398806244041,5.37899778336937,12.4128184040452,LSOAs never ranked in top 50 most deprived,1842,1808,1783,1719,1739,RLN1,Larger rural: Nearer to a major town or city,Rural,-385,-85
W01001598,West End,Monmouthshire,624,629,758,614,412,1409,566,700,324,24.6236234604817,25.0647880899908,20.9191068011931,25.5991812440889,34.3531672483296,6.99029948801807,27.3977881755914,22.6912784128934,39.5366662763192,LSOAs never ranked in top 50 most deprived,656,601,630,733,759,UN1,Urban: Nearer to a major town or city,Urban,785,-58
W01001599,Wyesham,Monmouthshire,916,677,879,1133,889,433,1279,1128,694,18.7918840238403,23.4336727856376,17.6106244840572,11.910448810271,17.3573517513344,33.2715144397848,9.17742507759905,12.0100487354592,22.8826481945157,LSOAs never ranked in top 50 most deprived,986,1087,1060,1079,1145,UF1,Urban: Further from a major town or city,Urban,-483,363
W01001600,Allt-yr-yn 1,Newport,1850,1872,1866,1871,1847,1089,1860,1525,520,3.51677012733466,0.551320410921967,0.624215965358298,0.563453637325335,0.856587976173153,12.8020952616562,0.697343287672057,5.20013859807531,29.2643745927451,LSOAs never ranked in top 50 most deprived,1819,1756,1719,1843,1801,UN1,Urban: Nearer to a major town or city,Urban,-761,10
W01001601,Allt-yr-yn 2,Newport,233,283,197,382,441,581,324,298,334,39.5788320257856,42.4187562091442,49.9749820772766,35.9923440910935,32.8724769695668,26.8204690556212,39.5366662763192,41.3219914904767,38.8852881992107,LSOAs never ranked in top 50 most deprived,187,327,329,358,405,UN1,Urban: Nearer to a major town or city,Urban,348,91
W01001602,Allt-yr-yn 3,Newport,1836,1656,1794,1624,1831,1535,1569,1630,887,3.72086701139404,3.33304151582498,1.51747374901552,3.7753306378583,1.05410721025941,5.05214447662267,4.555970480365,3.69175097307364,17.4077836689115,LSOAs never ranked in top 50 most deprived,1761,1857,1725,1751,1756,UN1,Urban: Nearer to a major town or city,Urban,-301,-267
W01001603,Allt-yr-yn 4,Newport,1248,1312,1052,994,1579,1751,423,1093,204,13.800092385985,8.60223002237486,13.5796072285402,14.8539022109588,4.41205100898382,2.06797779772392,33.7802483917221,12.7195929263557,49.258161622155,LSOAs never ranked in top 50 most deprived,838,865,908,1184,1254,UN1,Urban: Nearer to a major town or city,Urban,503,-825
W01001604,Allt-yr-yn 5,Newport,1651,1745,1516,1639,1719,1136,1480,1032,206,7.28960077523912,2.14585065206022,5.33415242162353,3.56694820635062,2.48638007697319,11.8508952290006,5.87815550762791,14.0110905482459,49.0573931946691,LSOAs never ranked in top 50 most deprived,1657,1769,1711,1831,1833,UN1,Urban: Nearer to a major town or city,Urban,-515,-171
W01001605,Allt-yr-yn 6,Newport,919,920,728,1077,1288,1846,316,444,272,18.7262340065891,16.5894753905145,21.8186882602783,13.0513929137336,9.01912172048089,0.868883357631362,40.0713857784766,32.7246048931715,43.2576498041656,LSOAs never ranked in top 50 most deprived,459,607,701,717,963,UN1,Urban: Nearer to a major town or city,Urban,927,-603
W01001606,Alway 1,Newport,1495,1435,1535,1279,1412,1032,1369,1118,267,9.68766737921093,6.57676835943883,5.05214447662267,9.17742507759905,6.94220314888323,14.0110905482459,7.641384102037111,12.210551932072,43.6493204342963,LSOAs never ranked in top 50 most deprived,1477,1607,1247,1412,1601,UN1,Urban: Nearer to a major town or city,Urban,-463,-126
W01001607,Alway 2,Newport,72,39,141,281,83,960,99,48,624,56.7144519317626,78.8090446999479,56.6917020085358,42.5690240501672,66.6442395766252,15.6351015498729,63.442446411698,75.743341186437,25.2415431290468,LSOAs sometimes in the top 50 most deprived,72,36,65,59,93,UN1,Urban: Nearer to a major town or city,Urban,888,27
W01001608,Alway 3,Newport,1470,1375,1290,1377,1441,1758,908,921,309,10.063181205735,7.54253865954455,8.98409067323127,7.50968435406567,6.48238480299949,1.97745812285042,16.8836844750737,16.5651270025312,40.5496855058199,LSOAs never ranked in top 50 most deprived,1426,1478,1355,1614,1724,UN1,Urban: Nearer to a major town or city,Urban,288,-562
W01001609,Alway 4,Newport,113,93,159,164,95,1467,428,51,596,50.7928117393592,64.5915255534606,54.311926245504,53.6923472965782,64.2020855526035,6.07780672007768,33.524474867068,74.8059807344962,26.2572869975422,LSOAs sometimes in the top 50 most deprived,111,69,74,42,128,UN1,Urban: Nearer to a major town or city,Urban,1354,315
W01001610,Alway 5,Newport,337,371,579,710,31,1123,830,197,817,34.6351095140775,36.6239031076496,26.8966127932738,22.375825203411505,81.9260602660985,12.1100818478712,18.8936487341566,49.9749820772766,19.2464075849848,LSOAs never ranked in top 50 most deprived,393,587,420,455,526,UN1,Urban: Nearer to a major town or city,Urban,786,493
W01001611,Alway 6,Newport,836,662,752,1482,877,1826,259,641,330,20.1210692845213,23.931081852016295,21.0962303240394,5.84759317920274,17.661615439175,1.11618146115725,44.2902063742018,24.646037112484095,39.1436299697375,LSOAs never ranked in top 50 most deprived,834,838,863,812,986,UN1,Urban: Nearer to a major town or city,Urban,990,-577
W01001612,Beechwood 1,Newport,770,900,759,997,726,1597,425,402,119,21.4069578499673,17.081935684114,20.889718375820905,14.7862299681048,21.8799300818585,4.15524381913421,33.6775974081246,34.8866839068173,59.9804254727329,LSOAs never ranked in top 50 most deprived,772,845,850,847,824,UN1,Urban: Nearer to a major town or city,Urban,827,-345
W01001613,Beechwood 2,Newport,1067,1075,1102,1018,989,1862,310,887,208,16.6544829732698,13.0932065020438,12.5350376409081,14.3180186660081,14.9671336386227,0.67294167060648,40.480744979926,17.4077836689115,48.8583621326129,LSOAs never ranked in top 50 most deprived,1039,1227,1311,1428,1269,UN1,Urban: Nearer to a major town or city,Urban,795,-757
W01001614,Beechwood 3,Newport,227,202,225,282,465,660,696,173,430,39.8976314012729,49.460698013698,47.2327246165593,42.4937674101781,31.7152940583482,23.998223310090495,22.818681184314105,52.6175033557826,33.4229565973129,LSOAs never ranked in top 50 most deprived,226,289,332,303,366,UN1,Urban: Nearer to a major town or city,Urban,433,469
W01001615,Beechwood 4,Newport,1009,954,1077,1022,766,1395,799,555,212,17.4246994134726,15.7757574013147,13.0513929137336,14.2299061774188,20.6850441646259,7.2160885712172,19.743950697092295,27.830559837053105,48.4653936212711,LSOAs never ranked in top 50 most deprived,817,1003,895,1019,1270,UN1,Urban: Nearer to a major town or city,Urban,386,-210
W01001616,Beechwood 5,Newport,1521,1341,1377,1583,981,1451,1477,991,625,9.2320662631559,8.10836419659457,7.50968435406567,4.35473443330402,15.1494714723929,6.3259345080427,5.92407528130231,14.9217741516291,25.2060832851683,LSOAs never ranked in top 50 most deprived,1353,1508,1514,1445,1687,UN1,Urban: Nearer to a major town or city,Urban,-70,-44
W01001617,Bettws (Newport) 1,Newport,82,88,89,144,60,1247,228,52,1058,55.657934119842,65.5949899718188,65.3907641045194,56.2775777153638,72.203395391669,9.74927328040944,46.9574053741219,74.5018285688279,13.4517250569291,LSOAs sometimes in the top 50 most deprived,47,77,126,118,139,UN1,Urban: Nearer to a major town or city,Urban,1165,146
W01001618,Bettws (Newport) 2,Newport,133,187,180,113,69,1204,587,93,914,48.0315275960351,51.0393899464109,51.8149142947811,60.9654380577152,69.8655990996753,10.5407912605816,26.5935387465426,64.5915255534606,16.7361095067327,LSOAs never ranked in top 50 most deprived,204,222,197,205,235,UN1,Urban: Nearer to a major town or city,Urban,1071,454
W01001619,Bettws (Newport) 3,Newport,97,136,84,137,91,627,489,21,1137,53.787320838458,57.398922833939,66.4305253908396,57.2557282737189,64.9876733609214,25.1353271859448,30.613553388310095,86.5302557809162,11.8310782529684,LSOAs never ranked in top 50 most deprived,77,118,139,160,180,UN1,Urban: Nearer to a major town or city,Urban,530,392
W01001620,Bettws (Newport) 4,Newport,401,374,462,435,390,652,894,246,950,31.3819260440986,36.4499327337625,31.856797802148,33.1711041585498,35.5436819416347,24.268766466652295,17.2317536408696,45.3713061162476,15.8700081294809,LSOAs never ranked in top 50 most deprived,289,281,258,214,198,UN1,Urban: Nearer to a major town or city,Urban,251,493
W01001621,Bettws (Newport) 5,Newport,193,244,203,227,125,994,770,26,1314,43.1841162327947,45.5422336426806,49.3592068784843,47.0488127565457,59.0358709096692,14.8539022109588,20.5689000671964,84.1131400066213,8.56782774795796,LSOAs never ranked in top 50 most deprived,169,159,266,308,321,UN1,Urban: Nearer to a major town or city,Urban,801,577
W01001622,Bettws (Newport) 6,Newport,568,611,606,299,421,1392,885,442,1256,26.1830395549616,25.7075661574323,25.889350467786105,41.2507003840654,33.883359570169,7.264761678252661,17.4583264112032,32.8230805685168,9.58699872152888,LSOAs never ranked in top 50 most deprived,644,642,597,663,643,UN1,Urban: Nearer to a major town or city,Urban,824,317
W01001623,Caerleon 1,Newport,1587,1611,1563,1435,1797,1589,1585,487,144,8.15814916253516,3.95746861979922,4.64275642376627,6.57676835943883,1.4795537590219,4.26902649755159,4.32612961950757,30.7033759993631,56.2775777153638,LSOAs never ranked in top 50 most deprived,1526,1590,1661,1603,1760,RLN1,Larger rural: Nearer to a major town or city,Rural,2,-2
W01001624,Caerleon 2,Newport,1754,1858,1853,1674,1825,585,1799,1771,543,5.24048091500402,0.721770820884037,0.78295339913323,3.0879413233543,1.12861644040485,26.6689336767632,1.45430845371833,1.81028950974476,28.312151008497,LSOAs never ranked in top 50 most deprived,1698,1764,1737,1577,1764,RLN1,Larger rural: Nearer to a major town or city,Rural,-1169,45
W01001625,Caerleon 3,Newport,1523,1487,1497,1677,1668,563,1298,934,479,9.20780604865848,5.77136456102979,5.61966109424539,3.04734403018861,3.16935151898829,27.5150115371531,8.84449761272578,16.2509214476258,31.066215959085305,LSOAs never ranked in top 50 most deprived,1331,1662,1693,1649,1674,RLN1,Larger rural: Nearer to a major town or city,Rural,-960,-225
W01001626,Caerleon 4,Newport,1593,1276,1255,1630,1497,1087,1682,871,1367,8.11922195701059,9.23043591779899,9.60497279241023,3.69175097307364,5.61966109424539,12.8434576731016,2.97984071065512,17.8152701147679,7.674427208996981,LSOAs never ranked in top 50 most deprived,1413,1391,1495,1651,1815,RLN1,Larger rural: Nearer to a major town or city,Rural,-506,89
W01001627,Caerleon 5,Newport,1819,1816,1757,1800,1654,1023,1821,1663,740,4.11922583310891,1.24083482798257,1.99036771401793,1.44169618464421,3.36043680267586,14.2079306977063,1.17842369651097,3.23741416381765,21.4546227486081,LSOAs never ranked in top 50 most deprived,1762,1722,1700,1733,1798,RLN1,Larger rural: Nearer to a major town or city,Rural,-796,2
W01001628,Caerleon 6,Newport,431,367,333,328,743,1065,1042,224,1095,30.3527964409384,36.8579296788392,38.9496021115052,39.2738972266085,21.364499730599,13.3034223470218,13.7943370670611,47.3252349738796,12.6784524717191,LSOAs never ranked in top 50 most deprived,556,738,1388,1252,1591,RLN1,Larger rural: Nearer to a major town or city,Rural,634,611
W01001629,Gaer 1,Newport,1283,1198,1063,1074,1224,1438,1303,524,340,13.2248078862011,10.6534334073098,13.3456970635279,13.1141418369244,10.1692524942803,6.52952816681984,8.75768023333021,29.095913048907505,38.5031361804481,LSOAs never ranked in top 50 most deprived,1124,1177,1284,1134,1298,UN1,Urban: Nearer to a major town or city,Urban,155,20
W01001630,Gaer 2,Newport,377,285,244,310,703,1114,1253,401,864,32.3869461099818,42.2694637565479,45.5422336426806,40.480744979926,22.5961873330459,12.2912451941267,9.64096312834053,34.9407226002032,17.9958410083264,LSOAs never ranked in top 50 most deprived,314,390,336,254,313,UN1,Urban: Nearer to a major town or city,Urban,737,876
W01001631,Gaer 3,Newport,1496,1279,1199,1054,1302,1811,1460,1296,702,9.66743780432266,9.17742507759905,10.6346213645385,13.536900785158,8.77501751245247,1.30341577467567,6.18603339967003,8.87931653068936,22.6278406970755,LSOAs never ranked in top 50 most deprived,1524,1564,1643,1598,1682,UN1,Urban: Nearer to a major town or city,Urban,315,-36
W01001632,Gaer 4,Newport,651,538,553,991,558,1178,1053,200,816,23.743891309786495,28.5158287354967,27.9101280144764,14.9217741516291,27.7117213241246,11.0329420384266,13.5582440946749,49.6650337834706,19.2737683084634,LSOAs never ranked in top 50 most deprived,630,569,511,456,513,UN1,Urban: Nearer to a major town or city,Urban,527,402
W01001633,Gaer 5,Newport,157,126,255,201,177,777,407,160,499,45.983900949845,58.8821487500075,44.6174729412671,49.5626389802718,52.155457530604,20.3670485562759,34.6183786555975,54.186668030915,30.1696279817499,LSOAs never ranked in top 50 most deprived,166,211,211,322,283,UN1,Urban: Nearer to a major town or city,Urban,620,250
W01001634,Gaer 6,Newport,532,381,577,769,668,892,658,461,296,27.2999516147512,36.0490472780562,26.973009449722,20.5978811536676,23.7308255216234,17.2819106113586,24.0655613410692,31.9041598421671,41.4652400723311,LSOAs never ranked in top 50 most deprived,588,434,561,504,671,UN1,Urban: Nearer to a major town or city,Urban,360,126
W01001635,Graig 1,Newport,1663,1693,1513,1628,1697,655,1626,1014,832,7.06205322132525,2.83202711799647,5.37899778336937,3.7195771283049,2.7785113772664,24.1669394897914,3.74743698931493,14.4064700101462,18.8398551620865,LSOAs never ranked in top 50 most deprived,1663,1730,1618,1671,1721,UN1,Urban: Nearer to a major town or city,Urban,-1008,-37
W01001636,Graig 2,Newport,1774,1876,1868,1866,1828,615,1814,1451,530,4.90583963538753,0.502851410792549,0.599891767833017,0.624215965358298,1.09133165346827,25.563166143647,1.26584677711153,6.3259345080427,28.8455119090077,LSOAs never ranked in top 50 most deprived,1774,1731,1558,1632,1686,UN1,Urban: Nearer to a major town or city,Urban,-1159,40
W01001637,Graig 3,Newport,1542,1281,1454,1474,1701,1187,1809,811,264,8.91477932622064,9.14215227401453,6.27920618917483,5.97008691778702,2.72511986642925,10.8613878099329,1.32849590892464,19.4110622892759,43.8875648374803,LSOAs never ranked in top 50 most deprived,1509,1617,1458,1564,1617,UN1,Urban: Nearer to a major town or city,Urban,-355,267
W01001638,Graig 4,Newport,1891,1841,1830,1814,1858,1129,1797,1687,1194,2.72316545344534,0.930459051912142,1.06650866519429,1.26584677711153,0.721770820884037,11.9900942156827,1.4795537590219,2.91253492881509,10.7288358234862,LSOAs never ranked in top 50 most deprived,1871,1835,1684,1808,1755,UN1,Urban: Nearer to a major town or city,Urban,-762,-94
W01001639,Langstone 1,Newport,1621,1796,1706,1785,1771,450,1901,1320,169,7.69723894866636,1.4921868104588,2.65855429991564,1.63161027929994,1.81028950974476,32.4316826446063,0.202212578968056,8.46492859478172,53.0890218163239,LSOAs never ranked in top 50 most deprived,1702,1766,1715,1757,1709,UN1,Urban: Nearer to a major town or city,Urban,-1171,280
W01001640,Langstone 2,Newport,1647,1867,1733,1820,1732,184,1618,1529,1231,7.341189013654459,0.612050651016539,2.30239183253676,1.19089238181222,2.31548515130958,51.3685608303201,3.85921513070978,5.14082662798777,10.0406189854602,LSOAs never ranked in top 50 most deprived,1595,1629,1709,1725,1367,RSN1,Smaller rural: Nearer to a major town or city,Rural,-1463,-29
W01001641,Langstone 3,Newport,1644,1905,1761,1771,1770,260,1667,983,808,7.38577260284648,0.154472958008197,1.93877276837315,1.81028950974476,1.82310558552363,44.2091121956056,3.18294794436459,15.1037513169693,19.4938337914636,LSOAs never ranked in top 50 most deprived,1660,1609,1611,1634,1746,UN1,Urban: Nearer to a major town or city,Urban,-1384,23
W01001642,Liswerry 1,Newport,375,372,519,838,239,1198,500,136,146,32.5910980578133,36.5657666493048,29.3066834813451,18.6792252420405,45.9751938864088,10.6534334073098,30.125703080725305,57.398922833939,56.005580172015,LSOAs never ranked in top 50 most deprived,373,304,304,215,619,UN1,Urban: Nearer to a major town or city,Urban,823,125
W01001643,Liswerry 2,Newport,323,255,487,362,519,1278,327,225,163,35.1449616356587,44.6174729412671,30.7033759993631,37.1538517812199,29.3066834813451,9.19508178554439,39.3393085814048,47.2327246165593,53.8149350485439,LSOAs never ranked in top 50 most deprived,171,183,177,228,316,UN1,Urban: Nearer to a major town or city,Urban,955,4
W01001645,Liswerry 4,Newport,552,653,802,941,181,957,912,320,138,26.8415757151236,24.2347740259203,19.6602758162341,16.0834951054554,51.7025112206975,15.7053219536497,16.7851960284496,39.8024721224689,57.1134197081889,LSOAs never ranked in top 50 most deprived,620,538,572,669,813,UN1,Urban: Nearer to a major town or city,Urban,405,360
W01001646,Liswerry 5,Newport,119,188,143,505,66,959,241,94,51,49.5084795498096,50.930704953028,56.4147923140819,29.9073281353078,70.6187676549488,15.6584845384211,45.8010305504303,64.3959813046485,74.8059807344962,LSOAs never ranked in top 50 most deprived,134,223,127,206,261,UN1,Urban: Nearer to a major town or city,Urban,840,122
W01001648,Liswerry 7,Newport,807,996,961,820,443,1574,1471,352,43,20.590793325319705,14.8087652662821,15.6117423095376,19.1645201635088,32.7737900273049,4.48389817521544,6.01619078536322,37.75736906021261,77.3958487053242,LSOAs never ranked in top 50 most deprived,750,893,794,1024,1180,UN1,Urban: Nearer to a major town or city,Urban,767,664
W01001650,Llanwern 2,Newport,710,745,994,801,202,1071,420,1181,1444,22.777925035291705,21.3046133100029,14.8539022109588,19.6881336332693,49.460698013698,13.1770624210437,33.9350890255224,10.975614999948199,6.43533787184727,LSOAs never ranked in top 50 most deprived,760,629,513,598,838,RLN1,Larger rural: Nearer to a major town or city,Rural,361,-290
W01001651,Malpas 1,Newport,1733,1728,1596,1415,1413,1414,1704,1717,686,5.57396899289382,2.36793309089594,4.16943590887313,6.89420717633154,6.92619336021997,6.91019470786337,2.68515741286009,2.5127846729859,23.1403102529704,LSOAs never ranked in top 50 most deprived,1710,1827,1851,1853,1861,UN1,Urban: Nearer to a major town or city,Urban,-319,-29
W01001652,Malpas 2,Newport,46,26,25,103,64,982,650,77,1300,62.3271475829214,84.1131400066213,84.5766677674738,62.7070963930939,71.1349406732581,15.1266000341796,24.3369024359488,67.9699857156566,8.8097313262712,LSOAs sometimes in the top 50 most deprived,79,114,142,84,113,UN1,Urban: Nearer to a major town or city,Urban,936,604
W01001653,Malpas 3,Newport,1567,1603,1660,1470,869,1096,1615,1408,472,8.49385394174526,4.07027469147199,3.27834863975104,6.03157930099288,17.8667173033409,12.6579098072461,3.90127238409541,7.00635397737562,31.3884653978513,LSOAs never ranked in top 50 most deprived,1627,1702,1717,1734,1814,UN1,Urban: Nearer to a major town or city,Urban,-471,48
W01001654,Malpas 4,Newport,1520,1383,1341,1418,961,1863,1405,825,687,9.27259107685262,7.41140208659252,8.10836419659457,6.84631115234875,15.6117423095376,0.660750563455305,7.05458479341089,19.0286856939021,23.1079441969628,LSOAs never ranked in top 50 most deprived,1528,1491,1637,1605,1514,UN1,Urban: Nearer to a major town or city,Urban,343,-115
W01001655,Malpas 5,Newport,1658,1560,1503,1231,1356,1634,1542,1126,774,7.17708620161753,4.68627250626735,5.52911699371266,10.0406189854602,7.85701776021684,3.63619945440964,4.94911229271788,12.0500097871272,20.4533395220968,LSOAs never ranked in top 50 most deprived,1666,1668,1459,1253,1321,UN1,Urban: Nearer to a major town or city,Urban,-24,-116
W01001657,Marshfield 2,Newport,1578,1870,1863,1691,1785,344,1685,644,288,8.33525774985629,0.575593267767309,0.660750563455305,2.85883175549365,1.63161027929994,38.2518507350042,2.93943361103069,24.5425298701483,42.0473264765957,LSOAs never ranked in top 50 most deprived,1563,1790,1695,1661,1619,RSN1,Smaller rural: Nearer to a major town or city,Rural,-1234,107
W01001658,Marshfield 3,Newport,1636,1665,1607,1142,1723,987,1777,1280,397,7.482720731006,3.21016493143694,4.01380249695598,11.7322486834062,2.4336616507964,15.0125827581996,1.73354266296509,9.15978191401032,35.1581560377781,LSOAs never ranked in top 50 most deprived,1522,1606,1292,1251,1214,RLN1,Larger rural: Nearer to a major town or city,Rural,-649,141
W01001659,Pillgwenlly 1,Newport,37,55,76,52,72,1296,74,56,209,63.8606258209959,73.6127848600583,68.1985677815391,74.5018285688279,69.1363141117731,8.87931653068936,68.6626621027507,73.3239130760878,48.7594887676383,LSOAs often in the top 50 most deprived,21,12,28,61,31,UN1,Urban: Nearer to a major town or city,Urban,1259,37
W01001660,Pillgwenlly 2,Newport,700,526,877,717,849,692,874,747,262,22.9686549696502,29.012142734782895,17.661615439175,22.1575543345572,18.3876194065474,22.946793604401705,17.7383144633006,21.2448824142573,44.0477766042521,LSOAs never ranked in top 50 most deprived,241,202,368,333,355,UN1,Urban: Nearer to a major town or city,Urban,-8,174
W01001661,Pillgwenlly 3,Newport,174,181,417,181,267,624,182,95,217,44.83561938898,51.7025112206975,34.0909791470183,51.7025112206975,43.6493204342963,25.2415431290468,51.590654800111,64.2020855526035,47.9834404914399,LSOAs often in the top 50 most deprived,88,93,20,35,13,UN1,Urban: Nearer to a major town or city,Urban,450,8
W01001662,Pillgwenlly 4,Newport,49,48,75,35,151,1028,88,138,444,61.9494363022798,75.743341186437,68.4294443992908,80.3147896569701,55.3393347887518,14.0983671490301,65.5949899718188,57.1134197081889,32.7246048931715,LSOAs often in the top 50 most deprived,10,10,27,21,65,UN1,Urban: Nearer to a major town or city,Urban,979,39
W01001663,Ringland 1,Newport,315,228,380,432,307,1042,1054,211,254,35.5073428162324,46.9574053741219,36.1058906041225,33.3218844443697,40.6881896017888,13.7943370670611,13.536900785158,48.5630080967241,44.7000223997743,LSOAs never ranked in top 50 most deprived,329,443,557,465,460,UN1,Urban: Nearer to a major town or city,Urban,727,739
W01001664,Ringland 2,Newport,152,123,166,293,98,1557,1305,84,140,46.3276686592583,59.3464322325837,53.4491146924828,41.6817998039603,63.6300170576852,4.72987107744615,8.72304483214816,66.4305253908396,56.8314171748687,LSOAs never ranked in top 50 most deprived,146,205,200,199,233,UN1,Urban: Nearer to a major town or city,Urban,1405,1153
W01001665,Ringland 3,Newport,647,550,684,536,639,789,1491,1003,319,23.7999525646344,28.0299987953257,23.2051793247566,28.5978075542744,24.715301636097905,20.025086155969,5.71056304896937,14.651479899389,39.8694063508585,LSOAs never ranked in top 50 most deprived,645,637,634,650,886,UN1,Urban: Nearer to a major town or city,Urban,142,844
W01001666,Ringland 4,Newport,109,104,127,120,104,774,726,116,758,51.3124724209503,62.5268745529736,58.7294471860413,59.8202812764146,62.5268745529736,20.4533395220968,21.8799300818585,60.467659071455,20.9191068011931,LSOAs never ranked in top 50 most deprived,102,130,158,136,115,UN1,Urban: Nearer to a major town or city,Urban,665,617
W01001667,Ringland 5,Newport,73,100,105,81,23,1063,292,349,652,56.6252424143659,63.2563930846068,62.3480539106283,67.0777192700641,85.5327261252308,13.3456970635279,41.7544418856589,37.941556123801,24.268766466652295,LSOAs never ranked in top 50 most deprived,69,74,100,195,249,UN1,Urban: Nearer to a major town or city,Urban,990,219
W01001668,Ringland 6,Newport,181,183,256,391,126,887,475,29,572,43.8495526274085,51.4793397416298,44.5352187023314,35.4882095871764,58.8821487500075,17.4077836689115,31.2498052753694,82.7761020653964,27.1651187152393,LSOAs never ranked in top 50 most deprived,183,200,159,164,264,UN1,Urban: Nearer to a major town or city,Urban,706,294
W01001669,Rogerstone 1,Newport,1885,1900,1877,1883,1827,818,1907,1905,1232,2.80503695046868,0.214162983114442,0.49075010349887294,0.418275663250316,1.10375320126433,19.2190793710624,0.130640254955792,0.154472958008197,10.0223013573301,LSOAs never ranked in top 50 most deprived,1890,1870,1788,1800,1877,UN1,Urban: Nearer to a major town or city,Urban,-1067,22
W01001670,Rogerstone 2,Newport,1767,1859,1829,1710,1815,924,1903,1053,415,4.99112881885685,0.709553811319619,1.07891681052304,2.60544020848821,1.25333740256027,16.4922361125709,0.17833038223269,13.5582440946749,34.1954960047694,LSOAs never ranked in top 50 most deprived,1789,1797,1615,1642,1733,UN1,Urban: Nearer to a major town or city,Urban,-843,136
W01001671,Rogerstone 3,Newport,1049,952,866,584,1472,1398,1546,535,220,16.889756057215,15.822834487172,17.944104504669,26.7067240252325,6.0008125587809,7.16751824980493,4.89044332434856,28.6389067984773,47.6990428598684,LSOAs never ranked in top 50 most deprived,804,675,538,684,982,UN1,Urban: Nearer to a major town or city,Urban,349,497
W01001673,Rogerstone 5,Newport,1744,1768,1486,1707,1704,998,1859,1311,766,5.34221296384688,1.84875918114614,5.78659008657496,2.6452642735573506,2.68515741286009,14.7637167283019,0.709553811319619,8.61945047530935,20.6850441646259,LSOAs never ranked in top 50 most deprived,1816,1840,1690,1708,1767,UN1,Urban: Nearer to a major town or city,Urban,-746,115
W01001674,Rogerstone 6,Newport,1220,1020,933,914,1029,1776,1162,847,601,14.2973591566102,14.2739202271162,16.2749392987333,16.7361095067327,14.0765169308124,1.74631603322602,11.3411230862198,18.4403643954711,26.0725829943683,LSOAs never ranked in top 50 most deprived,1127,1225,955,1146,1502,UN1,Urban: Nearer to a major town or city,Urban,556,-58
W01001675,St Julians 1,Newport,628,793,782,562,690,1891,264,609,79,24.427229060121,19.9122192709302,20.2239458372538,27.5542191343324,23.0111184118452,0.321996958409088,43.8875648374803,25.7801075613242,67.5195259195412,LSOAs never ranked in top 50 most deprived,865,1026,1104,1151,1243,UN1,Urban: Nearer to a major town or city,Urban,1263,-364
W01001676,St Julians 2,Newport,446,465,715,839,705,1069,442,70,7,29.8844917209539,31.7152940583482,22.2197063596296,18.6525623174232,22.5330109932208,13.2191053090711,32.8230805685168,69.619925768559,95.073915980509,LSOAs never ranked in top 50 most deprived,330,481,444,444,678,UN1,Urban: Nearer to a major town or city,Urban,623,-4
W01001677,St Julians 3,Newport,1360,1433,1574,1211,966,1729,755,1072,109,11.9477387543179,6.60831581168845,4.48389817521544,10.4100688919477,15.4953006495433,2.35480988929415,21.0074980590031,13.156069761591,61.6463582731176,LSOAs never ranked in top 50 most deprived,1276,1460,1442,1562,1585,UN1,Urban: Nearer to a major town or city,Urban,369,-605
W01001678,St Julians 4,Newport,415,522,399,929,451,798,433,198,116,30.9073450621244,29.1799895858898,35.0491823781009,16.3712622991178,32.3832229231496,19.7719101082479,33.2715144397848,49.8712011904335,60.467659071455,LSOAs never ranked in top 50 most deprived,421,511,582,794,1041,UN1,Urban: Nearer to a major town or city,Urban,383,18
W01001679,St Julians 5,Newport,1574,1478,1484,1515,1156,1853,1148,972,441,8.404807182596,5.90875850122173,5.81707140801809,5.34909116215445,11.4577639697738,0.78295339913323,11.614211041696,15.3563443697558,32.8724769695668,LSOAs never ranked in top 50 most deprived,1386,1572,1593,1679,1777,UN1,Urban: Nearer to a major town or city,Urban,279,-426
W01001680,St Julians 6,Newport,1093,992,1369,945,943,1916,391,619,223,16.2875614612145,14.8991279100064,7.641384102037111,15.988367280387,16.0358820119611,0.0236976471952762,35.4882095871764,25.4196670575853,47.4181189285683,LSOAs never ranked in top 50 most deprived,956,1040,1390,1438,1587,UN1,Urban: Nearer to a major town or city,Urban,823,-702
W01001681,Shaftesbury 1,Newport,149,229,318,273,246,895,166,16,11,46.73421753289,46.8663598284772,39.9365359388287,43.1801097429359,45.3713061162476,17.2067161132839,53.4491146924828,89.2315478251648,92.2928508046826,LSOAs never ranked in top 50 most deprived,119,227,239,177,238,UN1,Urban: Nearer to a major town or city,Urban,746,17
W01001682,Shaftesbury 2,Newport,424,521,727,376,408,597,1257,540,13,30.5439388762599,29.2221433891795,21.8492887875923,36.3346792655497,34.565091159079,26.2202273434475,9.56903868608086,28.4341410760623,91.0190330224667,LSOAs never ranked in top 50 most deprived,561,602,632,670,782,UN1,Urban: Nearer to a major town or city,Urban,173,833
W01001683,Shaftesbury 3,Newport,1032,1255,1172,1226,893,1194,523,888,23,17.1195776437773,9.60497279241023,11.1480265638227,10.1324265947327,17.2568184537163,10.7288358234862,29.1379128996805,17.3825538874175,85.5327261252308,LSOAs never ranked in top 50 most deprived,1005,1091,1086,1179,1155,UN1,Urban: Nearer to a major town or city,Urban,162,-509
W01001684,Shaftesbury 4,Newport,857,1086,1179,1009,798,1447,195,992,36,19.8753767526656,12.864166806587,11.0138171449293,14.5175146946677,19.7719101082479,6.38838697965858,50.1839593491089,14.8991279100064,79.929011439795,LSOAs never ranked in top 50 most deprived,840,1074,1097,985,1271,UN1,Urban: Nearer to a major town or city,Urban,590,-662
W01001685,Stow Hill 1,Newport,328,354,484,417,647,1215,346,4,170,34.9665144068261,37.6353920553086,30.838771086219,34.0909791470183,24.4394863568481,10.3357026259726,38.1272300973115,97.4053272071611,52.9702328737917,LSOAs never ranked in top 50 most deprived,339,427,462,488,704,UN1,Urban: Nearer to a major town or city,Urban,887,18
W01001686,Stow Hill 2,Newport,1107,924,983,762,1366,1407,859,1051,247,16.1239639219513,16.4922361125709,15.1037513169693,20.801777737901695,7.690966581395791,7.02241968093653,18.1256937179753,13.600990223615,45.2863163563805,LSOAs never ranked in top 50 most deprived,808,708,833,772,842,UN1,Urban: Nearer to a major town or city,Urban,300,-248
W01001687,Stow Hill 3,Newport,131,130,137,413,189,1375,192,17,279,48.401012794072,58.2773327586552,57.2557282737189,34.3004899781357,50.8225311289116,7.54253865954455,50.5010291475884,88.6653116596723,42.7202801087006,LSOAs never ranked in top 50 most deprived,135,156,224,192,225,UN1,Urban: Nearer to a major town or city,Urban,1244,61
W01001689,Tredegar Park 2,Newport,77,95,111,50,208,515,194,403,187,56.2597395950495,64.2020855526035,61.3033784077623,75.1142089728036,48.8583621326129,29.4767016366035,50.2891643604948,34.8327718802493,51.0393899464109,LSOAs often in the top 50 most deprived,39,42,40,31,70,UN1,Urban: Nearer to a major town or city,Urban,438,117
W01001690,Victoria 1,Newport,310,310,466,523,362,1586,137,250,127,35.5839865930732,40.480744979926,31.6683189466595,29.1379128996805,37.1538517812199,4.31184054235171,57.2557282737189,45.0332153132561,58.7294471860413,LSOAs never ranked in top 50 most deprived,317,378,478,429,581,UN1,Urban: Nearer to a major town or city,Urban,1276,-173
W01001691,Victoria 2,Newport,331,493,559,251,515,1550,128,88,157,34.8624614847217,30.4349537266765,27.6722445460777,44.9494634762579,29.4767016366035,4.83192362954361,58.5777527551779,65.5949899718188,54.5645079112566,LSOAs never ranked in top 50 most deprived,161,259,413,435,602,UN1,Urban: Nearer to a major town or city,Urban,1219,-203
W01001692,Victoria 3,Newport,273,330,562,722,346,1663,11,222,58,37.4041989253834,39.1436299697375,27.5542191343324,22.0029051103346,38.1272300973115,3.23741416381765,92.2928508046826,47.5113795103644,72.7568312135891,LSOAs never ranked in top 50 most deprived,178,265,345,495,504,UN1,Urban: Nearer to a major town or city,Urban,1390,-262
W01001693,Victoria 4,Newport,351,527,884,535,395,1312,62,64,30,34.0875110206874,28.9703717157988,17.483639494038002,28.6389067984773,35.2676484719636,8.60223002237486,71.6629642669723,71.1349406732581,82.3471543725932,LSOAs never ranked in top 50 most deprived,112,228,179,109,205,UN1,Urban: Nearer to a major town or city,Urban,961,-289
W01001694,Adamsdown 1,Cardiff,189,276,488,162,483,1726,19,36,95,43.3225191635779,42.9490457966271,30.658420845487,53.9381796839335,30.8840804820981,2.39420197875589,87.57301835159141,79.929011439795,64.2020855526035,LSOAs never ranked in top 50 most deprived,184,129,148,174,275,UN1,Urban: Nearer to a major town or city,Urban,1537,-170
W01001695,Adamsdown 2,Cardiff,406,1119,1257,166,526,1092,51,266,20,31.2200347480049,12.1904227741629,9.56903868608086,53.4491146924828,29.012142734782895,12.7401907823339,74.8059807344962,43.7284613469552,87.045728040902,LSOAs never ranked in top 50 most deprived,361,412,536,421,150,UN1,Urban: Nearer to a major town or city,Urban,686,-355
W01001696,Adamsdown 3,Cardiff,147,119,228,165,761,1613,46,166,84,46.8011160671107,59.9804254727329,46.9574053741219,53.5704094628783,20.831053939588905,3.92935333881622,76.3901675473683,53.4491146924828,66.4305253908396,LSOAs never ranked in top 50 most deprived,64,53,78,103,162,UN1,Urban: Nearer to a major town or city,Urban,1466,-101
W01001697,Adamsdown 4,Cardiff,410,572,712,554,822,1073,26,361,115,31.0709218249466,27.1651187152393,22.3132504446043,27.8703095176577,19.1100900717838,13.1350962451782,84.1131400066213,37.2134958467942,60.6323912704246,LSOAs never ranked in top 50 most deprived,238,279,294,494,566,UN1,Urban: Nearer to a major town or city,Urban,663,-384
W01001698,Adamsdown 5,Cardiff,216,347,486,221,523,1665,31,63,48,40.7954833081438,38.0651720786778,30.748419193429,47.6050197860128,29.1379128996805,3.21016493143694,81.9260602660985,71.3974372375447,75.743341186437,LSOAs never ranked in top 50 most deprived,173,191,122,86,175,UN1,Urban: Nearer to a major town or city,Urban,1449,-185
W01001699,Butetown 1,Cardiff,136,33,299,338,797,1564,43,505,37,47.5612885417091,81.106318101445,41.2507003840654,38.6298159865071,19.799903548978,4.62826933985109,77.3958487053242,29.9073281353078,79.5495972703087,LSOAs often in the top 50 most deprived,150,87,42,23,10,UN1,Urban: Nearer to a major town or city,Urban,1428,-93
W01001702,Caerau (Cardiff) 1,Cardiff,464,396,476,688,396,795,445,648,960,29.3071326048394,35.2128370995348,31.2037703789577,23.075623623115,35.2128370995348,19.8559928512103,32.6755247162557,24.405240853407495,15.6351015498729,LSOAs never ranked in top 50 most deprived,564,524,639,696,559,UN1,Urban: Nearer to a major town or city,Urban,331,-19
W01001703,Caerau (Cardiff) 2,Cardiff,84,81,55,86,136,1143,183,521,841,55.6123165323424,67.0777192700641,73.6127848600583,66.0089637625679,57.398922833939,11.71253362724,51.4793397416298,29.2221433891795,18.599329017006905,LSOAs never ranked in top 50 most deprived,104,65,154,126,105,UN1,Urban: Nearer to a major town or city,Urban,1059,99
W01001704,Caerau (Cardiff) 3,Cardiff,18,37,24,8,139,727,59,102,900,69.3454326255268,79.5495972703087,85.0497296540466,94.3464939726561,56.9719862408186,21.8492887875923,72.4784487166508,62.888741563461,17.081935684114,LSOAs often in the top 50 most deprived,27,40,57,53,85,UN1,Urban: Nearer to a major town or city,Urban,709,41
W01001705,Caerau (Cardiff) 4,Cardiff,186,176,236,223,200,757,276,344,786,43.6913973368785,52.270101715109,46.2389369258219,47.4181189285683,49.6650337834706,20.9485328258978,42.9490457966271,38.2518507350042,20.1101012876508,LSOAs never ranked in top 50 most deprived,234,286,277,301,535,UN1,Urban: Nearer to a major town or city,Urban,571,90
W01001706,Caerau (Cardiff) 5,Cardiff,495,587,570,888,387,1644,196,226,231,28.454189157498295,26.5935387465426,27.2424139746021,17.3825538874175,35.7109062943083,3.49790484275683,50.0792333688997,47.1405848632799,46.6853428676421,LSOAs never ranked in top 50 most deprived,613,510,761,863,898,UN1,Urban: Nearer to a major town or city,Urban,1149,-299
W01001707,Caerau (Cardiff) 6,Cardiff,115,107,123,210,109,1189,184,241,597,50.7443061995265,61.9945302349517,59.3464322325837,48.6610386249168,61.6463582731176,10.8234377992372,51.3685608303201,45.8010305504303,26.2202273434475,LSOAs never ranked in top 50 most deprived,116,120,227,196,191,UN1,Urban: Nearer to a major town or city,Urban,1074,69
W01001708,Caerau (Cardiff) 7,Cardiff,63,73,44,102,131,1602,162,37,1035,58.0777242103256,68.8982688558412,77.0557122139279,62.888741563461,58.1285815636282,4.08441443187066,53.9381796839335,79.5495972703087,13.9458497514272,LSOAs never ranked in top 50 most deprived,91,63,170,140,125,UN1,Urban: Nearer to a major town or city,Urban,1539,99
W01001710,Canton 2,Cardiff,738,919,491,967,1532,1709,199,1079,31,22.2819436557482,16.6138495816422,30.5240802001074,15.4720828916168,5.0964428103536,2.6187072366952706,49.7678864822923,13.0096552038537,81.9260602660985,LSOAs never ranked in top 50 most deprived,669,878,1013,916,1061,UN1,Urban: Nearer to a major town or city,Urban,971,-539
W01001711,Canton 3,Cardiff,419,398,616,868,650,1034,124,688,40,30.71934482714,35.1036046685515,25.5272073501539,17.8924841166429,24.3369024359488,13.9675761280521,59.1906273993731,23.075623623115,78.4475222318807,LSOAs never ranked in top 50 most deprived,324,384,489,470,487,UN1,Urban: Nearer to a major town or city,Urban,615,-295
W01001712,Canton 4,Cardiff,1275,1418,1405,857,1698,1770,257,1214,183,13.3056871015502,6.84631115234875,7.05458479341089,18.1778407727645,2.76515187555098,1.82310558552363,44.453257578917,10.3542716624636,51.4793397416298,LSOAs never ranked in top 50 most deprived,1062,1102,889,721,765,UN1,Urban: Nearer to a major town or city,Urban,495,-1018
W01001713,Canton 5,Cardiff,970,1244,1202,1078,1580,1753,164,662,6,17.8670364001109,9.80362022662144,10.5782773803109,13.0305145912057,4.39770846878359,2.04207866073256,53.6923472965782,23.931081852016295,95.8250976903073,LSOAs never ranked in top 50 most deprived,670,705,904,838,853,UN1,Urban: Nearer to a major town or city,Urban,783,-806
W01001714,Canton 6,Cardiff,1683,1820,1808,1798,1881,1555,1088,1367,44,6.67863619413483,1.19089238181222,1.34104623915909,1.46692764264507,0.442408444279875,4.75898277326274,12.8227671692873,7.674427208996981,77.0557122139279,LSOAs never ranked in top 50 most deprived,1637,1725,1749,1755,1812,UN1,Urban: Nearer to a major town or city,Urban,-128,-595
W01001715,Canton 7,Cardiff,1592,1482,1608,1619,1874,1199,914,1245,232,8.12573872432991,5.84759317920274,3.9997060869018695,3.8452131188805,0.52707314322933,10.6346213645385,16.7361095067327,9.78549030558674,46.5953658460321,LSOAs never ranked in top 50 most deprived,1473,1576,1404,1352,1513,UN1,Urban: Nearer to a major town or city,Urban,-393,-678
W01001716,Canton 8,Cardiff,1546,1619,1725,1613,1820,1351,919,1063,45,8.87615181223539,3.8452131188805,2.4073476821473,3.92935333881622,1.19089238181222,7.940495083874139,16.6138495816422,13.3456970635279,76.7205326292893,LSOAs never ranked in top 50 most deprived,1345,1252,1260,1516,1649,UN1,Urban: Nearer to a major town or city,Urban,-195,-627
W01001717,Canton 9,Cardiff,1135,1053,1118,1065,1449,1533,281,1080,221,15.6795075872086,13.5582440946749,12.210551932072,13.3034223470218,6.35713954651361,5.08166721716738,42.5690240501672,12.9888147173631,47.6050197860128,LSOAs never ranked in top 50 most deprived,879,817,770,796,1019,UN1,Urban: Nearer to a major town or city,Urban,398,-854
W01001718,Cathays 1,Cardiff,1114,1480,1834,1155,1263,1764,40,1298,47,16.0385332869558,5.87815550762791,1.01694291576668,11.4772617563852,9.46157199452266,1.90015237233338,78.4475222318807,8.84449761272578,76.0644806138891,LSOAs never ranked in top 50 most deprived,895,1134,1340,1647,1563,UN1,Urban: Nearer to a major town or city,Urban,650,-1074
W01001719,Cathays 2,Cardiff,1750,1848,1915,1841,1838,1760,707,1502,237,5.27008373854646,0.8442991640904172,0.0355556332575515,0.930459051912142,0.967483752488668,1.95166065814167,22.4700077107557,5.54418294566162,46.1506861118912,LSOAs never ranked in top 50 most deprived,1422,1653,1848,1801,1757,UN1,Urban: Nearer to a major town or city,Urban,10,-1043
W01001720,Cathays 3,Cardiff,1199,1789,1899,1302,1067,1879,86,1086,18,14.6021327359454,1.58081299407966,0.226119599713166,8.77501751245247,13.2612251902263,0.466566573261191,66.0089637625679,12.864166806587,88.1126813503824,LSOAs never ranked in top 50 most deprived,866,950,1205,876,692,UN1,Urban: Nearer to a major town or city,Urban,680,-1113
W01001721,Cathays 4,Cardiff,840,1730,1894,998,340,761,72,1336,96,20.0928707349866,2.34169417118009,0.285996096032325,14.7637167283019,38.5031361804481,20.831053939588905,69.1363141117731,8.19276045700378,64.0098107348773,LSOAs never ranked in top 50 most deprived,911,1369,1479,1408,1358,UN1,Urban: Nearer to a major town or city,Urban,-79,-768
W01001722,Cathays 5,Cardiff,1344,1723,1896,1534,1549,1769,61,1486,89,12.2426655513801,2.4336616507964,0.262026788898669,5.06690110998117,4.84653960038243,1.83592880666676,71.9315925517014,5.78659008657496,65.3907641045194,LSOAs never ranked in top 50 most deprived,1184,1179,1572,1342,1380,UN1,Urban: Nearer to a major town or city,Urban,425,-1283
W01001724,Cathays 6,Cardiff,1243,1877,1916,1362,867,1783,85,1509,55,13.8628310509905,0.49075010349887294,0.0236976471952762,7.75724326334024,17.9182798287869,1.65705105510444,66.2187787521445,5.43892794088303,73.6127848600583,LSOAs never ranked in top 50 most deprived,806,1366,1330,1350,1400,UN1,Urban: Nearer to a major town or city,Urban,540,-1158
W01001725,Cathays 7,Cardiff,1218,1864,1917,1566,1228,1310,29,1258,87,14.3294688493434,0.648565914754627,0.0118457715408025,4.59932251839442,10.0956595638491,8.63668383112238,82.7761020653964,9.55109266416355,65.801045497703,LSOAs never ranked in top 50 most deprived,886,1483,1598,1449,1075,UN1,Urban: Nearer to a major town or city,Urban,92,-1189
W01001726,Cathays 8,Cardiff,1136,1260,1795,783,1403,1736,141,1058,92,15.6563772104989,9.5152425735665,1.5048268045783,20.1954318278281,7.08679495125566,2.26315653907452,56.6917020085358,13.4517250569291,64.7887465705303,LSOAs never ranked in top 50 most deprived,958,1130,1233,822,850,UN1,Urban: Nearer to a major town or city,Urban,600,-995
W01001727,Pentyrch and St Fagans 1,Cardiff,1502,1115,1325,1643,1757,593,1624,1117,946,9.56737149330667,12.271045322054,8.37952957033932,3.51169694460876,1.99036771401793,26.3688255954843,3.7753306378583,12.2306987220655,15.9646466734826,LSOAs never ranked in top 50 most deprived,1756,1748,1552,1458,1436,RSN1,Smaller rural: Nearer to a major town or city,Rural,-909,122
W01001728,Pentyrch and St Fagans 2,Cardiff,1916,1886,1875,1916,1894,1565,1890,1887,1283,1.19594416523415,0.382123902923984,0.514959088465857,0.0236976471952762,0.285996096032325,4.61379137521831,0.334009779105695,0.370085932665366,9.10693348198552,LSOAs never ranked in top 50 most deprived,1896,1887,1815,1788,1869,RLN1,Larger rural: Nearer to a major town or city,Rural,-351,-26
W01001729,Pentyrch and St Fagans 3,Cardiff,1579,1466,1642,1570,1627,472,1754,955,819,8.31820365800147,6.09323652994722,3.52549732194833,4.54153794047331,3.73350284048487,31.3884653978513,2.029140020424,15.7522549436915,19.1917835895332,LSOAs never ranked in top 50 most deprived,1717,1715,1481,1505,1529,UN1,Urban: Nearer to a major town or city,Urban,-1107,175
W01001730,Cyncoed 1,Cardiff,1897,1914,1890,1895,1914,1254,1701,1906,609,2.62866424288699,0.0474197360314985,0.334009779105695,0.27400832003257,0.0474197360314985,9.62296092067892,2.72511986642925,0.142553519537921,25.7801075613242,LSOAs never ranked in top 50 most deprived,1850,1907,1885,1872,1892,UN1,Urban: Nearer to a major town or city,Urban,-643,-196
W01001731,Cyncoed 2,Cardiff,1884,1883,1867,1915,1889,1847,1130,1753,614,2.81324408618032,0.418275663250316,0.612050651016539,0.0355556332575515,0.34602887733601,0.856587976173153,11.9701569931987,2.04207866073256,25.5991812440889,LSOAs never ranked in top 50 most deprived,1780,1902,1889,1882,1894,UN1,Urban: Nearer to a major town or city,Urban,-37,-754
W01001732,Cyncoed 3,Cardiff,1780,1710,1835,1914,1904,1625,899,1752,327,4.78998924431134,2.60544020848821,1.00456815041415,0.0474197360314985,0.166398576769003,3.76137958502368,17.1068376716429,2.05502458376486,39.3393085814048,LSOAs never ranked in top 50 most deprived,1775,1860,1890,1879,1852,UN1,Urban: Nearer to a major town or city,Urban,-155,-881
W01001733,Cyncoed 4,Cardiff,1701,1522,1452,1802,1884,1355,1103,1322,599,6.32778896667279,5.24472316698409,6.31034785089135,1.41649237572638,0.406218761605603,7.8736890044073,12.5146226135479,8.43073092520504,26.1462866970798,LSOAs never ranked in top 50 most deprived,1818,1865,1850,1860,1844,UN1,Urban: Nearer to a major town or city,Urban,-346,-598
W01001734,Cyncoed 5,Cardiff,1883,1874,1906,1844,1911,1378,1335,1719,845,2.8272966444008,0.52707314322933,0.142553519537921,0.8934938567954461,0.0830488078086016,7.49327478358407,8.20967693488654,2.48638007697319,18.4932306204677,LSOAs never ranked in top 50 most deprived,1889,1875,1877,1867,1893,UN1,Urban: Nearer to a major town or city,Urban,-505,-548
W01001735,Cyncoed 6,Cardiff,1736,1682,1858,1876,1888,861,991,1728,598,5.50335858472897,2.97984071065512,0.721770820884037,0.502851410792549,0.358054259664359,18.073664626882895,14.9217741516291,2.36793309089594,26.1832273071287,LSOAs never ranked in top 50 most deprived,1798,1822,1840,1804,1868,UN1,Urban: Nearer to a major town or city,Urban,-875,-745
W01001736,Cyncoed 7,Cardiff,1874,1847,1827,1689,1890,1359,1458,1860,909,3.1068718763624,0.856587976173153,1.10375320126433,2.88566766807736,0.334009779105695,7.8070764088306,6.21704907705438,0.697343287672057,16.8590227972697,LSOAs never ranked in top 50 most deprived,1829,1903,1883,1876,1895,UN1,Urban: Nearer to a major town or city,Urban,-515,-416
W01001737,Ely 1,Cardiff,40,24,56,163,94,1031,67,73,492,63.1684222847031,85.0497296540466,73.3239130760878,53.8149350485439,64.3959813046485,14.0328786696926,70.3649611810893,68.8982688558412,30.4794737920697,LSOAs often in the top 50 most deprived,42,47,63,65,50,UN1,Urban: Nearer to a major town or city,Urban,991,27
W01001738,Ely 2,Cardiff,8,6,27,51,33,505,32,45,859,75.4582295562622,95.8250976903073,83.6587696484863,74.8059807344962,81.106318101445,29.9073281353078,81.5125373269623,76.7205326292893,18.1256937179753,LSOAs often in the top 50 most deprived,28,39,23,20,58,UN1,Urban: Nearer to a major town or city,Urban,497,24
W01001739,Ely 3,Cardiff,24,14,74,90,51,618,33,277,326,67.8322872186554,90.4076387112208,68.6626621027507,65.1883356888716,74.8059807344962,25.4554579816815,81.106318101445,42.8725374686119,39.4049064949531,LSOAs in Deep-rooted deprivation,24,46,45,41,33,UN1,Urban: Nearer to a major town or city,Urban,594,9
W01001740,Ely 4,Cardiff,17,12,31,41,90,1001,44,163,631,69.7328005894232,91.6471244983198,81.9260602660985,78.09159448065671,65.1883356888716,14.696308928363,77.0557122139279,53.8149350485439,24.9944646703117,LSOAs often in the top 50 most deprived,30,31,59,74,56,UN1,Urban: Nearer to a major town or city,Urban,984,27
W01001741,Ely 5,Cardiff,3,2,15,14,40,807,24,121,662,78.0949371157636,99.1021900078219,89.8120767513217,90.4076387112208,78.4475222318807,19.5214906192099,85.0497296540466,59.6612444249203,23.931081852016295,LSOAs often in the top 50 most deprived,14,24,43,38,59,UN1,Urban: Nearer to a major town or city,Urban,804,21
W01001742,Ely 6,Cardiff,58,46,115,148,68,1332,42,208,496,58.8895406790194,76.3901675473683,60.6323912704246,55.7367617071121,70.1139249360847,8.26050114921597,77.7410909205496,48.8583621326129,30.3019082598622,LSOAs sometimes in the top 50 most deprived,50,58,120,123,110,UN1,Urban: Nearer to a major town or city,Urban,1274,-16
W01001743,Ely 7,Cardiff,1266,1006,1054,1368,876,881,1243,1094,1114,13.4302809025523,14.5843997608832,13.536900785158,7.657899721566911,17.6871533720537,17.5597463257632,9.82176444997588,12.6990135004679,12.2912451941267,LSOAs never ranked in top 50 most deprived,1403,1588,1545,1609,1498,UN1,Urban: Nearer to a major town or city,Urban,-385,-23
W01001744,Ely 8,Cardiff,65,51,70,112,179,878,58,315,982,57.8962815764681,74.8059807344962,69.619925768559,61.1337875661468,51.9278693917135,17.636105830763,72.7568312135891,40.139108347939,15.1266000341796,LSOAs never ranked in top 50 most deprived,92,101,104,64,79,UN1,Urban: Nearer to a major town or city,Urban,813,-7
W01001745,Ely 9,Cardiff,1585,1525,1599,1775,1218,802,1268,1262,634,8.20046899036003,5.20013859807531,4.12688588424453,1.75909650129803,10.2800852976103,19.6602758162341,9.37239840702551,9.47944827553843,24.8893810608355,LSOAs never ranked in top 50 most deprived,1594,1633,1685,1639,1532,UN1,Urban: Nearer to a major town or city,Urban,-783,-317
W01001746,Ely 10,Cardiff,111,106,118,170,286,1818,145,53,203,50.9110669466441,62.170612845839,60.141692542545,52.9702328737917,42.1951793598668,1.21585004920479,56.1411768663389,74.2016460757048,49.3592068784843,LSOAs never ranked in top 50 most deprived,128,151,85,92,84,UN1,Urban: Nearer to a major town or city,Urban,1707,34
W01001747,Fairwater (Cardiff) 1,Cardiff,1415,1122,1256,1303,1338,1425,966,1240,464,11.1919413156449,12.130140784991,9.58699872152888,8.75768023333021,8.15896478170446,6.73494012330532,15.4953006495433,9.87628316005961,31.7623653082104,LSOAs never ranked in top 50 most deprived,1510,1393,1295,1272,1442,UN1,Urban: Nearer to a major town or city,Urban,10,-449
W01001748,Fairwater (Cardiff) 2,Cardiff,483,447,535,468,445,1579,230,845,833,28.7219696946799,32.5776774489768,28.6389067984773,31.5746555725766,32.6755247162557,4.41205100898382,46.775673266236,18.4932306204677,18.8130054832843,LSOAs never ranked in top 50 most deprived,573,445,578,527,636,UN1,Urban: Nearer to a major town or city,Urban,1096,-253
W01001749,Fairwater (Cardiff) 3,Cardiff,592,411,638,703,673,999,546,385,1251,25.4941792019574,34.4059654431317,24.750012276592,22.5961873330459,23.5652669328937,14.7412255037326,28.1908045538328,35.823068497273,9.6770098701235,LSOAs never ranked in top 50 most deprived,638,583,618,616,874,UN1,Urban: Nearer to a major town or city,Urban,407,-46
W01001750,Fairwater (Cardiff) 4,Cardiff,255,212,227,180,649,1640,446,319,505,38.0368712021505,48.4653936212711,47.0488127565457,51.8149142947811,24.3710462634956,3.55312294285556,32.6265490495701,39.8694063508585,29.9073281353078,LSOAs never ranked in top 50 most deprived,255,300,206,124,281,UN1,Urban: Nearer to a major town or city,Urban,1385,191
W01001751,Fairwater (Cardiff) 5,Cardiff,140,145,134,228,314,876,130,145,952,47.173132808408,56.1411768663389,57.6880145537227,46.9574053741219,40.2070309127906,17.6871533720537,58.2773327586552,56.1411768663389,15.822834487172,LSOAs never ranked in top 50 most deprived,181,232,111,113,124,UN1,Urban: Nearer to a major town or city,Urban,736,-10
W01001752,Fairwater (Cardiff) 6,Cardiff,1602,1637,1560,1468,1463,1864,985,727,313,8.02328187574908,3.59462368937705,4.68627250626735,6.06238725453122,6.13958816451955,0.648565914754627,15.0581218652982,21.8492887875923,40.2751546577664,LSOAs never ranked in top 50 most deprived,1491,1465,1451,1489,1414,UN1,Urban: Nearer to a major town or city,Urban,262,-617
W01001753,Fairwater (Cardiff) 7,Cardiff,169,140,262,204,229,552,218,390,794,45.138814317333,56.8314171748687,44.0477766042521,49.258161622155,46.8663598284772,27.9500155661972,47.8882500113902,35.5436819416347,19.8840888794969,LSOAs never ranked in top 50 most deprived,151,144,232,232,160,UN1,Urban: Nearer to a major town or city,Urban,383,49
W01001754,Fairwater (Cardiff) 8,Cardiff,1352,1380,1160,1262,1513,1374,822,1015,145,12.0943539845155,7.460490723607631,11.3799376927195,9.47944827553843,5.37899778336937,7.558983428060871,19.1100900717838,14.3843252638386,56.1411768663389,LSOAs never ranked in top 50 most deprived,1086,1224,1106,1157,1086,UN1,Urban: Nearer to a major town or city,Urban,22,-530
W01001755,Gabalfa 1,Cardiff,1685,1784,1788,1593,1806,1913,740,1385,150,6.58285970628334,1.64432714963132,1.59350180146802,4.21206479701297,1.36616746321682,0.0592899618307506,21.4546227486081,7.378734437306749,55.471048864908,LSOAs never ranked in top 50 most deprived,1379,1501,1865,1813,1848,UN1,Urban: Nearer to a major town or city,Urban,228,-945
W01001756,Gabalfa 2,Cardiff,900,907,1520,852,871,1324,171,790,198,19.1049320796837,16.9083726246712,5.27449429953024,18.3087280282571,17.8152701147679,8.39658402713063,52.8520542938503,19.9968174672526,49.8712011904335,LSOAs never ranked in top 50 most deprived,1019,985,1350,1284,1181,UN1,Urban: Nearer to a major town or city,Urban,424,-729
W01001757,Gabalfa 3,Cardiff,1383,1579,1581,1485,1616,1839,252,922,75,11.6437817052657,4.41205100898382,4.38337486685589,5.80182569778082,3.8872447529099694,0.9551355620861289,44.8660155057172,16.5408043631181,68.4294443992908,LSOAs never ranked in top 50 most deprived,1285,1426,1653,1777,1782,UN1,Urban: Nearer to a major town or city,Urban,456,-1131
W01001758,Gabalfa 4,Cardiff,1479,1605,1839,1446,1638,1861,337,1546,65,9.88139929930822,4.04202126210555,0.9551355620861289,6.40402663026238,3.58078178518821,0.685139243058358,38.6934185024077,4.89044332434856,70.8754061804421,LSOAs never ranked in top 50 most deprived,1362,1490,1754,1793,1645,UN1,Urban: Nearer to a major town or city,Urban,382,-1142
W01001759,Grangetown 1,Cardiff,813,598,1070,750,1150,1291,389,1657,111,20.5254933585218,26.1832273071287,13.1980742585129,21.1555759189672,11.574999395637,8.96659513758763,35.5992884101464,3.3193560991323894,61.3033784077623,LSOAs never ranked in top 50 most deprived,796,825,886,823,726,UN1,Urban: Nearer to a major town or city,Urban,478,-424
W01001760,Grangetown 2,Cardiff,661,638,786,833,879,1792,169,545,195,23.6075091054466,24.750012276592,20.1101012876508,18.8130054832843,17.6106244840572,1.54278851944654,53.0890218163239,28.2311822787271,50.1839593491089,LSOAs never ranked in top 50 most deprived,666,490,493,535,475,UN1,Urban: Nearer to a major town or city,Urban,1131,-492
W01001761,Grangetown 3,Cardiff,281,351,557,198,1001,1804,13,492,49,37.0346583231695,37.818601005911,27.751265975903,49.8712011904335,14.696308928363,1.3913161553612,91.0190330224667,30.4794737920697,75.4266240198199,LSOAs never ranked in top 50 most deprived,219,275,212,250,228,UN1,Urban: Nearer to a major town or city,Urban,1523,-268
W01001762,Grangetown 4,Cardiff,139,111,226,233,540,1452,21,394,100,47.2192078885942,61.3033784077623,47.1405848632799,46.5057394473204,28.4341410760623,6.31034785089135,86.5302557809162,35.322590777636,63.2563930846068,LSOAs sometimes in the top 50 most deprived,73,48,106,104,60,UN1,Urban: Nearer to a major town or city,Urban,1313,-118
W01001764,Grangetown 5,Cardiff,372,474,841,545,693,1674,22,335,2,32.9950149106653,31.295932496239505,18.599329017006905,28.2311822787271,22.9146985373268,3.0879413233543,86.02608341267012,38.8211536237917,99.1021900078219,LSOAs never ranked in top 50 most deprived,347,420,396,486,329,UN1,Urban: Nearer to a major town or city,Urban,1302,-350
W01001765,Grangetown 6,Cardiff,486,574,853,811,933,1842,4,733,42,28.63468888044,27.0880823494183,18.282490921598,19.4110622892759,16.2749392987333,0.918130717938159,97.4053272071611,21.6662933513714,77.7410909205496,LSOAs never ranked in top 50 most deprived,323,345,553,642,531,UN1,Urban: Nearer to a major town or city,Urban,1356,-482
W01001766,Grangetown 7,Cardiff,246,153,682,577,609,1782,16,743,4,38.5627142892404,55.0781481254215,23.2702318705022,26.973009449722,25.7801075613242,1.66978200350748,89.2315478251648,21.364499730599,97.4053272071611,LSOAs never ranked in top 50 most deprived,256,329,264,344,250,UN1,Urban: Nearer to a major town or city,Urban,1536,-230
W01001767,Grangetown 8,Cardiff,350,305,778,594,587,1906,28,463,21,34.1429948354008,40.8275328135948,20.3383566946506,26.3315859297246,26.5935387465426,0.142553519537921,83.2132018664165,31.8095330905615,86.5302557809162,LSOAs never ranked in top 50 most deprived,426,388,381,442,470,UN1,Urban: Nearer to a major town or city,Urban,1556,-322
W01001768,Grangetown 9,Cardiff,230,165,532,682,463,1884,1,522,56,39.6477059091933,53.5704094628783,28.7626470242333,23.2702318705022,31.8095330905615,0.406218761605603,99.9999999999999,29.1799895858898,73.3239130760878,LSOAs never ranked in top 50 most deprived,240,247,354,394,270,UN1,Urban: Nearer to a major town or city,Urban,1654,-229
W01001769,Heath 1,Cardiff,1908,1890,1882,1860,1907,1895,1430,1884,763,1.96779441027735,0.334009779105695,0.430338888596109,0.697343287672057,0.130640254955792,0.27400832003257,6.65571827258085,0.406218761605603,20.7725387538889,LSOAs never ranked in top 50 most deprived,1891,1905,1884,1896,1888,UN1,Urban: Nearer to a major town or city,Urban,-13,-478
W01001770,Heath 2,Cardiff,1441,1204,1531,913,1790,888,1176,1474,465,10.6937899757093,10.5407912605816,5.1112279017356,16.7606396725577,1.56813118308526,17.3825538874175,11.071239599668,5.97008691778702,31.7152940583482,LSOAs never ranked in top 50 most deprived,1527,1534,1791,1786,1866,UN1,Urban: Nearer to a major town or city,Urban,-553,-265
W01001771,Heath 3,Cardiff,1862,1785,1840,1805,1845,1882,1414,1911,380,3.3520881441017294,1.63161027929994,0.9427939975962821,1.37873837202441,0.881185315492533,0.430338888596109,6.91019470786337,0.0830488078086016,36.1058906041225,LSOAs never ranked in top 50 most deprived,1813,1869,1873,1891,1857,UN1,Urban: Nearer to a major town or city,Urban,20,-448
W01001772,Heath 4,Cardiff,1707,1837,1655,1512,1837,1612,1248,1480,137,6.25802536603812,0.979838575922327,3.34673508043685,5.39396568933568,0.979838575922327,3.94340668328068,9.73118613136615,5.87815550762791,57.2557282737189,LSOAs never ranked in top 50 most deprived,1628,1732,1752,1811,1858,UN1,Urban: Nearer to a major town or city,Urban,-95,-459
W01001773,Heath 5,Cardiff,1529,1249,1410,1325,1571,1699,1304,1469,234,9.10744560859251,9.71311319484083,6.9742561972193,8.37952957033932,4.52711445134636,2.75180012916962,8.74035601311472,6.04697811944721,46.4164609494925,LSOAs never ranked in top 50 most deprived,1592,1632,1616,1714,1714,UN1,Urban: Nearer to a major town or city,Urban,170,-225
W01001774,Heath 6,Cardiff,1828,1903,1910,1857,1853,1815,910,1761,354,3.89706965614116,0.17833038223269,0.0949374406634471,0.733994323259279,0.78295339913323,1.25333740256027,16.8343875345513,1.93877276837315,37.6353920553086,LSOAs never ranked in top 50 most deprived,1855,1884,1893,1890,1878,UN1,Urban: Nearer to a major town or city,Urban,-13,-918
W01001775,Heath 7,Cardiff,1489,1419,1421,1327,1656,1866,957,1096,110,9.76333598959079,6.83036794994064,6.79851466152666,8.34545854747957,3.33304151582498,0.624215965358298,15.7053219536497,12.6579098072461,61.4742290246894,LSOAs never ranked in top 50 most deprived,1486,1537,1501,1558,1642,UN1,Urban: Nearer to a major town or city,Urban,377,-532
W01001776,Heath 8,Cardiff,1794,1808,1820,1811,1860,1584,1289,1878,201,4.57260049787701,1.34104623915909,1.19089238181222,1.30341577467567,0.697343287672057,4.34042757947471,9.00159952743134,0.478655159884881,49.5626389802718,LSOAs never ranked in top 50 most deprived,1747,1765,1858,1816,1849,UN1,Urban: Nearer to a major town or city,Urban,-210,-505
W01001777,Lisvane and Thornhill 1,Cardiff,1700,1729,1887,1832,1899,435,1876,1739,295,6.33041543417047,2.35480988929415,0.370085932665366,1.04171243850744,0.226119599713166,33.1711041585498,0.502851410792549,2.22398806244041,41.5372003261676,LSOAs never ranked in top 50 most deprived,1827,1874,1842,1825,1851,UN1,Urban: Nearer to a major town or city,Urban,-1265,176
W01001778,Lisvane and Thornhill 2,Cardiff,1811,1917,1905,1905,1913,703,1892,1821,373,4.23680009313243,0.0118457715408025,0.154472958008197,0.154472958008197,0.0592899618307506,22.5961873330459,0.309990408692142,1.17842369651097,36.5077767704368,LSOAs never ranked in top 50 most deprived,1837,1886,1856,1827,1829,UN1,Urban: Nearer to a major town or city,Urban,-1108,81
W01001779,Llandaff 1,Cardiff,1822,1814,1844,1806,1883,1427,1254,1853,390,4.07338888762395,1.26584677711153,0.8934938567954461,1.36616746321682,0.418275663250316,6.70321863063254,9.62296092067892,0.78295339913323,35.5436819416347,LSOAs never ranked in top 50 most deprived,1815,1859,1862,1871,1860,UN1,Urban: Nearer to a major town or city,Urban,-395,-568
W01001780,Llandaff 2,Cardiff,1839,1832,1705,1681,1864,1504,1801,1795,449,3.68262303604768,1.04171243850744,2.6718520100532,2.9933255344798506,0.648565914754627,5.51406090412589,1.42909082783773,1.5048268045783,32.4802446836176,LSOAs never ranked in top 50 most deprived,1809,1778,1807,1773,1713,UN1,Urban: Nearer to a major town or city,Urban,-335,-38
W01001781,Llandaff 3,Cardiff,1605,1621,1317,1487,1886,1628,1368,1295,123,7.93558536532417,3.8172346418696894,8.51632062665846,5.77136456102979,0.382123902923984,3.7195771283049,7.657899721566911,8.89674577633235,59.3464322325837,LSOAs never ranked in top 50 most deprived,1531,1500,1522,1560,1791,UN1,Urban: Nearer to a major town or city,Urban,23,-237
W01001782,Llandaff 4,Cardiff,1800,1896,1845,1864,1872,1367,1234,1762,245,4.44363446468024,0.262026788898669,0.881185315492533,0.648565914754627,0.551320410921967,7.674427208996981,9.98570980856246,1.9258920961997399,45.456611096029,LSOAs never ranked in top 50 most deprived,1782,1814,1831,1855,1855,UN1,Urban: Nearer to a major town or city,Urban,-433,-566
W01001783,Llandaff 5,Cardiff,1898,1755,1712,1778,1863,1887,1760,1727,855,2.55318981607244,2.01620865464999,2.57892908837866,1.72077638263589,0.660750563455305,0.370085932665366,1.95166065814167,2.38106378453009,18.2301063273758,LSOAs never ranked in top 50 most deprived,1840,1888,1896,1893,1879,UN1,Urban: Nearer to a major town or city,Urban,-11,-138
W01001784,Llandaff 6,Cardiff,1818,1594,1664,1589,1678,1807,1629,1747,852,4.12367244902336,4.19784638697523,3.22378551218913,4.26902649755159,3.03382750759324,1.35360342142781,3.70565984256498,2.11986372737402,18.3087280282571,LSOAs never ranked in top 50 most deprived,1676,1829,1866,1837,1768,UN1,Urban: Nearer to a major town or city,Urban,-11,-189
W01001785,Llandaff North 1,Cardiff,154,86,213,185,296,1794,248,322,271,46.0596177117238,66.0089637625679,48.368191681927,51.2583129262402,41.4652400723311,1.51747374901552,45.2016394953934,39.6691852192056,43.3354521612765,LSOAs never ranked in top 50 most deprived,189,195,272,260,324,UN1,Urban: Nearer to a major town or city,Urban,1640,94
W01001786,Llandaff North 2,Cardiff,1235,1193,1214,1038,1444,1796,431,562,303,13.9972489399431,10.7477251154287,10.3542716624636,13.880793490484299,6.43533787184727,1.4921868104588,33.3723650014289,27.5542191343324,40.9677253706744,LSOAs never ranked in top 50 most deprived,919,879,669,559,847,UN1,Urban: Nearer to a major town or city,Urban,561,-804
W01001787,Llandaff North 3,Cardiff,418,406,568,501,625,657,282,974,178,30.7348678834934,34.6717898978839,27.3199698734857,30.0818619066493,25.2060832851683,24.0993044317539,42.4937674101781,15.3102115446428,52.0413819603454,LSOAs never ranked in top 50 most deprived,436,467,443,556,430,UN1,Urban: Nearer to a major town or city,Urban,239,-136
W01001788,Llandaff North 4,Cardiff,279,236,296,379,560,1725,197,424,135,37.0607194712866,46.2389369258219,41.4652400723311,36.1628747637026,27.632835409167,2.4073476821473,49.9749820772766,33.7288656324468,57.543014490177,LSOAs never ranked in top 50 most deprived,200,147,220,209,214,UN1,Urban: Nearer to a major town or city,Urban,1446,-82
W01001789,Llandaff North 5,Cardiff,1514,1484,1509,1147,1772,1915,930,929,162,9.35453546809747,5.81707140801809,5.43892794088303,11.6338419620532,1.79748057137151,0.0355556332575515,16.3471437042061,16.3712622991178,53.9381796839335,LSOAs never ranked in top 50 most deprived,1389,1486,1434,1382,1508,UN1,Urban: Nearer to a major town or city,Urban,401,-584
W01001790,Llandaff North 6,Cardiff,633,419,551,636,971,1798,530,1158,285,24.3783841613171,33.9869350882549,27.9899724127521,24.8195911055164,15.3794455283014,1.46692764264507,28.8455119090077,11.4188179131678,42.2694637565479,LSOAs never ranked in top 50 most deprived,608,550,694,640,637,UN1,Urban: Nearer to a major town or city,Urban,1165,-103
W01001791,Llanishen 1,Cardiff,1613,1409,1322,1532,1742,1746,1273,1007,395,7.834655719941171,6.99029948801807,8.43073092520504,5.0964428103536,2.18488617544616,2.13285351949854,9.28356922070674,14.5620831201808,35.2676484719636,LSOAs never ranked in top 50 most deprived,1492,1619,1646,1703,1673,UN1,Urban: Nearer to a major town or city,Urban,133,-340
W01001792,Llanishen 2,Cardiff,554,418,470,441,894,1126,652,1017,503,26.7340655094613,34.0388982852619,31.481372079309,32.8724769695668,17.2317536408696,12.0500097871272,24.268766466652295,14.3400996326493,29.994429466825,LSOAs never ranked in top 50 most deprived,580,503,408,334,596,UN1,Urban: Nearer to a major town or city,Urban,572,98
W01001793,Lisvane and Thornhill 3,Cardiff,1832,1776,1736,1902,1737,1365,1538,1863,546,3.8444174659605106,1.74631603322602,2.26315653907452,0.190268380821594,2.25009296734753,7.70751785586868,5.00793129814132,0.660750563455305,28.1908045538328,LSOAs never ranked in top 50 most deprived,1854,1858,1845,1854,1882,UN1,Urban: Nearer to a major town or city,Urban,-467,-294
W01001794,Lisvane and Thornhill 4,Cardiff,1845,1588,1762,1728,1812,1416,1838,1883,793,3.6548373544519706,4.28328899237325,1.9258920961997399,2.36793309089594,1.29088595575025,6.87823075017479,0.967483752488668,0.418275663250316,19.9122192709302,LSOAs never ranked in top 50 most deprived,1824,1863,1871,1865,1865,UN1,Urban: Nearer to a major town or city,Urban,-429,-7
W01001795,Lisvane and Thornhill 5,Cardiff,1831,1655,1696,1900,1808,1298,1524,1857,821,3.86189144239232,3.34673508043685,2.79187864333048,0.214162983114442,1.34104623915909,8.84449761272578,5.21499052029399,0.733994323259279,19.1372890163735,LSOAs never ranked in top 50 most deprived,1883,1906,1843,1847,1883,UN1,Urban: Nearer to a major town or city,Urban,-533,-307
W01001796,Lisvane and Thornhill 6,Cardiff,1704,1273,1478,1498,1568,1771,1592,1626,911,6.29393247789731,9.28356922070674,5.90875850122173,5.60454563604096,4.5704120823873,1.81028950974476,4.22629200219173,3.74743698931493,16.8097786303928,LSOAs never ranked in top 50 most deprived,1679,1726,1800,1833,1822,UN1,Urban: Nearer to a major town or city,Urban,67,-112
W01001797,Llanishen 7,Cardiff,1653,1460,1395,1417,1686,1682,1132,1278,679,7.242998219810339,6.18603339967003,7.2160885712172,6.86226541397567,2.92598033764537,2.97984071065512,11.9303343203381,9.19508178554439,23.3681569819925,LSOAs never ranked in top 50 most deprived,1601,1738,1705,1826,1817,UN1,Urban: Nearer to a major town or city,Urban,29,-521
W01001798,Lisvane and Thornhill 7,Cardiff,1770,1650,1644,1537,1684,1369,1388,1635,1025,4.93089772292905,3.41532546266928,3.49790484275683,5.02265958281663,2.95289475817678,7.641384102037111,7.32981979695347,3.6223325139337694,14.1640426279396,LSOAs never ranked in top 50 most deprived,1791,1833,1828,1762,1836,UN1,Urban: Nearer to a major town or city,Urban,-401,-382
W01001799,Llanishen 9,Cardiff,1849,1902,1885,1821,1906,1132,1788,1796,383,3.52526067878606,0.190268380821594,0.39416817703550894,1.17842369651097,0.142553519537921,11.9303343203381,1.59350180146802,1.4921868104588,35.9357803539474,LSOAs never ranked in top 50 most deprived,1796,1830,1869,1873,1870,UN1,Urban: Nearer to a major town or city,Urban,-717,-61
W01001800,Llanishen 10,Cardiff,619,533,680,414,710,1175,538,653,1059,24.8143195913487,28.7213262688648,23.3354689310173,34.2479330799044,22.375825203411505,11.0904123205042,28.5158287354967,24.2347740259203,13.4304803198105,LSOAs never ranked in top 50 most deprived,605,599,722,679,772,UN1,Urban: Nearer to a major town or city,Urban,556,-81
W01001802,Llanrumney 1,Cardiff,465,442,482,499,429,1761,492,363,353,29.2952931481299,32.8230805685168,30.9294793125097,30.1696279817499,33.4736597215886,1.93877276837315,30.4794737920697,37.0943619858733,37.6962996970416,LSOAs never ranked in top 50 most deprived,618,544,724,783,862,UN1,Urban: Nearer to a major town or city,Urban,1296,27
W01001803,Llanrumney 2,Cardiff,290,265,363,291,470,1009,168,667,512,36.6470604544994,43.8078755168361,37.0943619858733,41.8273141236828,31.481372079309,14.5175146946677,53.2084274589305,23.7640807281139,29.605045135778,LSOAs never ranked in top 50 most deprived,277,301,310,245,311,UN1,Urban: Nearer to a major town or city,Urban,719,-122
W01001804,Llanrumney 3,Cardiff,258,256,373,172,382,1318,244,532,508,37.9241192899759,44.5352187023314,36.5077767704368,52.7344798362068,35.9923440910935,8.49917718706529,45.5422336426806,28.7626470242333,29.7772915086413,LSOAs never ranked in top 50 most deprived,354,419,392,277,280,UN1,Urban: Nearer to a major town or city,Urban,1060,-14
W01001805,Llanrumney 4,Cardiff,394,341,515,570,365,868,501,380,427,31.5958134805318,38.4400569687778,29.4767016366035,27.2424139746021,36.9758420280645,17.8924841166429,30.0818619066493,36.1058906041225,33.5754025298363,LSOAs never ranked in top 50 most deprived,435,233,284,239,385,UN1,Urban: Nearer to a major town or city,Urban,474,107
W01001806,Llanrumney 5,Cardiff,1080,989,1032,1145,1040,846,732,501,565,16.4585274737829,14.9671336386227,14.0110905482459,11.6731541404338,13.8375246553555,18.4667823186372,21.6966916603332,30.0818619066493,27.4367962839142,LSOAs never ranked in top 50 most deprived,1013,961,1049,1232,1239,UN1,Urban: Nearer to a major town or city,Urban,-234,-348
W01001807,Llanrumney 6,Cardiff,108,74,205,139,156,1061,129,499,291,51.337040561874,68.6626621027507,49.1575583440995,56.9719862408186,54.6918465940365,13.388049625384,58.427052259456,30.1696279817499,41.8273141236828,LSOAs never ranked in top 50 most deprived,75,84,132,167,183,UN1,Urban: Nearer to a major town or city,Urban,953,21
W01001808,Llanrumney 7,Cardiff,45,38,121,56,36,1553,113,169,246,62.4284113338584,79.1763405806634,59.6612444249203,73.3239130760878,79.929011439795,4.78813136320966,60.9654380577152,53.0890218163239,45.3713061162476,LSOAs sometimes in the top 50 most deprived,94,89,103,111,134,UN1,Urban: Nearer to a major town or city,Urban,1508,68
W01001809,Pentwyn 1,Cardiff,980,1021,977,725,998,540,747,999,990,17.7769047721039,14.2519026738095,15.2411853419661,21.9106122518438,14.7637167283019,28.4341410760623,21.2448824142573,14.7412255037326,14.9444427131545,LSOAs never ranked in top 50 most deprived,877,1082,1147,1360,1608,UN1,Urban: Nearer to a major town or city,Urban,-440,-233
W01001810,Pentwyn 2,Cardiff,126,108,220,171,141,940,174,455,342,48.8690197983184,61.8197854357871,47.6990428598684,52.8520542938503,56.6917020085358,16.1073386653515,52.5011188007851,32.1903986483829,38.3771502834814,LSOAs never ranked in top 50 most deprived,218,251,261,349,314,UN1,Urban: Nearer to a major town or city,Urban,814,48
W01001811,Pentwyn 3,Cardiff,55,52,114,135,73,1064,115,71,191,59.6158720199274,74.5018285688279,60.7983118423662,57.543014490177,68.8982688558412,13.3245499924955,60.6323912704246,69.3768488753494,50.6076979122489,LSOAs never ranked in top 50 most deprived,63,73,89,134,210,UN1,Urban: Nearer to a major town or city,Urban,1009,60
W01001812,Pentwyn 4,Cardiff,473,369,647,716,310,1122,280,1008,622,29.010071437501505,36.7406187399848,24.4394863568481,22.1886093532181,40.480744979926,12.130140784991,42.6445277405534,14.5397881120751,25.3126272482033,LSOAs never ranked in top 50 most deprived,570,552,945,816,1039,UN1,Urban: Nearer to a major town or city,Urban,649,-193
W01001813,Pentwyn 5,Cardiff,137,120,133,208,402,1303,142,117,475,47.4833568008861,59.8202812764146,57.8339345511564,48.8583621326129,34.8866839068173,8.75768023333021,56.5528304302449,60.3040983434743,31.2498052753694,LSOAs never ranked in top 50 most deprived,139,95,149,138,196,UN1,Urban: Nearer to a major town or city,Urban,1166,5
W01001814,Pentwyn 6,Cardiff,994,824,998,897,814,1484,536,1056,559,17.6383631999167,19.055788486218,14.7637167283019,17.1567226767283,19.3285875941208,5.81707140801809,28.5978075542744,13.4942734922363,27.6722445460777,LSOAs never ranked in top 50 most deprived,984,956,1223,1202,1362,UN1,Urban: Nearer to a major town or city,Urban,490,-458
W01001815,Pentwyn 7,Cardiff,1321,1095,1281,1319,1198,1277,1046,1211,179,12.6533881703745,12.6784524717191,9.14215227401453,8.48204651610847,10.6534334073098,9.21275205865786,13.7082044144994,10.4100688919477,51.9278693917135,LSOAs never ranked in top 50 most deprived,1361,1239,1283,1331,1338,UN1,Urban: Nearer to a major town or city,Urban,-44,-275
W01001816,Pentwyn 8,Cardiff,523,355,583,630,667,1286,340,931,403,27.6252424921202,37.5746452807467,26.7445765676622,25.029599503078295,23.7640807281139,9.05420620453297,38.5031361804481,16.323050374395,34.8327718802493,LSOAs never ranked in top 50 most deprived,582,486,298,390,492,UN1,Urban: Nearer to a major town or city,Urban,763,-183
W01001817,Pentwyn 9,Cardiff,1038,790,1099,672,1226,1207,1019,1301,222,17.0271517247814,19.9968174672526,12.5963916721678,23.5982834499749,10.1324265947327,10.484676387737,14.2959588776925,8.79236787018381,47.5113795103644,LSOAs never ranked in top 50 most deprived,831,1183,1061,1437,1580,UN1,Urban: Nearer to a major town or city,Urban,169,-19
W01001818,Pentwyn 10,Cardiff,741,483,842,874,911,1305,300,939,592,22.2285033592068,30.8840804820981,18.5727584986254,17.7383144633006,16.8097786303928,8.72304483214816,41.1796295698724,16.1312069689596,26.4061256543757,LSOAs never ranked in top 50 most deprived,1190,911,966,1361,1458,UN1,Urban: Nearer to a major town or city,Urban,564,-441
W01001819,Pentyrch and St Fagans 4,Cardiff,1840,1589,1461,1831,1792,1591,1730,1543,1538,3.6793239423488706,4.26902649755159,6.17054123122068,1.05410721025941,1.54278851944654,4.24052801339914,2.34169417118009,4.93443101457545,5.00793129814132,LSOAs never ranked in top 50 most deprived,1823,1812,1816,1809,1771,RLN1,Larger rural: Nearer to a major town or city,Rural,-249,-110
W01001820,Pentyrch and St Fagans 5,Cardiff,1629,1541,1561,1666,1783,609,1171,1740,665,7.62300684438432,4.96380294814753,4.67175799544653,3.1965524120076,1.65705105510444,25.7801075613242,11.167263427797,2.2109467124459,23.8307357386068,LSOAs never ranked in top 50 most deprived,1623,1626,1699,1524,1497,UN1,Urban: Nearer to a major town or city,Urban,-1020,-458
W01001821,Penylan 1,Cardiff,1713,1680,1780,1184,1849,1477,1474,1726,282,6.12891379336138,3.0068182690504,1.69526506032076,10.91843049278,0.832016914366915,5.92407528130231,5.97008691778702,2.39420197875589,42.4937674101781,LSOAs never ranked in top 50 most deprived,1654,1774,1794,1821,1872,UN1,Urban: Nearer to a major town or city,Urban,-236,-239
W01001822,Penylan 2,Cardiff,1404,1117,1217,1436,1763,962,1570,1254,131,11.3576060636525,12.2306987220655,10.2986094676654,6.56101084525749,1.91301863354183,15.5884067692259,4.54153794047331,9.62296092067892,58.1285815636282,LSOAs never ranked in top 50 most deprived,1344,1415,1517,1670,1655,UN1,Urban: Nearer to a major town or city,Urban,-442,166
W01001823,Penylan 3,Cardiff,1709,1754,1880,1877,1912,1888,576,1724,117,6.22393614346783,2.029140020424,0.45448433694896107,0.49075010349887294,0.0711663169787136,0.358054259664359,27.0113031486456,2.420500903293,60.3040983434743,LSOAs never ranked in top 50 most deprived,1699,1795,1745,1736,1832,UN1,Urban: Nearer to a major town or city,Urban,179,-1133
W01001824,Penylan 4,Cardiff,1148,1346,1292,1110,1855,1877,153,1237,16,15.4814136111319,8.02427648818839,8.94911290025359,12.3722225576746,0.758460834073115,0.49075010349887294,55.0781481254215,9.93093140724523,89.2315478251648,LSOAs never ranked in top 50 most deprived,856,988,1057,1108,1284,UN1,Urban: Nearer to a major town or city,Urban,729,-995
W01001825,Penylan 5,Cardiff,939,1026,987,1162,1648,1184,602,360,5,18.4257620090323,14.1421299579841,15.0125827581996,11.3411230862198,3.44281899211342,10.91843049278,26.0358195232768,37.2732949847907,96.6016437838926,LSOAs never ranked in top 50 most deprived,884,814,911,1219,1324,UN1,Urban: Nearer to a major town or city,Urban,245,-337
W01001826,Penylan 6,Cardiff,1731,1653,1673,1799,1809,1188,1290,1423,393,5.76677306826319,3.3741466922672494,3.1014896941000294,1.45430845371833,1.32849590892464,10.842404977394,8.98409067323127,6.76670542654304,35.3776646435964,LSOAs never ranked in top 50 most deprived,1701,1709,1806,1878,1886,UN1,Urban: Nearer to a major town or city,Urban,-543,-441
W01001827,Penylan 7,Cardiff,1787,1737,1778,1891,1875,1323,1352,1720,308,4.6686755638201,2.25009296734753,1.72077638263589,0.321996958409088,0.514959088465857,8.41365113915402,7.92377536341328,2.4731891377088,40.6188332964369,LSOAs never ranked in top 50 most deprived,1811,1853,1785,1862,1896,UN1,Urban: Nearer to a major town or city,Urban,-464,-435
W01001828,Penylan 8,Cardiff,1739,1815,1796,1793,1810,1072,1576,1614,189,5.44138495240145,1.25333740256027,1.4921868104588,1.53012765141815,1.31595242325068,13.156069761591,4.45513237087,3.9153085759125,50.8225311289116,LSOAs never ranked in top 50 most deprived,1656,1793,1786,1834,1854,UN1,Urban: Nearer to a major town or city,Urban,-667,-163
W01001829,Plasnewydd 1,Cardiff,933,1124,1645,1034,1031,1907,45,485,182,18.4534947607385,12.0900403894636,3.48412100647357,13.9675761280521,14.0328786696926,0.130640254955792,76.7205326292893,30.7935507731975,51.590654800111,LSOAs never ranked in top 50 most deprived,634,924,1352,695,1122,UN1,Urban: Nearer to a major town or city,Urban,974,-888
W01001830,Plasnewydd 2,Cardiff,420,606,658,264,1097,1651,105,183,83,30.7188009822659,25.889350467786105,24.0655613410692,43.8875648374803,12.6373854742736,3.40159101249514,62.3480539106283,51.4793397416298,66.6442395766252,LSOAs never ranked in top 50 most deprived,368,509,655,509,638,UN1,Urban: Nearer to a major town or city,Urban,1231,-315
W01001831,Plasnewydd 3,Cardiff,1232,1306,1591,1659,1518,1890,87,668,130,14.0556768700684,8.70574667081706,4.24052801339914,3.29200967076007,5.30430401769355,0.334009779105695,65.801045497703,23.7308255216234,58.2773327586552,LSOAs never ranked in top 50 most deprived,812,1290,1506,1592,1467,UN1,Urban: Nearer to a major town or city,Urban,658,-1145
W01001832,Plasnewydd 4,Cardiff,776,1289,1522,1033,565,1333,78,486,41,21.332130649995,9.00159952743134,5.24472316698409,13.9893230473638,27.4367962839142,8.24354726262967,67.7436530415939,30.748419193429,78.09159448065671,LSOAs never ranked in top 50 most deprived,514,689,662,665,655,UN1,Urban: Nearer to a major town or city,Urban,557,-698
W01001833,Plasnewydd 5,Cardiff,805,1066,1000,840,1722,1800,83,594,27,20.643975040258095,13.2823140914513,14.7187562513825,18.625930266217,2.44682993327569,1.44169618464421,66.6442395766252,26.3315859297246,83.6587696484863,LSOAs never ranked in top 50 most deprived,622,710,682,570,794,UN1,Urban: Nearer to a major town or city,Urban,995,-722
W01001834,Plasnewydd 6,Cardiff,802,802,1303,876,1155,1691,79,531,177,20.7473018701889,19.6602758162341,8.75768023333021,17.6871533720537,11.4772617563852,2.85883175549365,67.5195259195412,28.8040421482216,52.155457530604,LSOAs never ranked in top 50 most deprived,531,626,915,848,875,UN1,Urban: Nearer to a major town or city,Urban,889,-723
W01001835,Plasnewydd 7,Cardiff,504,618,811,178,1458,1212,469,274,35,28.2065508373945,25.4554579816815,19.4110622892759,52.0413819603454,6.21704907705438,10.3914547711558,31.527966533529,43.1028302149666,80.3147896569701,LSOAs never ranked in top 50 most deprived,89,174,275,216,138,UN1,Urban: Nearer to a major town or city,Urban,708,-35
W01001836,Plasnewydd 8,Cardiff,1146,1174,1282,1585,1829,1658,112,359,154,15.5156914499292,11.1096010369892,9.12453613689573,4.32612961950757,1.07891681052304,3.30567882066851,61.1337875661468,37.3332500036774,54.9486586961829,LSOAs never ranked in top 50 most deprived,1140,1406,1411,855,989,UN1,Urban: Nearer to a major town or city,Urban,512,-1034
W01001837,Plasnewydd 9,Cardiff,761,826,1299,903,1241,1316,107,547,32,21.7930260762059,19.0016148014497,8.82710790050632,17.0073910815665,9.85809589403115,8.53347685393684,61.9945302349517,28.1504975899782,81.5125373269623,LSOAs never ranked in top 50 most deprived,703,903,1436,1130,1264,UN1,Urban: Nearer to a major town or city,Urban,555,-654
W01001838,Plasnewydd 10,Cardiff,1234,1292,1685,1151,1734,1886,65,1218,197,14.0402595023316,8.94911290025359,2.93943361103069,11.5554186129504,2.2893059632188506,0.382123902923984,70.8754061804421,10.2800852976103,49.9749820772766,LSOAs never ranked in top 50 most deprived,1095,1327,1529,1521,1210,UN1,Urban: Nearer to a major town or city,Urban,652,-1169
W01001839,Plasnewydd 11,Cardiff,926,812,1605,1208,1545,1823,53,851,62,18.6227931411856,19.3835378508761,4.04202126210555,10.466001812891,4.90509654232021,1.15350658605424,74.2016460757048,18.3349950989166,71.6629642669723,LSOAs never ranked in top 50 most deprived,827,1142,1303,1248,1478,UN1,Urban: Nearer to a major town or city,Urban,897,-873
W01001840,Pontprennau and Old St Mellons 1,Cardiff,877,966,996,919,602,972,510,963,343,19.4096119439641,15.4953006495433,14.8087652662821,16.6138495816422,26.0358195232768,15.3563443697558,29.6910070790377,15.5650948808948,38.3144151833871,LSOAs never ranked in top 50 most deprived,1164,1111,1090,1271,1386,UN1,Urban: Nearer to a major town or city,Urban,95,-367
W01001841,Pontprennau and Old St Mellons 2,Cardiff,1699,1432,1511,1410,1658,1413,1463,1629,890,6.34509952740338,6.62410577943288,5.40894334243726,6.9742561972193,3.30567882066851,6.92619336021997,6.13958816451955,3.70565984256498,17.3321772001439,LSOAs never ranked in top 50 most deprived,1673,1742,1810,1857,1864,UN1,Urban: Nearer to a major town or city,Urban,-286,-236
W01001842,Pontprennau and Old St Mellons 3,Cardiff,1805,1429,1758,1854,1787,1540,1611,1783,661,4.33881028284752,6.67154082784447,1.97745812285042,0.770703856354722,1.60619761297425,4.97850299285104,3.95746861979922,1.65705105510444,23.9646280811958,LSOAs never ranked in top 50 most deprived,1758,1809,1887,1864,1845,UN1,Urban: Nearer to a major town or city,Urban,-265,-194
W01001844,Pontprennau and Old St Mellons 5,Cardiff,1500,1047,1366,1605,1371,1364,1127,1499,636,9.59631114182057,13.6867215568436,7.690966581395791,4.04202126210555,7.608388398587911,7.72408104955796,12.0300205825679,5.5894401050987,24.8195911055164,LSOAs never ranked in top 50 most deprived,1616,1540,1620,1555,1639,UN1,Urban: Nearer to a major town or city,Urban,-136,-373
W01001846,Radyr 1,Cardiff,1708,1762,1734,1697,1817,629,1619,1742,376,6.24882788858435,1.9258920961997399,2.2893059632188506,2.7785113772664,1.22833904598966,25.0647880899908,3.8452131188805,2.18488617544616,36.3346792655497,LSOAs never ranked in top 50 most deprived,1745,1747,1736,1688,1823,UN1,Urban: Nearer to a major town or city,Urban,-1079,-89
W01001847,Radyr 2,Cardiff,1834,1912,1883,1906,1901,830,1835,1895,466,3.72589688165913,0.0711663169787136,0.418275663250316,0.142553519537921,0.202212578968056,18.8936487341566,1.00456815041415,0.27400832003257,31.6683189466595,LSOAs never ranked in top 50 most deprived,1836,1890,1852,1848,1874,UN1,Urban: Nearer to a major town or city,Urban,-1004,1
W01001848,Rhiwbina 1,Cardiff,1868,1894,1903,1856,1870,1523,1376,1846,435,3.19343601122785,0.285996096032325,0.17833038223269,0.7462243253503089,0.575593267767309,5.22985203912699,7.526105640471979,0.868883357631362,33.1711041585498,LSOAs never ranked in top 50 most deprived,1810,1826,1888,1887,1889,UN1,Urban: Nearer to a major town or city,Urban,-345,-492
W01001849,Rhiwbina 2,Cardiff,1762,1899,1779,1842,1879,717,1646,1817,350,5.07789197094715,0.226119599713166,1.70801718437217,0.918130717938159,0.466566573261191,22.1575543345572,3.47034542585786,1.22833904598966,37.8799964021223,LSOAs never ranked in top 50 most deprived,1794,1845,1735,1718,1881,UN1,Urban: Nearer to a major town or city,Urban,-1045,-116
W01001850,Rhiwbina 3,Cardiff,1892,1898,1886,1910,1909,1825,1433,1862,378,2.71025721694145,0.238082435226713,0.382123902923984,0.0949374406634471,0.106832221896123,1.12861644040485,6.60831581168845,0.67294167060648,36.2200004563807,LSOAs never ranked in top 50 most deprived,1860,1889,1895,1894,1875,UN1,Urban: Nearer to a major town or city,Urban,-67,-459
W01001851,Rhiwbina 4,Cardiff,1667,1674,1587,1541,1852,1302,1010,1321,341,6.9212283507121,3.0879413233543,4.29756033697686,4.96380294814753,0.795209469357828,8.77501751245247,14.4952628261818,8.44782340412111,38.4400569687778,LSOAs never ranked in top 50 most deprived,1703,1749,1801,1781,1763,UN1,Urban: Nearer to a major town or city,Urban,-365,-657
W01001852,Rhiwbina 5,Cardiff,1842,1910,1860,1819,1895,1363,1627,1769,293,3.6651885379637,0.0949374406634471,0.697343287672057,1.20336783026323,0.27400832003257,7.740656179642969,3.73350284048487,1.83592880666676,41.6817998039603,LSOAs never ranked in top 50 most deprived,1800,1897,1859,1822,1856,UN1,Urban: Nearer to a major town or city,Urban,-479,-215
W01001853,Rhiwbina 6,Cardiff,1867,1787,1798,1653,1862,1838,1668,1840,494,3.19573853646168,1.60619761297425,1.46692764264507,3.3741466922672494,0.67294167060648,0.967483752488668,3.16935151898829,0.9427939975962821,30.3905196703142,LSOAs never ranked in top 50 most deprived,1828,1894,1891,1885,1884,UN1,Urban: Nearer to a major town or city,Urban,-29,-199
W01001854,Rhiwbina 7,Cardiff,1807,1825,1731,1558,1720,1652,1593,1842,385,4.32249090551118,1.12861644040485,2.32858592802372,4.71532903567362,2.4731891377088,3.38786475895365,4.21206479701297,0.918130717938159,35.823068497273,LSOAs never ranked in top 50 most deprived,1741,1880,1886,1886,1873,UN1,Urban: Nearer to a major town or city,Urban,-155,-214
W01001855,Riverside 1,Cardiff,204,149,529,481,652,923,3,568,38,41.8719550406323,55.603521574478,28.8870565762234,30.9749679312151,24.268766466652295,16.5165074178743,98.2381135499326,27.3199698734857,79.1763405806634,LSOAs never ranked in top 50 most deprived,140,283,223,125,101,UN1,Urban: Nearer to a major town or city,Urban,719,-201
W01001856,Riverside 2,Cardiff,114,131,343,234,459,1172,15,7,3,50.7570160159565,58.1285815636282,38.3144151833871,46.4164609494925,31.999177516669,11.1480265638227,89.8120767513217,95.073915980509,98.2381135499326,LSOAs sometimes in the top 50 most deprived,108,135,51,46,11,UN1,Urban: Nearer to a major town or city,Urban,1058,-99
W01001857,Riverside 3,Cardiff,96,54,181,176,532,1428,69,57,8,53.7928581659018,73.9053309675503,51.7025112206975,52.270101715109,28.7626470242333,6.68737427552595,69.8655990996753,73.0386244617208,94.3464939726561,LSOAs sometimes in the top 50 most deprived,66,85,71,48,41,UN1,Urban: Nearer to a major town or city,Urban,1332,-27
W01001858,Riverside 4,Cardiff,1450,1425,1450,1391,1885,1293,867,784,106,10.5200159407215,6.73494012330532,6.34153173513494,7.28100896378488,0.39416817703550894,8.93164394102851,17.9182798287869,20.1669531245814,62.170612845839,LSOAs never ranked in top 50 most deprived,1316,1353,1299,1315,1265,UN1,Urban: Nearer to a major town or city,Urban,-157,-583
W01001859,Riverside 5,Cardiff,1518,1517,1562,1306,1896,1642,1065,1006,63,9.29317501519428,5.31922337766314,4.65725263845909,8.70574667081706,0.262026788898669,3.52549732194833,13.3034223470218,14.5843997608832,71.3974372375447,LSOAs never ranked in top 50 most deprived,1229,1383,1041,1078,1134,UN1,Urban: Nearer to a major town or city,Urban,124,-453
W01001860,Riverside 6,Cardiff,1508,1559,1730,1683,1861,1859,393,1104,66,9.45398292299414,4.7007961824822,2.34169417118009,2.96636378830555,0.685139243058358,0.709553811319619,35.3776646435964,12.4942256906992,70.6187676549488,LSOAs never ranked in top 50 most deprived,1246,1515,1553,1376,1366,UN1,Urban: Nearer to a major town or city,Urban,351,-1115
W01001861,Riverside 7,Cardiff,1438,1581,1569,1733,1850,1252,565,998,24,10.7615410408764,4.38337486685589,4.555970480365,2.30239183253676,0.819741219997647,9.65897943745234,27.4367962839142,14.7637167283019,85.0497296540466,LSOAs never ranked in top 50 most deprived,1121,1041,1029,736,689,UN1,Urban: Nearer to a major town or city,Urban,-186,-873
W01001862,Riverside 8,Cardiff,373,412,737,925,772,1186,9,309,26,32.9573656453433,34.3531672483296,21.5451002935689,16.4679903931507,20.5110472173339,10.8803863227155,93.6413746078224,40.5496855058199,84.1131400066213,LSOAs never ranked in top 50 most deprived,327,379,398,366,320,UN1,Urban: Nearer to a major town or city,Urban,813,-364
W01001863,Rumney 1,Cardiff,986,982,893,1193,718,1814,560,1150,118,17.6884646936804,15.1266000341796,17.2568184537163,10.7477251154287,22.1265411904144,1.26584677711153,27.632835409167,11.574999395637,60.141692542545,LSOAs never ranked in top 50 most deprived,829,871,1078,1170,1230,UN1,Urban: Nearer to a major town or city,Urban,828,-426
W01001864,Rumney 2,Cardiff,1482,1575,1456,1236,1113,1487,751,1327,498,9.85531573858215,4.4695107759153,6.24810663580258,9.94917638218329,12.3114628224399,5.77136456102979,21.125883980749695,8.34545854747957,30.2136369301349,LSOAs never ranked in top 50 most deprived,1521,1459,1389,1547,1571,UN1,Urban: Nearer to a major town or city,Urban,5,-731
W01001865,Rumney 3,Cardiff,1392,1378,1340,1212,1206,1239,978,1517,176,11.5413084332319,7.49327478358407,8.1252186921482,10.3914547711558,10.5033661375025,9.89448481906336,15.2182225660566,5.31922337766314,52.270101715109,LSOAs never ranked in top 50 most deprived,1373,1144,1173,1025,1053,UN1,Urban: Nearer to a major town or city,Urban,-153,-414
W01001866,Rumney 4,Cardiff,239,260,349,265,299,669,518,174,368,39.136789363556,44.2091121956056,37.941556123801,43.8078755168361,41.2507003840654,23.6976183287089,29.3490703413121,52.5011188007851,36.7991994167954,LSOAs never ranked in top 50 most deprived,304,162,321,353,418,UN1,Urban: Nearer to a major town or city,Urban,430,279
W01001867,Rumney 5,Cardiff,104,79,146,177,107,1153,135,340,478,52.3692222152766,67.5195259195412,56.005580172015,52.155457530604,61.9945302349517,11.5163069863456,57.543014490177,38.5031361804481,31.1119760863556,LSOAs never ranked in top 50 most deprived,103,59,80,83,136,UN1,Urban: Nearer to a major town or city,Urban,1049,31
W01001868,Rumney 6,Cardiff,342,349,260,522,279,1774,249,676,522,34.4168699578675,37.941556123801,44.2091121956056,29.1799895858898,42.7202801087006,1.77188407507363,45.1172732377935,23.466500804107,29.1799895858898,LSOAs never ranked in top 50 most deprived,455,339,334,389,397,UN1,Urban: Nearer to a major town or city,Urban,1432,-93
W01001869,Splott 1,Cardiff,560,714,954,206,903,1461,207,880,133,26.5841802449205,22.2508454674838,15.7757574013147,49.0573931946691,17.0073910815665,6.17054123122068,48.9576623742928,17.5851713365055,57.8339345511564,LSOAs never ranked in top 50 most deprived,416,418,441,433,428,UN1,Urban: Nearer to a major town or city,Urban,901,-353
W01001870,Splott 2,Cardiff,644,690,926,659,643,1660,152,584,322,24.0121412112519,23.0111184118452,16.4437702057272,24.0318676820537,24.5769805529271,3.27834863975104,55.2083707065076,26.7067240252325,39.6691852192056,LSOAs never ranked in top 50 most deprived,535,447,494,460,520,UN1,Urban: Nearer to a major town or city,Urban,1016,-492
W01001871,Splott 3,Cardiff,70,67,83,106,158,1228,127,205,161,57.2122316860407,70.3649611810893,66.6442395766252,62.170612845839,54.4378703545907,10.0956595638491,58.7294471860413,49.1575583440995,54.0620882804771,LSOAs sometimes in the top 50 most deprived,54,26,82,122,119,UN1,Urban: Nearer to a major town or city,Urban,1158,57
W01001872,Splott 4,Cardiff,444,475,708,478,948,1834,52,436,94,29.9405978033601,31.2498052753694,22.4385706702572,31.1119760863556,15.9172787251356,1.01694291576668,74.5018285688279,33.1210629250296,64.3959813046485,LSOAs never ranked in top 50 most deprived,335,244,276,315,357,UN1,Urban: Nearer to a major town or city,Urban,1390,-392
W01001873,Splott 5,Cardiff,194,172,360,94,683,1708,101,272,139,42.9200622601361,52.7344798362068,37.2732949847907,64.3959813046485,23.2376825985408,2.63198192210366,63.0718327251101,43.2576498041656,56.9719862408186,LSOAs never ranked in top 50 most deprived,162,91,204,223,287,UN1,Urban: Nearer to a major town or city,Urban,1514,-93
W01001874,Splott 6,Cardiff,38,49,80,36,187,616,36,679,90,63.3623923467598,75.4266240198199,67.2975617789624,79.929011439795,51.0393899464109,25.5272073501539,79.929011439795,23.3681569819925,65.1883356888716,LSOAs often in the top 50 most deprived,12,4,36,51,54,UN1,Urban: Nearer to a major town or city,Urban,578,-2
W01001876,Splott 8,Cardiff,91,64,194,110,228,696,77,325,196,54.3793540293047,71.1349406732581,50.2891643604948,61.4742290246894,46.9574053741219,22.818681184314105,67.9699857156566,39.4706920344609,50.0792333688997,LSOAs never ranked in top 50 most deprived,74,56,84,78,88,UN1,Urban: Nearer to a major town or city,Urban,605,-14
W01001877,Trowbridge 1,Cardiff,1477,1331,1338,1333,1215,1266,1589,1338,310,9.89336678195344,8.27746754216379,8.15896478170446,8.24354726262967,10.3357026259726,9.4080263644472,4.26902649755159,8.15896478170446,40.480744979926,LSOAs never ranked in top 50 most deprived,1342,1244,1287,1238,1325,UN1,Urban: Nearer to a major town or city,Urban,-211,112
W01001878,Trowbridge 2,Cardiff,1039,859,1059,880,704,1537,646,883,830,16.9956031100282,18.1256937179753,13.4304803198105,17.5851713365055,22.5645774715646,5.02265958281663,24.4737829256576,17.5089804663596,18.8936487341566,LSOAs never ranked in top 50 most deprived,965,805,1030,1013,1066,UN1,Urban: Nearer to a major town or city,Urban,498,-393
W01001879,Trowbridge 3,Cardiff,123,112,179,87,313,1486,190,105,564,48.977878588901,61.1337875661468,51.9278693917135,65.801045497703,40.2751546577664,5.78659008657496,50.7148636882803,62.3480539106283,27.4758706625832,LSOAs never ranked in top 50 most deprived,180,143,218,96,142,UN1,Urban: Nearer to a major town or city,Urban,1363,67
W01001880,Trowbridge 4,Cardiff,78,41,126,89,233,885,110,324,413,56.2463697401138,78.09159448065671,58.8821487500075,65.3907641045194,46.5057394473204,17.4583264112032,61.4742290246894,39.5366662763192,34.3004899781357,LSOAs sometimes in the top 50 most deprived,61,38,125,172,171,UN1,Urban: Nearer to a major town or city,Urban,807,32
W01001881,Trowbridge 5,Cardiff,127,77,147,167,231,1526,312,152,667,48.7608344036573,67.9699857156566,55.8707782061083,53.328456238315,46.6853428676421,5.1852962600852,40.3434807781602,55.2083707065076,23.7640807281139,LSOAs never ranked in top 50 most deprived,165,152,241,375,386,UN1,Urban: Nearer to a major town or city,Urban,1399,185
W01001882,Trowbridge 6,Cardiff,1241,1030,1151,1049,992,1341,1423,1683,142,13.9313648799478,14.0546874508093,11.5554186129504,13.643815945353,14.8991279100064,8.10836419659457,6.76670542654304,2.96636378830555,56.5528304302449,LSOAs never ranked in top 50 most deprived,1232,1334,1523,1599,1612,UN1,Urban: Nearer to a major town or city,Urban,100,182
W01001883,Trowbridge 7,Cardiff,107,162,142,150,52,1284,146,164,619,51.8329163079423,53.9381796839335,56.5528304302449,55.471048864908,74.5018285688279,9.08934428866294,56.005580172015,53.6923472965782,25.4196670575853,LSOAs never ranked in top 50 most deprived,126,86,110,97,212,UN1,Urban: Nearer to a major town or city,Urban,1177,39
W01001884,Trowbridge 8,Cardiff,6,3,10,28,38,756,49,134,1054,76.217940701594,98.2381135499326,92.9572308799948,83.2132018664165,79.1763405806634,20.9779965462669,75.4266240198199,57.6880145537227,13.536900785158,LSOAs often in the top 50 most deprived,13,13,55,110,74,UN1,Urban: Nearer to a major town or city,Urban,750,43
W01001885,Trowbridge 9,Cardiff,380,315,475,565,572,753,332,833,164,32.2423987513383,40.139108347939,31.2498052753694,27.4367962839142,27.1651187152393,21.0666148502514,39.014096366433,18.8130054832843,53.6923472965782,LSOAs never ranked in top 50 most deprived,402,313,517,688,331,UN1,Urban: Nearer to a major town or city,Urban,373,-48
W01001886,Trowbridge 10,Cardiff,66,92,87,104,93,879,81,235,339,57.8783311146762,64.7887465705303,65.801045497703,62.5268745529736,64.5915255534606,17.6106244840572,67.0777192700641,46.3275276621096,38.5663888674288,LSOAs never ranked in top 50 most deprived,97,51,113,130,94,UN1,Urban: Nearer to a major town or city,Urban,813,15
W01001887,Whitchurch and Tongwynlais 1,Cardiff,1889,1907,1908,1859,1916,1869,1131,1850,549,2.74102530311274,0.130640254955792,0.118733157869366,0.709553811319619,0.0236976471952762,0.587739309011696,11.9502370380452,0.819741219997647,28.0700949563639,LSOAs never ranked in top 50 most deprived,1864,1895,1882,1895,1891,UN1,Urban: Nearer to a major town or city,Urban,-20,-758
W01001888,Whitchurch and Tongwynlais 2,Cardiff,1545,1285,1336,1425,1690,1169,1052,1534,629,8.89602425930223,9.07176853635428,8.19276045700378,6.73494012330532,2.87224579783897,11.2057854914306,13.5796072285402,5.06690110998117,25.0647880899908,LSOAs never ranked in top 50 most deprived,1483,1487,1302,1503,1259,UN1,Urban: Nearer to a major town or city,Urban,-376,-493
W01001889,Whitchurch and Tongwynlais 3,Cardiff,1526,1396,1404,1354,1676,1529,1239,885,256,9.11445299452834,7.19988706490412,7.07068423377793,7.89037234129321,3.06086850077605,5.14082662798777,9.89448481906336,17.4583264112032,44.5352187023314,LSOAs never ranked in top 50 most deprived,1323,1295,1372,1571,1538,UN1,Urban: Nearer to a major town or city,Urban,3,-287
W01001890,Whitchurch and Tongwynlais 4,Cardiff,1684,1635,1741,1598,1593,1527,1051,1476,283,6.60638724080224,3.6223325139337694,2.19791275290499,4.14106048118708,4.21206479701297,5.17046349396186,13.600990223615,5.9394022683437,42.4187562091442,LSOAs never ranked in top 50 most deprived,1681,1698,1687,1740,1762,UN1,Urban: Nearer to a major town or city,Urban,-157,-633
W01001891,Whitchurch and Tongwynlais 5,Cardiff,1297,1179,942,905,1667,1595,916,1024,394,13.0198955184807,11.0138171449293,16.059676238022,16.9578285669926,3.18294794436459,4.18363676121106,16.68712752224,14.1859761945492,35.322590777636,LSOAs never ranked in top 50 most deprived,1322,1270,1263,1320,1372,UN1,Urban: Nearer to a major town or city,Urban,298,-381
W01001892,Whitchurch and Tongwynlais 6,Cardiff,1848,1911,1861,1830,1893,1493,1392,1776,344,3.5787526389613906,0.0830488078086016,0.685139243058358,1.06650866519429,0.297990123411071,5.68022246120887,7.264761678252661,1.74631603322602,38.2518507350042,LSOAs never ranked in top 50 most deprived,1771,1788,1796,1824,1834,UN1,Urban: Nearer to a major town or city,Urban,-355,-456
W01001893,Whitchurch and Tongwynlais 7,Cardiff,1013,596,953,1064,1181,1342,971,989,328,17.3770823633187,26.2572869975422,15.7992838993976,13.3245499924955,10.975614999948199,8.09152204304159,15.3794455283014,14.9671336386227,39.2738972266085,LSOAs never ranked in top 50 most deprived,1265,1267,1098,1086,1073,RLN1,Larger rural: Nearer to a major town or city,Rural,329,-42
W01001894,Whitchurch and Tongwynlais 8,Cardiff,1690,1805,1784,1384,1784,1084,1404,1721,199,6.50997334485304,1.37873837202441,1.64432714963132,7.395062462084311,1.64432714963132,12.9056410969755,7.07068423377793,2.46000575936387,49.7678864822923,LSOAs never ranked in top 50 most deprived,1732,1800,1674,1759,1846,UN1,Urban: Nearer to a major town or city,Urban,-606,-286
W01001895,Whitchurch and Tongwynlais 9,Cardiff,603,473,371,500,1253,1018,871,1067,568,25.1528803825009,31.3421524126318,36.6239031076496,30.125703080725305,9.64096312834053,14.3180186660081,17.8152701147679,13.2612251902263,27.3199698734857,LSOAs never ranked in top 50 most deprived,345,370,390,224,202,UN1,Urban: Nearer to a major town or city,Urban,415,268
W01001896,Whitchurch and Tongwynlais 10,Cardiff,1851,1884,1842,1736,1902,1874,1197,1620,432,3.50997131960063,0.406218761605603,0.918130717938159,2.26315653907452,0.190268380821594,0.52707314322933,10.6722608493273,3.8312196260537505,33.3218844443697,LSOAs never ranked in top 50 most deprived,1793,1849,1861,1849,1876,UN1,Urban: Nearer to a major town or city,Urban,23,-654
W01001897,Talybont-on-Usk,Powys,1161,1513,1759,1528,1566,48,571,1166,426,15.2607186821474,5.37899778336937,1.96455577359849,5.1556402873674,4.59932251839442,75.743341186437,27.2037338745168,11.263689831837,33.6264432092818,LSOAs never ranked in top 50 most deprived,1404,1441,NA,NA,NA,RSF1,Smaller rural: Further from a major town or city,Rural,-1113,-590
W01001898,Vaynor 1,Merthyr Tydfil,456,555,479,617,285,166,1140,750,1765,29.6338975764323,27.830559837053105,31.066215959085305,25.491304687821,42.2694637565479,53.4491146924828,11.7717295661219,21.1555759189672,1.88729330452187,LSOAs never ranked in top 50 most deprived,502,566,NA,NA,NA,UF1,Urban: Further from a major town or city,Urban,-290,684
W01001899,Cwm-twrch,Powys,588,723,648,457,603,357,735,1064,778,25.541988518822105,21.9720996562206,24.405240853407495,32.0945893574396,25.9991147215854,37.4536309497537,21.6056169977948,13.3245499924955,20.3383566946506,LSOAs never ranked in top 50 most deprived,667,662,NA,NA,NA,UN1,Urban: Nearer to a major town or city,Urban,-231,147
W01001900,Ystalyfera 1,Neath Port Talbot,381,459,279,336,399,839,522,646,1589,32.2329359821564,31.999177516669,42.7202801087006,38.7571973878808,35.0491823781009,18.6525623174232,29.1799895858898,24.4737829256576,4.26902649755159,LSOAs never ranked in top 50 most deprived,485,570,NA,NA,NA,UN1,Urban: Nearer to a major town or city,Urban,458,141
W01001901,St John 1,Powys,1599,1328,1316,1456,1314,944,1683,1264,1864,8.04846223271205,8.32844194402847,8.53347685393684,6.24810663580258,8.56782774795796,16.0121123763408,2.96636378830555,9.44370959669208,0.648565914754627,LSOAs never ranked in top 50 most deprived,1579,1654,NA,NA,NA,RLF1,Larger rural: Further from a major town or city,Rural,-655,84
W01001902,St John 2,Powys,327,169,404,428,354,406,1307,383,1916,34.9801225287144,53.0890218163239,34.7789859280729,33.524474867068,37.6353920553086,34.6717898978839,8.68846150955214,35.9357803539474,0.0236976471952762,LSOAs never ranked in top 50 most deprived,515,493,NA,NA,NA,RLF1,Larger rural: Further from a major town or city,Rural,79,980
W01001903,Crickhowell,Powys,1737,1405,1449,1675,1471,1508,1644,1521,1603,5.45356227051765,7.05458479341089,6.35713954651361,3.07440092870822,6.01619078536322,5.45393491170779,3.49790484275683,5.25960391629917,4.07027469147199,LSOAs never ranked in top 50 most deprived,1479,1708,NA,NA,NA,RLF1,Larger rural: Further from a major town or city,Rural,-229,-93
W01001904,Llangattock and Glangrwyney,Powys,1555,1763,1837,1870,1762,171,848,1542,1149,8.74244449565137,1.91301863354183,0.979838575922327,0.575593267767309,1.9258920961997399,52.8520542938503,18.4139767812634,4.94911229271788,11.5945968624002,LSOAs never ranked in top 50 most deprived,1474,1520,NA,NA,NA,RSF1,Smaller rural: Further from a major town or city,Rural,-1384,-707
W01001905,"Llangors, Bwlch and Grwyney",Powys,1361,1684,1771,1855,1752,62,584,1765,891,11.9427850784564,2.95289475817678,1.81028950974476,0.758460834073115,2.05502458376486,71.6629642669723,26.7067240252325,1.88729330452187,17.307030173526,LSOAs never ranked in top 50 most deprived,1434,1367,NA,NA,NA,RSF1,Smaller rural: Further from a major town or city,Rural,-1299,-777
W01001906,Llanrhaeadr-ym-Mochnant,Powys,1030,1320,1526,1714,1410,44,287,1460,718,17.1707087051115,8.46492859478172,5.1852962600852,2.55244849132853,6.9742561972193,77.0557122139279,42.121134111506,6.18603339967003,22.1265411904144,LSOAs never ranked in top 50 most deprived,1038,1108,NA,NA,NA,RSF1,Smaller rural: Further from a major town or city,Rural,-986,-743
W01001907,Llansilin,Powys,909,1219,1767,1847,1480,25,66,1806,1236,18.9604190965223,10.2615760348921,1.86159671694708,0.856587976173153,5.87815550762791,84.5766677674738,70.6187676549488,1.36616746321682,9.94917638218329,LSOAs never ranked in top 50 most deprived,1064,1251,NA,NA,NA,RSF1,Smaller rural: Further from a major town or city,Rural,-884,-843
W01001908,Dewstow 1,Monmouthshire,881,703,736,1004,414,1635,1223,714,1075,19.321632041066,22.5961873330459,21.5753387420382,14.6290981082827,34.2479330799044,3.6223325139337694,10.1876875787723,22.2508454674838,13.0932065020438,LSOAs never ranked in top 50 most deprived,998,958,NA,NA,NA,UN1,Urban: Nearer to a major town or city,Urban,754,342
W01001910,Castleland 2,Vale of Glamorgan,217,237,240,100,426,1763,430,81,1030,40.782889723017,46.1506861118912,45.8879473662721,63.2563930846068,33.6264432092818,1.91301863354183,33.4229565973129,67.0777192700641,14.0546874508093,LSOAs never ranked in top 50 most deprived,350,346,348,471,432,UF1,Urban: Further from a major town or city,Urban,1546,213
W01001911,Castleland 3,Vale of Glamorgan,459,353,594,366,339,1817,373,765,1062,29.6089047013272,37.6962996970416,26.3315859297246,36.9168102920014,38.5663888674288,1.22833904598966,36.5077767704368,20.7141720612192,13.3668635958731,LSOAs never ranked in top 50 most deprived,452,306,348,471,432,UF1,Urban: Further from a major town or city,Urban,1358,-86
W01001912,Marshfield 4,Newport,1242,1552,1318,1152,1526,215,1316,835,280,13.8684638409418,4.80271952272831,8.49917718706529,11.535854485957,5.1852962600852,48.1750115662891,8.53347685393684,18.7593999742441,42.6445277405534,LSOAs never ranked in top 50 most deprived,1131,1135,1255,1226,845,RSN1,Smaller rural: Nearer to a major town or city,Rural,-1027,74
W01001913,Marshfield 5,Newport,1497,1400,1578,1328,1418,893,1515,1772,166,9.63220304922885,7.13519492461482,4.42640249861117,8.32844194402847,6.84631115234875,17.2568184537163,5.34909116215445,1.79748057137151,53.4491146924828,LSOAs never ranked in top 50 most deprived,1621,1400,1255,1226,845,UN1,Urban: Nearer to a major town or city,Urban,-604,18
W01001914,Tonyrefail West 2,Rhondda Cynon Taf,1730,1799,1765,1186,1622,780,1917,1819,929,5.76982624943245,1.45430845371833,1.88729330452187,10.8803863227155,3.8032581559873706,20.2810801255674,0.0118457715408025,1.20336783026323,16.3712622991178,LSOAs never ranked in top 50 most deprived,1723,1498,841,829,688,UF1,Urban: Further from a major town or city,Urban,-950,187
W01001915,Church Village 2,Rhondda Cynon Taf,1893,1810,1674,1664,1749,1752,1879,1692,1098,2.70442118156841,1.31595242325068,3.0879413233543,3.22378551218913,2.0939061313037306,2.05502458376486,0.466566573261191,2.84542553191598,12.6168794401143,LSOAs never ranked in top 50 most deprived,1872,1737,1795,1744,1772,UN1,Urban: Nearer to a major town or city,Urban,-141,-14
W01001916,Church Village 3,Rhondda Cynon Taf,1912,1826,1889,1892,1666,1559,1915,1839,1605,1.53191906235766,1.11618146115725,0.34602887733601,0.309990408692142,3.1965524120076,4.7007961824822,0.0355556332575515,0.9551355620861289,4.04202126210555,LSOAs never ranked in top 50 most deprived,1907,1839,1795,1744,1772,UN1,Urban: Nearer to a major town or city,Urban,-353,3
W01001917,Tonyrefail West 4,Rhondda Cynon Taf,906,991,956,796,444,1235,1215,659,355,18.9914624278639,14.9217741516291,15.7287764774469,19.8279311022189,32.7246048931715,9.96743584161688,10.3357026259726,24.0318676820537,37.5746452807467,LSOAs never ranked in top 50 most deprived,920,668,841,829,688,UF1,Urban: Further from a major town or city,Urban,329,309
W01001918,"Bryntirion, Laleston and Merthyr Mawr 1",Bridgend,1895,1806,1719,1668,1834,1191,1916,1880,1707,2.65128284242503,1.36616746321682,2.48638007697319,3.16935151898829,1.01694291576668,10.7855503029422,0.0236976471952762,0.45448433694896107,2.6452642735573506,LSOAs never ranked in top 50 most deprived,1894,1899,1780,1844,1463,UF1,Urban: Further from a major town or city,Urban,-704,21
W01001919,"Bryntirion, Laleston and Merthyr Mawr 4",Bridgend,1881,1788,1804,1627,1791,1049,1889,1864,1795,2.90981677343844,1.59350180146802,1.3913161553612,3.73350284048487,1.55545636077368,13.643815945353,0.34602887733601,0.648565914754627,1.5048268045783,LSOAs never ranked in top 50 most deprived,1902,1864,1780,1844,1463,UF1,Urban: Further from a major town or city,Urban,-832,8
W01001920,"Bryntirion, Laleston and Merthyr Mawr 5",Bridgend,1880,1733,1766,1797,1794,1019,1906,1798,1712,2.96051241736606,2.30239183253676,1.87444142206829,1.4795537590219,1.51747374901552,14.2959588776925,0.142553519537921,1.46692764264507,2.57892908837866,LSOAs never ranked in top 50 most deprived,1874,1744,1780,1844,1463,UF1,Urban: Further from a major town or city,Urban,-861,26
W01001921,"Bryntirion, Laleston and Merthyr Mawr 6",Bridgend,1512,1109,1020,1259,1477,1340,1601,1612,1649,9.39049748289343,12.3925115242157,14.2739202271162,9.53316063392553,5.92407528130231,8.1252186921482,4.09856287032381,3.94340668328068,3.42906811927115,LSOAs never ranked in top 50 most deprived,1585,1533,1780,1844,1463,UF1,Urban: Further from a major town or city,Urban,-172,89
W01001922,Cathays 9,Cardiff,1137,1834,1913,1379,771,1008,167,840,25,15.6463805083471,1.01694291576668,0.0592899618307506,7.4768769123214,20.5399554523121,14.5397881120751,53.328456238315,18.625930266217,84.5766677674738,LSOAs never ranked in top 50 most deprived,897,953,921,541,621,UN1,Urban: Nearer to a major town or city,Urban,-129,-970
W01001923,Glanymor 3,Carmarthenshire,897,794,986,904,880,376,1899,789,294,19.1264235397103,19.8840888794969,15.0353410410427,16.9825964740492,17.5851713365055,36.3346792655497,0.226119599713166,20.025086155969,41.6093864293328,LSOAs never ranked in top 50 most deprived,553,423,131,90,90,UN1,Urban: Nearer to a major town or city,Urban,-521,1002
W01001924,Glanymor 4,Carmarthenshire,93,103,81,136,80,1137,681,14,673,54.2216096965332,62.7070963930939,67.0777192700641,57.398922833939,67.2975617789624,11.8310782529684,23.3028272710172,90.4076387112208,23.5652669328937,LSOAs never ranked in top 50 most deprived,68,154,131,90,90,UN1,Urban: Nearer to a major town or city,Urban,1044,588
W01001925,Hengoed (Carmarthenshire) 2,Carmarthenshire,937,947,724,1214,842,354,974,1002,1227,18.4294573374319,15.940950505167,21.9413354067508,10.3542716624636,18.5727584986254,37.6353920553086,15.3102115446428,14.6738834919112,10.1140357324734,LSOAs never ranked in top 50 most deprived,908,902,NA,NA,NA,UN1,Urban: Nearer to a major town or city,Urban,-583,37
W01001926,Llansanffraid,Conwy,1425,1467,1382,1536,1378,279,1069,1259,1254,11.0468897757418,6.07780672007768,7.427753327324431,5.03739730494301,7.49327478358407,42.7202801087006,13.2191053090711,9.53316063392553,9.62296092067892,LSOAs never ranked in top 50 most deprived,1500,1542,NA,NA,NA,RLF1,Larger rural: Further from a major town or city,Rural,-1146,-356
W01001927,Abergele Pen-sarn 1,Conwy,584,655,492,629,562,402,1277,590,714,25.7843340746744,24.1669394897914,30.4794737920697,25.0647880899908,27.5542191343324,34.8866839068173,9.21275205865786,26.4809077373209,22.2508454674838,LSOAs never ranked in top 50 most deprived,903,723,195,137,226,UF1,Urban: Further from a major town or city,Urban,-182,693
W01001928,Abergele Pen-sarn 2,Conwy,59,124,9,109,256,858,637,10,132,58.8248031950722,59.1906273993731,93.6413746078224,61.6463582731176,44.5352187023314,18.1517524664854,24.7847753801216,92.9572308799948,57.9807862298472,LSOAs never ranked in top 50 most deprived,70,57,195,137,226,UF1,Urban: Further from a major town or city,Urban,799,578
W01001929,Smithfield 2,Wrexham,436,495,642,418,468,1017,349,106,750,30.1398002427388,30.346171291299,24.611482915278305,34.0388982852619,31.5746555725766,14.3400996326493,37.941556123801,62.170612845839,21.1555759189672,LSOAs never ranked in top 50 most deprived,488,483,353,249,437,UN1,Urban: Nearer to a major town or city,Urban,581,-87
W01001930,Ceiriog Valley 3,Wrexham,839,1105,1432,1518,1179,114,117,1192,438,20.1032442906786,12.4738468402795,6.62410577943288,5.30430401769355,11.0138171449293,60.7983118423662,60.3040983434743,10.7666299333993,33.021305903343,LSOAs never ranked in top 50 most deprived,1074,1119,NA,NA,NA,RSF1,Smaller rural: Further from a major town or city,Rural,-725,-722
W01001931,Smithfield 3,Wrexham,195,182,294,192,167,1626,507,18,1015,42.8964036042715,51.590654800111,41.6093864293328,50.5010291475884,53.328456238315,3.74743698931493,29.8205554137292,88.1126813503824,14.3843252638386,LSOAs never ranked in top 50 most deprived,163,206,353,249,437,UN1,Urban: Nearer to a major town or city,Urban,1431,312
W01001932,"Aberdaron, Botwnnog, Tudweiliog",Gwynedd,723,1211,1718,1850,1219,12,7,1745,1481,22.471513585312,10.4100688919477,2.4995785858347,0.819741219997647,10.2615760348921,91.6471244983198,95.073915980509,2.14585065206022,5.86286926702484,LSOAs never ranked in top 50 most deprived,952,920,NA,NA,NA,RSF1,Smaller rural: Further from a major town or city,Rural,-711,-716
W01001933,"Aberdyfi, Bryncrug a Llanfihangel-y-Pennant",Gwynedd,1014,1284,1483,1586,1279,66,356,1306,548,17.3766792051998,9.08934428866294,5.83232723068407,4.31184054235171,9.17742507759905,70.6187676549488,37.5140585258403,8.70574667081706,28.110261139583,LSOAs never ranked in top 50 most deprived,1326,1318,NA,NA,NA,RSF1,Smaller rural: Further from a major town or city,Rural,-948,-658
W01001935,Llanbadarn Fawr South,Ceredigion,1554,1385,1583,1060,1680,1106,1706,1405,320,8.75408263455279,7.378734437306749,4.35473443330402,13.4092551880126,3.0068182690504,12.4534860302914,2.65855429991564,7.05458479341089,39.8024721224689,LSOAs never ranked in top 50 most deprived,1449,1729,1778,1766,1748,UF1,Urban: Further from a major town or city,Urban,-448,152
W01001936,Llanbadarn Fawr North,Ceredigion,1633,1659,1825,1123,1577,409,1517,1827,1611,7.571168384334821,3.29200967076007,1.12861644040485,12.1100818478712,4.4407629488411,34.5119268362533,5.31922337766314,1.10375320126433,3.95746861979922,LSOAs never ranked in top 50 most deprived,1689,1776,1778,1766,1748,UF1,Urban: Further from a major town or city,Urban,-1224,-116
W01001937,Borth,Ceredigion,911,1318,1180,1405,1381,133,375,756,165,18.9552393947107,8.49917718706529,10.9947081408968,7.05458479341089,7.44411620080828,57.8339345511564,36.3922338075472,20.9779965462669,53.5704094628783,LSOAs never ranked in top 50 most deprived,1356,1174,NA,NA,NA,RSF1,Smaller rural: Further from a major town or city,Rural,-778,-536
W01001940,Butetown 2,Cardiff,1451,1538,1704,1755,1703,759,907,1808,14,10.5171531600959,5.00793129814132,2.68515741286009,2.01620865464999,2.69847051724183,20.889718375820905,16.9083726246712,1.34104623915909,90.4076387112208,LSOAs never ranked in top 50 most deprived,1691,1495,1079,882,909,UN1,Urban: Nearer to a major town or city,Urban,-692,-544
W01001942,Butetown 3,Cardiff,325,247,511,409,542,1481,158,597,98,35.0169672440974,45.2863163563805,29.647985947346,34.5119268362533,28.3527425151014,5.86286926702484,54.4378703545907,26.2202273434475,63.6300170576852,LSOAs sometimes in the top 50 most deprived,301,197,68,4,1,UN1,Urban: Nearer to a major town or city,Urban,1156,-167
W01001943,Butetown 4,Cardiff,1124,1093,1542,1717,1070,831,589,829,9,15.9142081048229,12.7195929263557,4.94911229271788,2.5127846729859,13.1980742585129,18.8667362212317,26.5183901566588,18.9205927745562,93.6413746078224,LSOAs never ranked in top 50 most deprived,1221,1169,1079,882,909,UN1,Urban: Nearer to a major town or city,Urban,-293,-535
W01001944,Butetown 5,Cardiff,1192,1165,1469,1352,1324,880,727,1247,17,14.7014312819843,11.283023719303,6.04697811944721,7.92377536341328,8.39658402713063,17.5851713365055,21.8492887875923,9.74927328040944,88.6653116596723,LSOAs never ranked in top 50 most deprived,1707,1462,1079,882,909,UN1,Urban: Nearer to a major town or city,Urban,-312,-465
W01001946,Grangetown 11,Cardiff,367,215,615,585,820,828,118,182,711,33.3987763853706,48.1750115662891,25.563166143647,26.6689336767632,19.1645201635088,18.9475684163847,60.141692542545,51.590654800111,22.3445165435773,LSOAs never ranked in top 50 most deprived,414,299,503,484,373,UN1,Urban: Nearer to a major town or city,Urban,461,-249
W01001947,Grangetown 12,Cardiff,715,387,1261,1501,995,662,607,1029,12,22.6721903863337,35.7109062943083,9.49733846133702,5.55925877290174,14.8313226661017,23.931081852016295,25.8528784830079,14.0765169308124,91.6471244983198,LSOAs never ranked in top 50 most deprived,1648,1275,503,484,373,UN1,Urban: Nearer to a major town or city,Urban,-53,-108
W01001948,Radyr 3,Cardiff,1843,1704,1828,1881,1882,979,1751,1483,1004,3.66432721060133,2.68515741286009,1.09133165346827,0.442408444279875,0.430338888596109,15.1952826928953,2.06797779772392,5.83232723068407,14.6290981082827,LSOAs never ranked in top 50 most deprived,1900,1900,1864,1856,1853,UN1,Urban: Nearer to a major town or city,Urban,-864,-92
W01001949,Llanishen 11,Cardiff,954,730,966,284,1595,1350,1417,1492,440,18.1672365562899,21.7576090736049,15.4953006495433,42.3439888513391,4.18363676121106,7.957226967484101,6.86226541397567,5.69538775209347,32.9219796861378,LSOAs never ranked in top 50 most deprived,1511,1642,1266,1046,1176,UN1,Urban: Nearer to a major town or city,Urban,396,463
W01001950,Butetown 6,Cardiff,1596,1613,1849,1709,1489,1124,559,1854,290,8.06046146278361,3.92935333881622,0.832016914366915,2.6187072366952706,5.74094371357136,12.0900403894636,27.6722445460777,0.770703856354722,41.9004179811054,LSOAs sometimes in the top 50 most deprived,1725,1432,68,4,1,UN1,Urban: Nearer to a major town or city,Urban,-472,-1037
W01001951,Butetown 7,Cardiff,1059,1420,1295,763,1416,907,902,370,19,16.7938547921991,6.81443579142984,8.89674577633235,20.7725387538889,6.87823075017479,16.9083726246712,17.0322124471741,36.6821868883595,87.57301835159141,LSOAs never ranked in top 50 most deprived,1143,1022,1079,882,909,UN1,Urban: Nearer to a major town or city,Urban,-152,-157
W01001952,Butetown 8,Cardiff,556,905,847,313,1134,678,274,339,80,26.6372910366995,16.9578285669926,18.4403643954711,40.2751546577664,11.8905804781145,23.400891555994,43.1028302149666,38.5663888674288,67.2975617789624,LSOAs sometimes in the top 50 most deprived,547,348,68,4,1,UN1,Urban: Nearer to a major town or city,Urban,122,-282
W01001953,Llanishen 12,Cardiff,1064,592,808,872,1363,1618,1022,1358,655,16.7263903265466,26.4061256543757,19.4938337914636,17.7895896107903,7.740656179642969,3.85921513070978,14.2299061774188,7.823711479889251,24.1669394897914,LSOAs never ranked in top 50 most deprived,1191,1212,1266,1046,1176,UN1,Urban: Nearer to a major town or city,Urban,554,-42
W01001954,Radyr 4,Cardiff,1890,1852,1626,1796,1900,1572,1663,1785,998,2.7406479456142,0.795209469357828,3.74743698931493,1.4921868104588,0.214162983114442,4.51270000163965,3.23741416381765,1.63161027929994,14.7637167283019,LSOAs never ranked in top 50 most deprived,1839,1893,1864,1856,1853,UN1,Urban: Nearer to a major town or city,Urban,-318,-227
W01001955,Castle 9,Swansea,80,105,96,4,385,1403,644,23,194,55.8531643857313,62.3480539106283,64.0098107348773,97.4053272071611,35.823068497273,7.08679495125566,24.5425298701483,85.5327261252308,50.2891643604948,LSOAs often in the top 50 most deprived,36,27,62,15,5,UN1,Urban: Nearer to a major town or city,Urban,1323,564
W01001956,Dunvant and Killay 6,Swansea,1877,1765,1799,1618,1727,1399,1637,1802,1402,3.08291910698848,1.88729330452187,1.45430845371833,3.85921513070978,2.38106378453009,7.15135090896387,3.59462368937705,1.41649237572638,7.10291696165361,LSOAs never ranked in top 50 most deprived,1885,1882,NA,NA,NA,UN1,Urban: Nearer to a major town or city,Urban,-478,-240
W01001958,Waterfront 1,Swansea,1285,1201,1233,1039,1388,575,1560,804,450,13.1657440992636,10.5970433761167,10.0039983060913,13.8591488979644,7.32981979695347,27.0496607107552,4.68627250626735,19.604661203232,32.4316826446063,LSOAs sometimes in the top 50 most deprived,1034,1173,62,15,5,UN1,Urban: Nearer to a major town or city,Urban,-710,275
W01001959,Town 5,Merthyr Tydfil,1576,1422,1264,1381,1284,971,1625,1519,1297,8.35407400584738,6.78260454497317,9.44370959669208,7.44411620080828,9.08934428866294,15.3794455283014,3.76137958502368,5.28939432915953,8.8619004828112,LSOAs never ranked in top 50 most deprived,1343,1283,1129,1158,882,UF1,Urban: Further from a major town or city,Urban,-605,49
W01001960,Town 6,Merthyr Tydfil,1503,1587,1420,1047,1200,786,1300,1645,1009,9.55154185655209,4.29756033697686,6.81443579142984,13.6867215568436,10.6158246958436,20.1101012876508,8.8097313262712,3.48412100647357,14.5175146946677,LSOAs never ranked in top 50 most deprived,1343,1283,1129,1158,882,UF1,Urban: Further from a major town or city,Urban,-717,-203
W01001961,Merthyr Vale 4,Merthyr Tydfil,371,485,369,243,281,770,627,777,823,33.2181627484958,30.7935507731975,36.7406187399848,45.6281761294676,42.5690240501672,20.5689000671964,25.1353271859448,20.3670485562759,19.0829232536666,LSOAs never ranked in top 50 most deprived,NA,NA,NA,NA,NA,RLF1,Larger rural: Further from a major town or city,Rural,399,256
W01001962,Pentre 5,Rhondda Cynon Taf,477,594,465,343,486,1837,969,415,64,28.9407689536286,26.3315859297246,31.7152940583482,38.3144151833871,30.748419193429,0.979838575922327,15.4257175704195,34.1954960047694,71.1349406732581,LSOAs never ranked in top 50 most deprived,NA,NA,NA,NA,NA,UF1,Urban: Further from a major town or city,Urban,1360,492
W01001963,Llwyn-y-pia,Rhondda Cynon Taf,359,453,400,402,134,1022,549,660,638,33.7980671953113,32.2866087146138,34.9948885570188,34.8866839068173,57.6880145537227,14.2299061774188,28.0700949563639,23.998223310090495,24.750012276592,LSOAs never ranked in top 50 most deprived,NA,NA,NA,NA,NA,UF1,Urban: Further from a major town or city,Urban,663,190
W01001964,Rhondda 4,Rhondda Cynon Taf,492,718,524,356,663,650,583,157,602,28.5305107841353,22.1265411904144,29.095913048907505,37.5140585258403,23.8975844798247,24.3369024359488,26.7445765676622,54.5645079112566,26.0358195232768,LSOAs never ranked in top 50 most deprived,NA,NA,NA,NA,NA,UN1,Urban: Nearer to a major town or city,Urban,158,91
W01001965,Brynna 2,Rhondda Cynon Taf,885,682,705,702,899,702,1200,1376,1519,19.274169879561,23.2702318705022,22.5330109932208,22.6278406970755,17.1068376716429,22.6278406970755,10.6158246958436,7.526105640471979,5.28939432915953,LSOAs never ranked in top 50 most deprived,1371,936,817,947,818,RLN1,Larger rural: Nearer to a major town or city,Rural,-183,315
W01001966,Bryncae 1,Rhondda Cynon Taf,1614,1535,1713,1149,1636,577,1783,1429,1012,7.77153841983952,5.05214447662267,2.56568497886456,11.5945968624002,3.60847392894393,26.973009449722,1.65705105510444,6.67154082784447,14.4508235694722,LSOAs never ranked in top 50 most deprived,1371,936,817,947,818,RLN1,Larger rural: Nearer to a major town or city,Rural,-1037,169
W01001967,Llanharry 3,Rhondda Cynon Taf,1552,1633,1487,1599,1587,711,1863,1582,107,8.79007891573868,3.65007476045286,5.77136456102979,4.12688588424453,4.29756033697686,22.3445165435773,0.660750563455305,4.36905019206702,61.9945302349517,LSOAs never ranked in top 50 most deprived,1649,1532,1362,1469,970,UN1,Urban: Nearer to a major town or city,Urban,-841,311
W01001968,Llanharry 4,Rhondda Cynon Taf,1669,1451,1755,1305,1491,1046,1826,1759,577,6.82103790849745,6.3259345080427,2.01620865464999,8.72304483214816,5.71056304896937,13.7082044144994,1.11618146115725,1.96455577359849,26.973009449722,LSOAs never ranked in top 50 most deprived,1649,1532,1362,1469,970,RLN1,Larger rural: Nearer to a major town or city,Rural,-623,157
W01001969,Cartrefle,Wrexham,209,168,242,184,261,1420,594,124,1201,41.2726586196023,53.2084274589305,45.7144409563591,51.3685608303201,44.1283029373219,6.81443579142984,26.3315859297246,59.1906273993731,10.5970433761167,LSOAs never ranked in top 50 most deprived,NA,NA,NA,NA,NA,UN1,Urban: Nearer to a major town or city,Urban,1211,385
W01001970,Marford and Hoseley,Wrexham,1907,1897,1891,1878,1856,1182,1820,1669,1451,1.97259936602252,0.250051496127652,0.321996958409088,0.478655159884881,0.7462243253503089,10.9565376957681,1.19089238181222,3.15576312637597,6.3259345080427,LSOAs never ranked in top 50 most deprived,NA,NA,NA,NA,NA,RLN1,Larger rural: Nearer to a major town or city,Rural,-725,-87
W01001971,Holt 3,Wrexham,1143,1599,1833,667,870,181,690,1678,783,15.578843723594,4.12688588424453,1.02932434273908,23.7640807281139,17.840979324203,51.7025112206975,23.0111184118452,3.03382750759324,20.1954318278281,LSOAs never ranked in top 50 most deprived,1384,1418,1353,1178,1012,RSN1,Smaller rural: Nearer to a major town or city,Rural,-962,-453
W01001972,Holt 4,Wrexham,1872,1734,1785,1763,1793,1115,1873,1501,1532,3.13955706772849,2.2893059632188506,1.63161027929994,1.91301863354183,1.53012765141815,12.271045322054,0.539193581804108,5.55925877290174,5.0964428103536,LSOAs never ranked in top 50 most deprived,1384,1418,1353,1178,1012,UN1,Urban: Nearer to a major town or city,Urban,-757,1
W01001973,Abertillery 4,Blaenau Gwent,548,651,602,621,353,712,676,624,419,26.9382356978435,24.3028092202755,26.0358195232768,25.348251862976895,37.6962996970416,22.3132504446043,23.466500804107,25.2415431290468,33.9869350882549,LSOAs never ranked in top 50 most deprived,NA,NA,NA,NA,NA,UF1,Urban: Further from a major town or city,Urban,164,128
W01001974,Mardy 3,Monmouthshire,288,267,383,517,188,380,355,516,1869,36.8224336364044,43.6493204342963,35.9357803539474,29.391535460565,50.930704953028,36.1058906041225,37.5746452807467,29.4340791286202,0.587739309011696,LSOAs never ranked in top 50 most deprived,653,564,NA,NA,NA,UF1,Urban: Further from a major town or city,Urban,92,67
W01001975,Mardy 4,Monmouthshire,1023,854,839,729,1187,700,1179,588,1746,17.2305191802501,18.2562837106548,18.6525623174232,21.7881283915832,10.8613878099329,22.6912784128934,11.0138171449293,26.5559337597091,2.13285351949854,LSOAs never ranked in top 50 most deprived,653,564,NA,NA,NA,UF1,Urban: Further from a major town or city,Urban,-323,156
W01001976,Llanfoist Fawr 1,Monmouthshire,1257,1277,1087,1361,1437,238,1360,792,1088,13.6234859404896,9.21275205865786,12.8434576731016,7.77384231790356,6.54526411930516,46.0627726217234,7.79045336062413,19.9403841096694,12.8227671692873,LSOAs never ranked in top 50 most deprived,1106,1042,1156,1323,1469,UN1,Urban: Nearer to a major town or city,Urban,-1019,103
W01001977,Llanfoist Fawr 2,Monmouthshire,1395,1208,1085,1228,1467,977,1499,958,535,11.4879492446439,10.466001812891,12.8848946033218,10.0956595638491,6.07780672007768,15.2411853419661,5.5894401050987,15.6818913235186,28.6389067984773,LSOAs never ranked in top 50 most deprived,1106,1042,1156,1323,1469,UN1,Urban: Nearer to a major town or city,Urban,-418,104
W01001978,Drybridge 3,Monmouthshire,978,791,643,993,1122,681,1565,645,1157,17.7810243991711,19.9685834801836,24.5769805529271,14.8765039443765,12.130140784991,23.3028272710172,4.61379137521831,24.5081307123561,11.4382826980189,LSOAs never ranked in top 50 most deprived,1212,1382,1248,1348,1187,UF1,Urban: Further from a major town or city,Urban,-297,587
W01001979,Drybridge 4,Monmouthshire,1796,1720,1854,1809,1707,583,1798,1340,1839,4.5283526235196,2.4731891377088,0.770703856354722,1.32849590892464,2.6452642735573506,26.7445765676622,1.46692764264507,8.1252186921482,0.9551355620861289,LSOAs never ranked in top 50 most deprived,1212,1382,1248,1348,1187,UF1,Urban: Further from a major town or city,Urban,-1213,2
W01001980,Gobion Fawr,Monmouthshire,1020,1511,1345,1695,1469,52,296,951,649,17.258473652536,5.40894334243726,8.04106945396384,2.8052536827735,6.04697811944721,74.5018285688279,41.4652400723311,15.8464092140213,24.3710462634956,LSOAs never ranked in top 50 most deprived,NA,NA,NA,NA,NA,RSN1,Smaller rural: Nearer to a major town or city,Rural,-968,-724
W01001981,Coity Higher 1,Bridgend,1662,1881,1884,518,1565,1245,1893,1291,1332,7.09358790979593,0.442408444279875,0.406218761605603,29.3490703413121,4.61379137521831,9.78549030558674,0.297990123411071,8.96659513758763,8.26050114921597,LSOAs never ranked in top 50 most deprived,1412,1581,1670,1721,1588,UF1,Urban: Further from a major town or city,Urban,-417,231
W01001982,Coity Higher 2,Bridgend,1751,1818,1793,1810,1711,374,1877,1454,1709,5.26786717459247,1.21585004920479,1.53012765141815,1.31595242325068,2.59218082865381,36.4499327337625,0.49075010349887294,6.27920618917483,2.6187072366952706,LSOAs never ranked in top 50 most deprived,1412,1581,1670,1721,1588,UF1,Urban: Further from a major town or city,Urban,-1377,126
W01001983,Coity Higher 3,Bridgend,1913,1869,1907,1893,1780,1563,1886,1368,1670,1.47613724350051,0.587739309011696,0.130640254955792,0.297990123411071,1.69526506032076,4.64275642376627,0.382123902923984,7.657899721566911,3.14218275704172,LSOAs never ranked in top 50 most deprived,1412,1581,1670,1721,1588,UF1,Urban: Further from a major town or city,Urban,-350,-27
W01001984,Coity Higher 4,Bridgend,1331,985,1540,1454,845,452,1493,1215,1424,12.4384531504369,15.0581218652982,4.97850299285104,6.27920618917483,18.4932306204677,32.3348650889989,5.68022246120887,10.3357026259726,6.75081729104151,LSOAs never ranked in top 50 most deprived,1412,1581,1670,1721,1588,UF1,Urban: Further from a major town or city,Urban,-879,162
W01001985,Bryn-coch North,Neath Port Talbot,1597,1738,1426,1522,1643,324,1467,1873,1328,8.05835993614423,2.23703681127428,6.71907390820253,5.24472316698409,3.51169694460876,39.5366662763192,6.07780672007768,0.539193581804108,8.32844194402847,LSOAs never ranked in top 50 most deprived,NA,NA,NA,NA,NA,UN1,Urban: Nearer to a major town or city,Urban,-1273,-130
W01001986,Bryn-coch South 3 and Dyffryn 2,Neath Port Talbot,1304,1473,1187,1421,838,364,1528,1231,738,12.869230327756,5.98544460749622,10.8613878099329,6.79851466152666,18.6792252420405,37.0350256647686,5.1556402873674,10.0406189854602,21.5149015478539,LSOAs never ranked in top 50 most deprived,NA,NA,NA,NA,NA,UN1,Urban: Nearer to a major town or city,Urban,-940,224
W01001987,Coedffranc Central 4,Neath Port Talbot,1371,1382,1293,948,1238,559,1651,1498,613,11.8311620230643,7.427753327324431,8.93164394102851,15.9172787251356,9.91270089384097,27.6722445460777,3.40159101249514,5.60454563604096,25.6352528280954,LSOAs never ranked in top 50 most deprived,1305,1344,1221,1263,1318,UN1,Urban: Nearer to a major town or city,Urban,-812,280
W01001988,Coedffranc West 1,Neath Port Talbot,1673,1761,1748,1506,1525,295,1891,1698,1788,6.79915484804464,1.93877276837315,2.1068812673999706,5.48397826044981,5.20013859807531,41.5372003261676,0.321996958409088,2.76515187555098,1.59350180146802,LSOAs never ranked in top 50 most deprived,1305,1344,1221,1263,1318,UN1,Urban: Nearer to a major town or city,Urban,-1378,218
W01001989,Coedffranc West 2,Neath Port Talbot,1634,1882,1900,1734,1242,252,1805,1767,789,7.56351441404927,0.430338888596109,0.214162983114442,2.2893059632188506,9.83992299823346,44.8660155057172,1.37873837202441,1.86159671694708,20.025086155969,LSOAs never ranked in top 50 most deprived,1305,1344,1221,1263,1318,UN1,Urban: Nearer to a major town or city,Urban,-1382,171
W01001990,Cymer (Neath Port Talbot) 3,Neath Port Talbot,244,426,274,383,149,205,858,919,242,38.859071705848,33.6264432092818,43.1028302149666,35.9357803539474,55.603521574478,49.1575583440995,18.1517524664854,16.6138495816422,45.7144409563591,LSOAs never ranked in top 50 most deprived,NA,NA,NA,NA,NA,RSF1,Smaller rural: Further from a major town or city,Rural,-39,614
W01001991,Gorseinon and Penyrheol 6,Swansea,347,297,381,129,461,1768,598,494,1150,34.1866629384659,41.3935042589961,36.0490472780562,58.427052259456,31.9041598421671,1.84875918114614,26.1832273071287,30.3905196703142,11.574999395637,LSOAs never ranked in top 50 most deprived,762,631,610,477,524,UN1,Urban: Nearer to a major town or city,Urban,1421,251
W01001992,Gorseinon and Penyrheol 7,Swansea,993,887,940,651,788,1282,1422,961,370,17.6416605543477,17.4077836689115,16.1073386653515,24.3028092202755,20.053389631739705,9.12453613689573,6.78260454497317,15.6117423095376,36.6821868883595,LSOAs never ranked in top 50 most deprived,762,631,610,477,524,UN1,Urban: Nearer to a major town or city,Urban,289,429
W01001993,Llansamlet 9,Swansea,1716,1667,1801,1872,1546,513,1790,1715,717,6.08561577892837,3.18294794436459,1.42909082783773,0.551320410921967,4.89044332434856,29.5621843449785,1.56813118308526,2.5392196170027,22.1575543345572,LSOAs never ranked in top 50 most deprived,1533,1388,1251,1183,1079,UN1,Urban: Nearer to a major town or city,Urban,-1203,74
W01001994,Llansamlet 10,Swansea,1359,1301,1361,1062,1138,1003,1484,1350,213,11.9526532506707,8.79236787018381,7.77384231790356,13.3668635958731,11.8112783366967,14.651479899389,5.81707140801809,7.957226967484101,48.368191681927,LSOAs never ranked in top 50 most deprived,1533,1388,1251,1183,1079,UN1,Urban: Nearer to a major town or city,Urban,-356,125
W01001995,St Thomas and Waterfront 2,Swansea,438,504,510,331,645,1653,111,984,433,30.0926804892257,29.9508375693413,29.6910070790377,39.0787719782363,24.5081307123561,3.3741466922672494,61.3033784077623,15.0809252756635,33.2715144397848,LSOAs never ranked in top 50 most deprived,484,429,361,288,242,UN1,Urban: Nearer to a major town or city,Urban,1215,-327
W01001996,Waterfront 2,Swansea,1010,963,922,770,897,1094,828,879,578,17.4222106330502,15.5650948808948,16.5408043631181,20.5689000671964,17.1567226767283,12.6990135004679,18.9475684163847,17.6106244840572,26.9347794016803,LSOAs never ranked in top 50 most deprived,484,429,361,288,242,UN1,Urban: Nearer to a major town or city,Urban,84,-182
W01001997,Waterfront 3,Swansea,962,1073,753,899,1248,829,1349,294,239,18.0203815392456,13.1350962451782,21.0666148502514,17.1068376716429,9.73118613136615,18.9205927745562,7.97397103195276,41.6093864293328,45.9751938864088,LSOAs never ranked in top 50 most deprived,NA,NA,NA,NA,NA,UN1,Urban: Nearer to a major town or city,Urban,-133,387
W01001998,Baruc 5,Vale of Glamorgan,794,967,815,649,803,453,678,391,1736,20.8906001552857,15.4720828916168,19.3011616189369,24.3710462634956,19.632451700035105,32.2866087146138,23.400891555994,35.4882095871764,2.26315653907452,LSOAs never ranked in top 50 most deprived,801,653,687,619,551,UF1,Urban: Further from a major town or city,Urban,-341,-116
W01001999,Swiss Valley,Carmarthenshire,1504,1626,1230,1459,1498,296,1525,1578,1664,9.54813905257663,3.74743698931493,10.058951213719,6.20153601025258,5.60454563604096,41.4652400723311,5.20013859807531,4.42640249861117,3.22378551218913,LSOAs never ranked in top 50 most deprived,NA,NA,NA,NA,NA,UN1,Urban: Nearer to a major town or city,Urban,-1208,21
W01002000,Penglais 1,Ceredigion,1624,1786,1909,1270,1473,579,947,1458,1129,7.65071460786856,1.61890043633505,0.106832221896123,9.33682555344581,5.98544460749622,26.8966127932738,15.940950505167,6.21704907705438,11.9900942156827,LSOAs never ranked in top 50 most deprived,1540,1652,NA,NA,NA,UF1,Urban: Further from a major town or city,Urban,-1045,-677
W01002001,Penglais 2,Ceredigion,1296,1431,1356,440,1603,1361,1041,542,755,13.0291475383111,6.6399065947588,7.85701776021684,32.9219796861378,4.07027469147199,7.77384231790356,13.8159207244284,28.3527425151014,21.0074980590031,LSOAs never ranked in top 50 most deprived,1540,1652,NA,NA,NA,UF1,Urban: Further from a major town or city,Urban,65,-255
W01002002,"New Quay, Llanarth and Llandysiligogo",Ceredigion,1017,1074,1093,1461,1147,167,464,1184,1133,17.316251315488,13.1141418369244,12.7195929263557,6.17054123122068,11.6338419620532,53.328456238315,31.7623653082104,10.91843049278,11.910448810271,LSOAs never ranked in top 50 most deprived,NA,NA,NA,NA,NA,RSF1,Smaller rural: Further from a major town or city,Rural,-850,-553
W01002003,Dyffryn Ardudwy a Llanbedr,Gwynedd,1002,1304,1407,1588,1036,212,91,1194,1361,17.5397996226282,8.74035601311472,7.02241968093653,4.28328899237325,13.9241438787154,48.4653936212711,64.9876733609214,10.7288358234862,7.77384231790356,LSOAs never ranked in top 50 most deprived,NA,NA,NA,NA,NA,RSF1,Smaller rural: Further from a major town or city,Rural,-790,-911
W01002004,Abermaw,Gwynedd,615,787,911,1200,478,403,432,471,99,24.954098938184295,20.081727980287095,16.8097786303928,10.6158246958436,31.1119760863556,34.8327718802493,33.3218844443697,31.4348718274628,63.442446411698,LSOAs never ranked in top 50 most deprived,NA,NA,NA,NA,NA,RLF1,Larger rural: Further from a major town or city,Rural,-212,-183
W01002005,Llanddyfnan and Moelfre,Isle of Anglesey,1160,1357,1212,1608,1561,163,206,1658,1521,15.2820949059168,7.840358591204061,10.3914547711558,3.9997060869018695,4.67175799544653,53.8149350485439,49.0573931946691,3.30567882066851,5.25960391629917,LSOAs never ranked in top 50 most deprived,NA,NA,NA,NA,NA,RSF1,Smaller rural: Further from a major town or city,Rural,-997,-954
W01002007,Trearddur 1 and Valley 1,Isle of Anglesey,838,969,1019,1203,801,236,524,975,501,20.1040953037847,15.4257175704195,14.2959588776925,10.5595266834407,19.6881336332693,46.2389369258219,29.095913048907505,15.2871797852758,30.0818619066493,LSOAs never ranked in top 50 most deprived,NA,NA,NA,NA,NA,RSF1,Smaller rural: Further from a major town or city,Rural,-602,-314
W01002008,Aberffraw and Rhosneigr,Isle of Anglesey,888,1100,997,1172,1234,208,176,990,1761,19.2284583634332,12.5759221379212,14.7862299681048,11.1480265638227,9.98570980856246,48.8583621326129,52.270101715109,14.9444427131545,1.93877276837315,LSOAs never ranked in top 50 most deprived,NA,NA,NA,NA,NA,RSF1,Smaller rural: Further from a major town or city,Rural,-680,-712
W01002009,Haverfordwest: Castle 1,Pembrokeshire,565,554,499,637,837,883,662,59,1539,26.2802171439873,27.8703095176577,30.1696279817499,24.7847753801216,18.7059191117323,17.5089804663596,23.931081852016295,72.4784487166508,4.99321243883806,LSOAs never ranked in top 50 most deprived,424,488,425,450,417,UF1,Urban: Further from a major town or city,Urban,318,97
W01002010,Haverfordwest: Castle 2,Pembrokeshire,344,332,198,388,525,1739,422,129,1667,34.3209104249343,39.014096366433,49.8712011904335,35.6550296427717,29.053989753466695,2.22398806244041,33.8317461988466,58.427052259456,3.18294794436459,LSOAs never ranked in top 50 most deprived,424,488,425,450,417,UF1,Urban: Further from a major town or city,Urban,1395,78
W01002011,Milford: North 1,Pembrokeshire,812,697,761,720,955,286,1690,636,1733,20.5284298352823,22.7867642695324,20.831053939588905,22.0646400750381,15.7522549436915,42.1951793598668,2.87224579783897,24.8195911055164,2.30239183253676,LSOAs never ranked in top 50 most deprived,794,896,963,1068,941,UF1,Urban: Further from a major town or city,Urban,-526,878
W01002012,Milford: North 2,Pembrokeshire,355,342,293,446,251,599,887,429,1681,33.970918729983,38.3771502834814,41.6817998039603,32.6265490495701,44.9494634762579,26.1462866970798,17.4077836689115,33.4736597215886,2.9933255344798506,LSOAs never ranked in top 50 most deprived,794,896,963,1068,941,UF1,Urban: Further from a major town or city,Urban,244,532
W01002013,Saundersfoot,Pembrokeshire,1487,1423,1289,1404,1180,638,1438,1039,1660,9.80839051367675,6.76670542654304,9.00159952743134,7.07068423377793,10.9947081408968,24.750012276592,6.52952816681984,13.8591488979644,3.27834863975104,LSOAs never ranked in top 50 most deprived,NA,NA,NA,NA,NA,RLF1,Larger rural: Further from a major town or city,Rural,-849,-49
W01002014,Tenby: South,Pembrokeshire,855,763,1006,1102,564,745,714,310,1216,19.8866481174546,20.7725387538889,14.5843997608832,12.5350376409081,27.4758706625832,21.3046133100029,22.2508454674838,40.480744979926,10.3171485690894,LSOAs never ranked in top 50 most deprived,NA,NA,NA,NA,NA,RLF1,Larger rural: Further from a major town or city,Rural,-110,-141
W01002016,Pontprennau and Old St Mellons 6,Cardiff,1645,1641,1872,1894,1755,506,1700,763,349,7.38263590571445,3.53930598471235,0.551320410921967,0.285996096032325,2.01620865464999,29.8639008533188,2.73845612912346,20.7725387538889,37.941556123801,LSOAs never ranked in top 50 most deprived,1700,1802,1729,1678,1766,UN1,Urban: Nearer to a major town or city,Urban,-1139,55
W01002017,Pontprennau and Old St Mellons 7,Cardiff,1365,1138,1352,1723,1272,905,1059,968,227,11.8798797737592,11.8112783366967,7.92377536341328,2.4336616507964,9.30130763351901,16.9578285669926,13.4304803198105,15.4488885476342,47.0488127565457,LSOAs never ranked in top 50 most deprived,1700,1802,1729,1678,1766,UN1,Urban: Nearer to a major town or city,Urban,-460,-306
W01002018,Pontprennau and Old St Mellons 8,Cardiff,1809,1692,1869,1658,1758,1641,1657,1384,406,4.27225270451475,2.84542553191598,0.587739309011696,3.30567882066851,1.97745812285042,3.53930598471235,3.3193560991323894,7.395062462084311,34.6717898978839,LSOAs never ranked in top 50 most deprived,1700,1802,1729,1678,1766,UN1,Urban: Nearer to a major town or city,Urban,-168,-152
W01002019,Cathays 12,Cardiff,1062,1631,1588,1751,1099,659,543,110,1,16.764468224566,3.67785050965783,4.28328899237325,2.06797779772392,12.5963916721678,24.0318676820537,28.312151008497,61.4742290246894,99.9999999999999,LSOAs never ranked in top 50 most deprived,NA,NA,NA,NA,NA,UN1,Urban: Nearer to a major town or city,Urban,-403,-519
W01002020,Splott 9,Cardiff,272,390,528,304,152,706,260,587,218,37.4222038652748,35.5436819416347,28.9286764209639,40.8975222773377,55.2083707065076,22.501487779095,44.2091121956056,26.5935387465426,47.8882500113902,LSOAs never ranked in top 50 most deprived,498,383,417,520,246,UN1,Urban: Nearer to a major town or city,Urban,434,-12
W01002021,Splott 10,Cardiff,599,551,903,1128,679,388,297,772,243,25.2302009498435,27.9899724127521,17.0073910815665,12.0100487354592,23.3681569819925,35.6550296427717,41.3935042589961,20.5110472173339,45.6281761294676,LSOAs never ranked in top 50 most deprived,498,383,417,520,246,UN1,Urban: Nearer to a major town or city,Urban,-211,-302
W01002022,Canton 10,Cardiff,1408,840,1657,1838,1554,1109,1333,1309,86,11.289310884,18.625930266217,3.3193560991323894,0.967483752488668,4.77355245062621,12.3925115242157,8.24354726262967,8.65393010916411,66.0089637625679,LSOAs never ranked in top 50 most deprived,786,716,930,804,683,UN1,Urban: Nearer to a major town or city,Urban,-299,-75
W01002023,Canton 11,Cardiff,1001,1091,1050,836,1374,1694,353,1407,29,17.5644671758949,12.7608071014425,13.6223931168635,18.732643998412,7.558983428060871,2.81863650464155,37.6962996970416,7.02241968093653,82.7761020653964,LSOAs never ranked in top 50 most deprived,786,716,930,804,683,UN1,Urban: Nearer to a major town or city,Urban,693,-648
W01002024,Grangetown 13,Cardiff,1581,1519,1897,1884,1869,715,835,1364,171,8.29601676995845,5.28939432915953,0.250051496127652,0.406218761605603,0.587739309011696,22.2197063596296,18.7593999742441,7.72408104955796,52.8520542938503,LSOAs never ranked in top 50 most deprived,1647,1509,503,484,373,UN1,Urban: Nearer to a major town or city,Urban,-866,-746
W01002025,Grangetown 14,Cardiff,1186,1232,1445,1766,917,667,890,935,39,14.7908851678147,10.0223013573301,6.4196769228278,1.87444142206829,16.6626755924952,23.7640807281139,17.3321772001439,16.2269286511038,78.8090446999479,LSOAs never ranked in top 50 most deprived,1647,1509,503,484,373,UN1,Urban: Nearer to a major town or city,Urban,-519,-296
W01002026,Llanwern 3,Newport,1469,1178,1790,1865,1287,438,1871,1190,286,10.1042883590715,11.0329420384266,1.56813118308526,0.636387717665115,9.03665727271942,33.021305903343,0.563453637325335,10.8044862496646,42.1951793598668,LSOAs never ranked in top 50 most deprived,913,918,947,1056,865,UN1,Urban: Nearer to a major town or city,Urban,-1031,402
W01002027,Llanwern 4,Newport,960,903,1190,979,864,197,1548,1409,484,18.0276900072887,17.0073910815665,10.8044862496646,15.1952826928953,17.9958410083264,49.9749820772766,4.86116486524089,6.99029948801807,30.838771086219,LSOAs never ranked in top 50 most deprived,913,918,947,1056,865,RSN1,Smaller rural: Nearer to a major town or city,Rural,-763,588
W01002028,Rogerstone 7,Newport,1465,1315,1455,882,1487,1253,1478,1248,452,10.1712029125312,8.55064588799191,6.263651156064,17.534349389692,5.77136456102979,9.64096312834053,5.90875850122173,9.73118613136615,32.3348650889989,LSOAs never ranked in top 50 most deprived,1249,1346,1152,1176,1185,UN1,Urban: Nearer to a major town or city,Urban,-212,13
W01002029,Rogerstone 8,Newport,1815,1697,1856,1726,1846,1690,1904,1420,244,4.16132525834907,2.7785113772664,0.7462243253503089,2.39420197875589,0.868883357631362,2.87224579783897,0.166398576769003,6.81443579142984,45.5422336426806,LSOAs never ranked in top 50 most deprived,1249,1346,1152,1176,1185,UN1,Urban: Nearer to a major town or city,Urban,-125,89
W01002030,Liswerry 8,Newport,561,463,697,548,757,1805,486,328,120,26.5647243901554,31.8095330905615,22.7867642695324,28.110261139583,20.9485328258978,1.37873837202441,30.748419193429,39.2738972266085,59.8202812764146,LSOAs never ranked in top 50 most deprived,778,770,461,491,611,UN1,Urban: Nearer to a major town or city,Urban,1244,-75
W01002031,Liswerry 9,Newport,1264,1064,1495,1348,740,1689,760,553,439,13.4737273435654,13.3245499924955,5.64992184469393,7.990727295028449,21.4546227486081,2.88566766807736,20.8603674538182,27.9101280144764,32.9715891768613,LSOAs never ranked in top 50 most deprived,778,770,461,491,611,UN1,Urban: Nearer to a major town or city,Urban,425,-504
W01002032,Liswerry 10,Newport,984,893,1095,1141,767,836,1170,1046,102,17.6967192618001,17.2568184537163,12.6784524717191,11.7519806533515,20.6559531098305,18.732643998412,11.1865163946724,13.7082044144994,62.888741563461,LSOAs never ranked in top 50 most deprived,740,784,1254,1218,1188,UN1,Urban: Nearer to a major town or city,Urban,-148,186
W01002033,Llanwern 5,Newport,1054,1059,1275,1457,1073,261,1327,1275,60,16.8146297153694,13.4304803198105,9.24813338387546,6.23257261418999,13.1350962451782,44.1283029373219,8.34545854747957,9.24813338387546,72.203395391669,LSOAs never ranked in top 50 most deprived,740,784,1254,1218,1188,UN1,Urban: Nearer to a major town or city,Urban,-793,273
W01002034,Tredegar Park 3,Newport,1571,1629,1847,1307,1774,1221,1832,411,112,8.43109774103445,3.70565984256498,0.856587976173153,8.68846150955214,1.77188407507363,10.2246021356279,1.04171243850744,34.4059654431317,61.1337875661468,LSOAs never ranked in top 50 most deprived,712,615,436,531,302,UN1,Urban: Nearer to a major town or city,Urban,-350,261
W01002035,Tredegar Park 4,Newport,330,170,398,558,448,1004,935,242,228,34.9419033967577,52.9702328737917,35.1036046685515,27.7117213241246,32.5289094731631,14.6290981082827,16.2269286511038,45.7144409563591,46.9574053741219,LSOAs never ranked in top 50 most deprived,712,615,436,531,302,UN1,Urban: Nearer to a major town or city,Urban,674,605
W01002036,St Augustines 5,Vale of Glamorgan,1446,972,1365,1727,1102,1070,1584,1179,620,10.5622975222868,15.3563443697558,7.70751785586868,2.38106378453009,12.5350376409081,13.1980742585129,4.34042757947471,11.0138171449293,25.3839317421943,LSOAs never ranked in top 50 most deprived,1571,1544,1463,1676,1388,UN1,Urban: Nearer to a major town or city,Urban,-376,138
W01002037,St Augustines 6,Vale of Glamorgan,1670,1666,1582,1453,1699,817,1597,1207,730,6.81724632483116,3.1965524120076,4.36905019206702,6.2947717493645,2.75180012916962,19.2464075849848,4.15524381913421,10.484676387737,21.7576090736049,LSOAs never ranked in top 50 most deprived,1571,1544,1463,1676,1388,UN1,Urban: Nearer to a major town or city,Urban,-853,-73
W01002038,Rhoose 5,Vale of Glamorgan,814,874,657,599,418,1353,929,1095,1595,20.5169036801857,17.7383144633006,24.0993044317539,26.1462866970798,34.0388982852619,7.90706778843048,16.3712622991178,12.6784524717191,4.18363676121106,LSOAs never ranked in top 50 most deprived,1493,1313,1349,1337,947,RLF1,Larger rural: Further from a major town or city,Rural,539,115
W01002039,Rhoose 6,Vale of Glamorgan,1654,1458,1584,1752,1362,474,1830,1432,1868,7.21688296413401,6.21704907705438,4.34042757947471,2.05502458376486,7.75724326334024,31.295932496239505,1.06650866519429,6.62410577943288,0.599891767833017,LSOAs never ranked in top 50 most deprived,1493,1313,1349,1337,947,RLF1,Larger rural: Further from a major town or city,Rural,-1180,176
W01002040,Baruc 6,Vale of Glamorgan,1426,1226,1747,1373,1217,543,1678,643,511,11.046735817761,10.1324265947327,2.11986372737402,7.57543996283443,10.2986094676654,28.312151008497,3.03382750759324,24.5769805529271,29.647985947346,LSOAs never ranked in top 50 most deprived,801,653,687,619,551,UF1,Urban: Further from a major town or city,Urban,-883,252
